Run,Iter,Min Obj,sigma_C1_min,sigma_C2_F0_min,sigma_C2_Fx_min,sigma_H1_min,sigma_F_H2_min,sigma_F_H1_min,sigma_F_Hx_min,epsilon_C1_min,epsilon_C2_F0_min,epsilon_C2_Fx_min,epsilon_H1_min,epsilon_F_H2_min,epsilon_F_H1_min,epsilon_F_Hx_min,Min Obj Cum.,sigma_C1_cum,sigma_C2_F0_cum,sigma_C2_Fx_cum,sigma_H1_cum,sigma_F_H2_cum,sigma_F_H1_cum,sigma_F_Hx_cum,epsilon_C1_cum,epsilon_C2_F0_cum,epsilon_C2_Fx_cum,epsilon_H1_cum,epsilon_F_H2_cum,epsilon_F_H1_cum,epsilon_F_Hx_cum,R14-sim_liq_density-sse,R14-sim_vap_density-sse,R14-sim_Pvap-sse,R14-sim_Hvap-sse,R32-sim_liq_density-sse,R32-sim_vap_density-sse,R32-sim_Pvap-sse,R32-sim_Hvap-sse,R50-sim_liq_density-sse,R50-sim_vap_density-sse,R50-sim_Pvap-sse,R50-sim_Hvap-sse,R170-sim_liq_density-sse,R170-sim_vap_density-sse,R170-sim_Pvap-sse,R170-sim_Hvap-sse,R143a-sim_liq_density-sse,R143a-sim_vap_density-sse,R143a-sim_Pvap-sse,R143a-sim_Hvap-sse,Run Time,jac evals,func evals,Optimality,Term Status,Message
11,73,21262.168354214416,3.470285337577642,3.4045672180038316,3.57135373500408,2.632571065469837,2.750704365940424,2.2149882582121854,2.929157750867179,45.60928940700015,55.903625026162764,35.9779872200539,10.000000000000002,42.769061350231205,34.88351616719798,26.305278298373587,21262.166895893602,3.4702883120542523,3.4045644097308108,3.5713543456708234,2.632565949189785,2.750704573545646,2.2149882582121854,2.9291550463193645,45.60933943470803,55.903680390777645,35.978064431859515,10.000000000000002,42.76868460127631,34.88351616719798,26.305182382450475,1.2711298027977227,207.71057688220134,298.23992635892756,6.299708964940964,18.59061767734169,752.9494558529575,678.2335695754058,12.480207121541602,8.730818119279125,2122.6454843320544,1597.0475745244964,58.75034829322482,1.4819586553353896,14.51016464102284,42.664008387091435,69.69494708399918,2.9009209950368406,23.927754860337952,24.34431419346828,31.121559401075476,515.4413433074951,80.0,1200.0,954543.4830335014,0.0,CONVERGENCE: REL_REDUCTION_OF_F_<=_FACTR*EPSMCH
17,70,21389.436049454423,3.4532691985964985,3.4919127417082323,3.7890143608450657,2.618555806700054,2.7258541242228738,3.8107846374172984,2.9306669498847144,46.20639812920268,51.10338905187458,27.834202578102474,10.000000000000002,42.496301380133694,15.54366464427925,26.422461887293128,21389.435802670887,3.453268367717474,3.491913669256021,3.789014385673391,2.6185581385059438,2.7258548438261987,3.8107846374172984,2.930666924846303,46.2064441626893,51.10339448226367,27.83420013691172,10.000000000000002,42.496302143304696,15.54366464427925,26.422452760864186,1.316536950528524,245.32122416275513,259.1788198962073,6.759843445702974,6.397293468312081,602.8859447619554,630.079041088639,7.765198840927865,5.225498387069676,2218.0148352846477,1669.7802129784789,54.12338444136712,5.003359283858424,1.7964589831821,25.333256501152203,61.19617013247129,0.5489475302072238,3.3841977188468517,10.872426277106992,31.95951379749257,491.67527747154236,79.0,1185.0,940399.8573740809,0.0,CONVERGENCE: REL_REDUCTION_OF_F_<=_FACTR*EPSMCH
12,91,21892.60345051827,3.47112683536201,3.3781380723453673,3.1165954174224253,2.6422514629678484,2.752077802610184,3.6936576029800703,2.9291855840891885,45.57214580107544,57.71280615806102,67.69845188331516,10.000000000000002,42.905572251206266,17.45077503017278,26.30109757392092,21892.603346034834,3.4711262974683588,3.378135513767349,3.1165973458505594,2.6422534820750303,2.752063095485452,3.6936576029800703,2.9291858338899877,45.57216889729238,57.71286304877727,67.69849934716306,10.000000000000002,42.905445994247216,17.45077503017278,26.30110326968246,1.2461784317705742,201.03815791390812,300.3405224813751,6.254145748286748,21.95424085986504,779.3464565905931,695.4441857067283,12.544952784959191,11.49814119626433,2072.4936126070916,1554.7456301433979,60.52885497541629,1.2989291336093018,13.759056653592927,42.514541100774075,76.44901639106683,7.053980402669217,128.65266623124276,82.42603777421539,33.417102584875416,636.8822736740112,102.0,1530.0,928737.9154767735,0.0,CONVERGENCE: REL_REDUCTION_OF_F_<=_FACTR*EPSMCH
16,82,21275.80016385731,3.469263751124205,3.3913713597777013,3.4529772451528946,2.6371359683984696,2.7395056788011125,3.011324331353793,2.929071556944078,45.658778129704466,56.7676492156939,41.62721922488486,10.000000000000002,42.85062115567383,19.584889568382092,26.300226637373616,21275.797231370365,3.4692624399922694,3.3913776590535205,3.4529793459392133,2.637144623250548,2.7394981800070206,3.011324331353793,2.9290708992907453,45.658850095522915,56.767708110795624,41.62719251148273,10.000000000000002,42.85043126629359,19.584889568382092,26.300229566894917,1.2635079903369524,196.38606237595266,299.26343542050375,6.095304347936308,15.024524871236746,722.3440183093262,658.7106096486045,10.594579764274005,9.624342927605873,2079.6175511246856,1562.9047709518168,58.39257786684323,1.4389817395461557,14.913089959622843,42.80763701603845,71.46246074200045,3.883006326022159,46.293588510430006,35.209348935430086,28.794825174713512,575.856901884079,92.0,1380.0,943420.507726667,0.0,CONVERGENCE: REL_REDUCTION_OF_F_<=_FACTR*EPSMCH
19,81,21289.126677337605,3.464491615349,3.5012387651009123,3.219129457722537,2.624011871619476,2.753420102794,3.2561523966147004,2.929722397460975,45.876891058131726,50.64497274050289,57.898011636061796,10.000000000000002,42.655777355195696,45.256780051911,26.316471321209583,21289.12152245304,3.464488542467095,3.501240955291782,3.2191328031280526,2.6240241204543975,2.753408330629299,3.2561523966147004,2.9297175206891675,45.8769409444159,50.64506653496339,57.8980853276943,10.000000000000002,42.65549218652428,45.256780051911,26.316472299977093,1.2480671041292948,202.4997358507521,289.17176763477534,6.2245019942506845,16.181686405387655,683.12591884477,648.1203702728517,11.155582899341962,6.1774168729665515,2107.627871760342,1589.2584894824765,53.46718849971714,8.146024389331577,1.8669664592637225,18.86169114716303,53.50812126589162,4.097397975848677,87.02027840335225,34.916054330882716,30.042158364806212,542.6477520465851,87.0,1305.0,949334.2608877149,0.0,CONVERGENCE: REL_REDUCTION_OF_F_<=_FACTR*EPSMCH
7,63,21287.240691858144,3.4706597240989323,3.5088451769079954,3.2111421182225026,2.6205622675902447,2.7584242509280488,3.2433914404182436,2.929126993406561,45.63221622335837,50.259830552253874,58.48526720784655,10.000000000000002,42.718608443629634,46.61828321967889,26.29228639453402,21287.238204879002,3.4706614519604746,3.5088487466790266,3.211146511413588,2.6205707535181095,2.758423534811165,3.2433914404182436,2.929127217875933,45.632205397124785,50.259821649976786,58.4852585511376,10.000000000000002,42.7184511754894,46.61828321967889,26.29226651636317,1.2800560409418296,210.49076216710165,300.04138687604495,6.31920055481809,17.72986810877694,714.3052251050814,631.2633540507741,12.368789847331733,6.303991653671393,2164.0732170116853,1633.5352085416464,55.80926938048737,8.084548064715928,1.4211356793348495,18.57313040937005,53.375043955096416,4.0548075005260955,86.58623046214427,38.578102618856256,28.207519384553997,782.4101748466492,73.0,1095.0,966855.9319577577,0.0,CONVERGENCE: REL_REDUCTION_OF_F_<=_FACTR*EPSMCH
1,80,21275.470160435485,3.471573052861684,3.5074763873216854,3.228819583570932,2.619863583733515,2.7515865417944827,2.1846771895375956,2.9290085831364876,45.57789772149002,50.30848324969797,57.072756596690475,10.000000000000002,42.67770654375754,22.155828740603113,26.291458976142025,21275.468037935414,3.471578086669341,3.5074790432516947,3.228831776253409,2.619872944328364,2.751608696644736,2.1846771895375956,2.929008540404461,45.57780187257702,50.30844572399041,57.07274676294835,10.000000000000002,42.677513140726774,22.155828740603113,26.291449393811636,1.2702920133237119,204.37168422939723,302.25784162946064,6.240755865684072,15.432220323980642,721.0073251941755,636.5827841769643,12.308801981950944,6.392087524498234,2194.2512245003504,1656.2384105039973,57.094095402212965,7.793749427714129,1.6358006880774794,19.237352051555963,53.03407292750441,4.195164895584203,88.11468415955808,35.525930532327564,29.167871848576723,974.4094977378845,89.0,1335.0,978254.6660736225,0.0,CONVERGENCE: REL_REDUCTION_OF_F_<=_FACTR*EPSMCH
6,132,21486.939523971432,3.4861734269885023,3.4264826127752284,3.2531038890860318,2.6244054916722144,2.7824245961434917,2.330708394233865,2.928781744136011,45.125850270275755,54.32774330030955,55.0371238771318,10.000000000000002,42.829551934576614,41.2829851909568,26.250448896933296,21486.939420900486,3.486173494106769,3.426481564138622,3.253103233058332,2.6244060452378153,2.782424112670456,2.330708394233865,2.9287817108427867,45.12584562780085,54.32781332601662,55.03718283515601,10.000000000000002,42.82955414703688,41.2829851909568,26.25044779008839,1.4727095655110483,347.945515103596,311.38412247167474,8.250275171682894,32.61085582494261,855.9239683942898,644.7932712905867,18.433666918669534,8.419564009132394,2114.019470928788,1597.98112970397,58.19577010856415,2.5921463922837917,22.5116161316436,43.88541235413796,52.52664605033917,5.877552897090729,102.67213236475465,48.93363253182064,27.805771046210754,863.1676859855652,139.0,2085.0,1015219.152169813,0.0,CONVERGENCE: REL_REDUCTION_OF_F_<=_FACTR*EPSMCH
27,77,21200.78948444394,3.4598885795375405,3.5819899011094094,3.5741896746242725,2.6147202443562803,2.759925015293077,2.27085580614434,2.9299582161986795,46.059454368653235,47.00213676246077,36.090215660777204,10.000000000000002,42.625868214076384,45.18211884933155,26.335583638376587,21200.789208138365,3.4598882876636616,3.5819905922037716,3.5741913293093623,2.6147185682989726,2.75992027104843,2.27085580614434,2.9299582675767555,46.05948338011183,47.00211189409944,36.09022713814831,10.000000000000002,42.62574933422105,45.18211884933155,26.335584935469804,1.2589673901584464,202.66721595318054,281.24904246239447,6.1575712188596095,15.040792700201765,628.3150331874987,611.537746825865,10.113705232262529,4.898520545330597,2148.5271968268885,1621.642973300975,50.742860569054706,20.267970786333862,6.363825460750211,5.04333408255599,38.31476900030065,0.44164154339741724,16.95538612459987,16.09267743175552,27.64938154863243,551.6591656208038,88.0,1320.0,960799.7519184308,0.0,CONVERGENCE: REL_REDUCTION_OF_F_<=_FACTR*EPSMCH
35,57,21479.189377474402,3.4652429969266096,3.52380956052545,3.1760496868055483,2.612461651736578,2.827843560806147,3.718978641731171,2.929351339641499,45.85221814468631,49.473948501099656,61.48224452449686,10.000000000000002,42.85196376082029,35.18645772454818,26.30313793324574,21479.187488737196,3.4652408510770707,3.523809156242374,3.176050944449651,2.6124619857623568,2.8278438385076794,3.718978641731171,2.9293518941211003,45.85229456709703,49.473942698888386,61.482235506431614,10.000000000000002,42.85190458575453,35.18645772454818,26.303152492075164,1.2537377423896612,190.07263891966994,294.1940631829275,5.9684853293538955,50.26925484506836,775.3021902626124,630.838865485956,16.96177651234329,5.005590721161621,2186.9321242535057,1652.140454904156,52.510563216496365,8.103671994949217,1.6153102434585895,18.168866637436736,50.05815270097759,4.2037557334214695,85.48925533869067,44.91302574760438,26.666422202502382,428.9929213523865,70.0,1050.0,992178.0848635099,0.0,CONVERGENCE: REL_REDUCTION_OF_F_<=_FACTR*EPSMCH
33,65,21803.19284502689,3.462746716982184,3.227887655695646,3.31941303984798,2.659093612496009,2.7468903155618025,3.979910356718147,2.92972346036609,45.93828100374885,68.93633281713578,49.472255872414664,10.000000000000002,42.84790253069855,19.180996761680515,26.325412755239405,21801.71250735257,3.463909452575706,3.230003067644854,3.3187087417594014,2.6636144963375945,2.7455582729774184,3.979910356718147,2.9298237553040107,45.81717070517596,68.9254259306776,49.44466116440879,10.000000000000002,42.90431478663566,19.180996761680515,26.347886587214777,1.261386520297854,202.65924753762886,286.2270230977219,6.174116382355957,24.79036641496316,774.970974988356,773.372864191424,11.677334956018939,15.42185505102756,1915.549654111715,1429.8942186436427,58.333865405101335,0.887377783677613,58.33128121537376,72.23328552762379,86.9086367641322,5.788299675909428,88.68728133029698,52.24912602133727,26.355534553642272,467.531765460968,74.0,1110.0,893190.9679022016,0.0,CONVERGENCE: REL_REDUCTION_OF_F_<=_FACTR*EPSMCH
26,86,22568.66937021431,3.4521370729761007,3.3251625690526287,3.0861570028234264,2.6512367365686798,2.7442169764266895,2.690594923182163,2.929926809205032,46.43601657905015,61.38836913956218,71.66700786047052,10.000000000000002,42.649587466070216,46.54579527222459,26.32395023036807,22568.668848166024,3.4521440552215257,3.3251594153116493,3.086154443943123,2.6512409036442532,2.744216410715228,2.690594923182163,2.929926506436487,46.435756216513056,61.3886586021409,71.66730954224349,10.000000000000002,42.64974324648226,46.54579527222459,26.323911374081064,1.2335232540072802,162.37113196824043,279.00508939459615,5.369011663921058,19.278696800592762,665.5569550884413,740.2917931976717,9.27084516831541,10.078628262797933,1838.7082760481344,1379.3858570008424,49.96969785308791,0.6064083204733224,18.462146201567077,48.44345278244084,83.40690300510889,8.343893985563698,155.16263274474858,129.90930740820235,38.555037067448524,587.9931490421295,92.0,1380.0,851317.9386254799,0.0,CONVERGENCE: REL_REDUCTION_OF_F_<=_FACTR*EPSMCH
14,118,21200.75052592859,3.45471419841095,3.558411678046328,3.4859130703969616,2.6109292803567645,2.7615255605098272,3.2789217617598796,2.9303620186510075,46.27789609496213,47.96382138422865,40.16167426381142,10.000000000000002,42.54535067760376,46.773554837623344,26.357939533360796,21200.748932344242,3.4547079969231786,3.5584086326859548,3.485915213944086,2.610923673355647,2.761527307028859,3.2789217617598796,2.9303608342238663,46.27788116673684,47.96377982387323,40.16164665458586,10.000000000000002,42.545348743813065,46.773554837623344,26.358080361746726,1.2736244762883207,210.70568752898657,271.36197070283214,6.21881001959416,14.020149759614226,591.0829209323463,605.6837464816068,9.324336175861841,4.570739658708911,2136.7291888224536,1612.6202273851416,47.86403264390944,13.298078793820553,2.6473143416264873,10.273665257941959,44.48166831774554,1.3036736583484738,35.76982611966374,21.239137016164634,27.190159470337104,844.9656448364258,137.0,2055.0,949870.5717535099,0.0,CONVERGENCE: REL_REDUCTION_OF_F_<=_FACTR*EPSMCH
32,48,21744.053588527215,3.4701896487949053,3.3614263747226403,3.9790074411788465,2.6280917564653796,2.7618671308449043,2.2512827622754776,2.929169946612154,45.604300584066834,58.45712568555821,22.57973285230903,10.000000000000002,42.70195455674435,42.858842967979434,26.31214869408073,21744.053517897555,3.4701895731323122,3.36142646496835,3.9790074808894498,2.628091980867419,2.7618670772683207,2.2512827622754776,2.9291699640882705,45.604301110664075,58.45712633171195,22.579731545033145,10.000000000000002,42.70195596389712,42.858842967979434,26.312150181711853,1.2889369429732547,216.20478727095247,296.35566882235673,6.409059294364747,22.280354023915244,773.2550725446002,691.9084778421611,14.12916215186107,7.807700464016638,2160.7910125429817,1627.361770064746,58.6754664077611,0.37181854587744867,33.838614886593255,60.554498455049135,76.19300587515407,0.8157805765445532,18.446237421919555,3.5049458961543256,28.94777725618912,606.8235549926758,55.0,825.0,944441.8703339925,0.0,CONVERGENCE: REL_REDUCTION_OF_F_<=_FACTR*EPSMCH
23,59,21442.445574097077,3.469607011839575,3.3336467650793233,3.7080146892461174,2.6416721820559967,2.739536630997781,2.221782601488058,2.929197542430475,45.65778523118144,60.58489979924913,30.404683192271776,10.000000000000002,42.73814946422136,29.55470513936346,26.298667187229317,21442.444327501275,3.46960427690917,3.333643300583655,3.7079966841717016,2.641663310086404,2.7395313426318975,2.221782601488058,2.929197258810485,45.657939883554015,60.584841460004945,30.40467211116032,10.000000000000002,42.73832316030758,29.55470513936346,26.298625285543572,1.2621186677777236,202.52181822915475,298.7157802211442,6.218245323561094,17.259471677050726,765.2894550275603,711.6816227186794,12.053591953455275,10.834984520205758,2041.4604027171886,1532.3689337186609,58.483074150840515,0.39957503109475145,26.702802573409794,55.34554389261445,81.71129829813195,1.9089912239343043,4.7741078090151206,16.311094861492872,31.75467553988619,745.7912101745605,67.0,1005.0,935061.959910677,0.0,CONVERGENCE: REL_REDUCTION_OF_F_<=_FACTR*EPSMCH
20,64,22513.247384880466,3.4733512307317382,3.1999979140980166,3.190277537418485,2.661047638804526,2.757137590984283,2.6347678919165536,2.9291382337168983,45.529847447662426,71.37107251903127,60.08556679761534,10.000000000000002,42.932178740842154,27.017118392104805,26.27654273155566,22513.24525333093,3.4733356401724285,3.199999795258766,3.1902732027479166,2.661054602403137,2.7571422573077586,2.6347678919165536,2.9291392606285793,45.530186699641106,71.37120307997101,60.085655640172845,10.000000000000002,42.93192175818389,27.017118392104805,26.276684837180508,1.2298466066834826,198.23115584907234,306.3936042622058,6.25279222327363,32.57731403399069,876.7210991849797,790.9392153506902,15.178933051747721,18.599716472984444,1938.3587449378758,1443.631105320292,61.97581250565946,1.345734644325652,91.600354819627,84.49915175944423,88.29879105594844,6.642662549223024,162.256745620508,85.85322859836906,24.99923845315548,800.6687805652618,75.0,1125.0,878863.5515431477,0.0,CONVERGENCE: REL_REDUCTION_OF_F_<=_FACTR*EPSMCH
2,98,21285.633404194545,3.462044019311133,3.678494809647668,3.186846353747543,2.6021314762919197,2.763616052409777,2.3962029781697574,2.929799780720938,45.990982032516726,43.445889903521945,60.707989144134594,10.000000000000002,42.575924449615115,17.97654739794223,26.32113919728656,21285.621122783876,3.4620502066421768,3.67860122079679,3.1868810883565564,2.6020881835163623,2.763418027875084,2.3962029781697574,2.929756467968263,45.99078120923183,43.44608332449333,60.708124211670935,10.000000000000002,42.57415793462491,17.97654739794223,26.322166229087866,1.263620195718901,204.10746106439194,285.5788406252564,6.184514006483884,13.185954309081504,604.4582976228994,568.7073215512976,10.118248883431846,4.644839604907085,2235.705074329531,1689.999553684209,49.89734341352815,46.999169113312625,6.48730628149402,0.33683804728593847,21.08477492197783,0.7142944924338889,33.89553124020512,18.31571745517945,25.011172803794384,1161.6529083251953,108.0,1620.0,981935.2094390057,0.0,CONVERGENCE: REL_REDUCTION_OF_F_<=_FACTR*EPSMCH
4,178,21286.51356777158,3.4630110983213678,3.6567576856458577,3.1503717784476204,2.6025046384117094,2.7636582093375486,2.5872282967473588,2.9296176477787235,45.895944546780555,44.19596815666434,64.09091559845207,10.000000000000002,42.653348196683844,32.20506057481184,26.334615883625688,21286.51273834361,3.4630135694875768,3.6567613577820666,3.1503697694242034,2.6024959762189637,2.7636539236126674,2.5872282967473588,2.9296197752375934,45.89597448563203,44.195566911424145,64.09095092434241,10.000000000000002,42.65327031475423,32.20506057481184,26.334680153583893,1.2721643043563926,204.2915124363474,285.61512906716877,6.180898987002736,13.324035265870911,617.211529892153,566.4827090470736,10.190094772431362,4.740051745035576,2302.1958937473796,1739.172138973936,53.03304105377368,37.46698258319043,6.743015338373885,0.54656916316596,26.323700788626738,1.3428708054493483,34.88799004985944,23.256236950735826,26.195497271286523,1146.3058037757874,184.0,2760.0,1003240.5605793921,0.0,CONVERGENCE: REL_REDUCTION_OF_F_<=_FACTR*EPSMCH
13,88,21303.645738456886,3.472616655067254,3.3731425702717592,3.466218866344683,2.6363607235714053,2.7454069432995487,2.7602823452471004,2.9289031777956342,45.49194828493159,57.82218558587963,41.18696229709979,10.000000000000002,42.78809916944489,37.04011274575476,26.301881831786705,21303.644922001644,3.4726184555398456,3.373144470113862,3.4662178305720097,2.6363657729424848,2.7454000813564763,2.7602823452471004,2.9289031988589582,45.491898800919444,57.82220725879838,41.18695037066746,10.000000000000002,42.78790191023256,37.04011274575476,26.301870419772044,1.2709582276092866,204.78319139482807,302.4825645978757,6.262279740054746,18.282212792338996,785.8114580880233,697.3159963595548,12.930119342525607,10.247466546551586,2138.2439278610896,1606.5305862770347,61.5592193161154,0.9546388721652074,22.329748220120194,48.9255393990548,70.05202173652236,4.998395194308632,51.35927273482863,26.576815627330838,34.15738213115492,1031.5687220096588,95.0,1425.0,954598.3437569865,0.0,CONVERGENCE: REL_REDUCTION_OF_F_<=_FACTR*EPSMCH
60,66,21913.299496836597,3.464275614254225,3.3903871799832292,3.106342586655368,2.6372760460626288,2.7656656698959203,3.2966255123262487,2.929864696199271,45.8607631168975,56.80045229220207,69.06964047515439,10.000000000000002,42.72626787717034,30.012631691046607,26.32815041496772,21913.297272922122,3.4642786642447723,3.390389489954134,3.1063418825857143,2.63727677705605,2.765676626752824,3.2966255123262487,2.9298646895556706,45.860666030243074,56.80039672775012,69.06959944555673,10.000000000000002,42.726321668686836,30.012631691046607,26.328130344025084,1.2402598578440749,205.67411680217384,286.76396437017115,6.3164661375369135,26.10129067928316,759.5743365209106,723.1317801548122,13.412823935125841,8.850933414314554,2050.5474703023774,1541.1817608208817,56.173813295005104,1.5481929902212215,15.884864550163963,42.887581034084796,69.27845098953446,7.6587139952769085,126.4761515160939,87.2441266839389,35.88960249041854,454.0172038078308,73.0,1095.0,921000.5525769041,0.0,CONVERGENCE: REL_REDUCTION_OF_F_<=_FACTR*EPSMCH
29,126,21193.207625573323,3.472085683555217,3.549180409077113,3.3552752796900362,2.6220410383453965,2.7612126482803308,3.499716621452287,2.9289276558074855,45.595678207841054,48.4535205481204,47.879679391674586,10.000000000000002,42.63041564558785,31.275051854722715,26.277650294501512,21193.206996334928,3.4720855140608196,3.549189188954202,3.3552805345545393,2.622041277214515,2.761212751116717,3.499716621452287,2.928927663661354,45.59568553793659,48.45308594139782,47.87935104431876,10.000000000000002,42.63042439581879,31.275051854722715,26.277652299142883,1.2848163273782949,207.73136517729932,304.44187459644064,6.255257324065432,20.19295745832145,750.2873739140707,664.211844601446,14.018249392463762,6.575829559275124,2139.9020937736655,1615.41668858658,55.57967592874989,15.397769080814339,3.904429177077715,8.600880629927367,45.76244848793844,1.9857173999260742,59.7300657743659,24.139187337099088,27.600953729362775,832.2671236991882,134.0,2010.0,959984.3716827055,0.0,CONVERGENCE: REL_REDUCTION_OF_F_<=_FACTR*EPSMCH
55,76,21213.981436680177,3.466406907200206,3.646515061441308,3.499117142147363,2.6054194153740884,2.7623686640552036,3.929977848221827,2.929480856597962,45.838885035772016,44.54996667975105,39.59581006714391,10.000000000000002,42.64504863694257,42.81024229146633,26.296660810951288,21213.97836402887,3.4664019967118724,3.646518220077344,3.499106216224644,2.6054239555867027,2.7623872304518473,3.929977848221827,2.929480447452985,45.83891221753897,44.550008573180605,39.59579363025747,10.000000000000002,42.64523586432442,42.81024229146633,26.296712790083205,1.2715186179777205,207.12663072354312,293.94511462745834,6.245535531409408,13.89179542489299,626.3599676341764,565.6095901060195,10.562402041496156,4.657076668400659,2210.8816207345817,1672.471411096647,50.991429679028286,35.33592471621303,7.416596548407158,0.726309603478501,27.577032997033786,0.13702886247647691,21.963627341835128,15.595006390950754,23.961065661393743,514.2531967163086,84.0,1260.0,980700.624881848,0.0,CONVERGENCE: REL_REDUCTION_OF_F_<=_FACTR*EPSMCH
9,105,21246.49324637567,3.462379880506403,3.670020894607692,3.412832726085479,2.6070239126436845,2.7565617551487187,3.846049071092966,2.9296453383854395,45.984405358570605,43.7564149347217,44.20013234293589,10.000000000000002,42.626206805891115,45.100978203901086,26.31616482510922,21246.491293541163,3.4623761056732363,3.670016129710622,3.412828466895845,2.6070320662823887,2.756556510341091,3.846049071092966,2.929647698690041,45.98442201069738,43.756238477117904,44.20011146468867,10.000000000000002,42.62622963201672,45.100978203901086,26.316226207127432,1.2779834581851137,204.0645399564503,287.0414971769938,6.14022694264732,11.9025204072555,601.1674779050336,567.3086754798634,9.496028227667756,4.628148106508579,2191.8043911010036,1656.524038183068,50.03171266818728,45.629143516535436,7.569738206549214,0.2907944297417138,23.312015691450277,0.0808532294372405,29.41388587304183,14.817296950693471,22.885101638652273,1187.1407415866852,113.0,1695.0,969322.445347395,0.0,CONVERGENCE: REL_REDUCTION_OF_F_<=_FACTR*EPSMCH
22,86,21687.848937875227,3.470180301422979,3.324795633583424,3.2175477840979894,2.6472812033021476,2.74047418039281,2.363225702661527,2.9292213134015395,45.65072028955551,61.29053118734251,57.627285564164275,10.000000000000002,42.785612124579394,27.081021790432523,26.302339516277968,21687.84882871814,3.470182815662828,3.3247962181854818,3.2175451290050394,2.6472804307144067,2.740472047515345,2.363225702661527,2.9292213501906166,45.6505751678708,61.290527137697815,57.627280597874496,10.000000000000002,42.78566429049578,27.081021790432523,26.30234726492381,1.3135400191434243,228.55191017011236,296.0920213240427,6.556079170690885,19.2925809689496,781.2183943483084,726.7710257424212,12.28644121602267,12.56270893729486,1996.9424565345937,1496.3608017197362,58.708979377830744,0.5152788684424183,23.47085794849601,52.21489747542914,80.73529459237406,6.653926993967905,121.31913746522685,55.643195868238436,30.387988668886763,957.3762781620026,90.0,1350.0,928346.1051372937,0.0,CONVERGENCE: REL_REDUCTION_OF_F_<=_FACTR*EPSMCH
45,93,21449.15705073204,3.4654017055554522,3.293773737011522,3.4779169524196663,2.645920667849037,2.7486600651535786,3.458637838722246,2.929466005495459,45.80030899884382,63.49009948472607,39.95495319049288,10.000000000000002,42.766903815171325,37.33765487171168,26.327244049305293,21449.153280334252,3.465410225329142,3.2937829579141136,3.4779086547097937,2.645926525870939,2.748667732460402,3.458637838722246,2.929463050854838,45.80013495170394,63.48976810198194,39.95477331483026,10.000000000000002,42.766736512764,37.33765487171168,26.327182088871748,1.2823438695998732,210.03017191079633,288.96170792864734,6.277834137980523,21.70813345464063,770.097657389592,739.9376249349344,12.356335963683057,11.555392211320502,2023.9829663811527,1517.0045480276324,58.669950494882116,0.5512094718380299,35.663583345431704,62.24459785620792,85.85601243927499,4.64689417176207,38.409858913030014,39.19988975193291,28.148641437489815,700.5198032855988,113.0,1695.0,935383.8482935663,0.0,CONVERGENCE: REL_REDUCTION_OF_F_<=_FACTR*EPSMCH
63,66,21242.268705674644,3.4837548117462784,3.5207173335971294,3.4137287880016007,2.613618280160645,2.7512959218230524,2.2150177523703354,2.928263707374053,45.112684304505876,49.645649723801164,44.175628487345584,10.000000000000002,42.67927790225067,28.25032076377108,26.24122305835286,21242.2506726247,3.483748969894431,3.5207137269709428,3.41371000603156,2.6136113131109346,2.751318286798363,2.2150177523703354,2.9282670956818353,45.11287368814318,49.64562951442484,44.17555972734019,10.000000000000002,42.67919266850406,28.25032076377108,26.24126230751642,1.2657874189136098,212.2924701945422,324.71179001266864,6.455418038659255,15.538123843751846,792.5888175765758,624.4714294814546,14.824392757679789,6.7771165565843,2301.191695071108,1741.394092104873,62.1677050771047,7.769697909017649,1.1412352375334325,18.626136358925514,52.09887879650805,2.7212056259306294,57.334082880569795,30.332573509351032,26.416454787219426,478.2534008026123,75.0,1125.0,1003730.9237702787,0.0,CONVERGENCE: REL_REDUCTION_OF_F_<=_FACTR*EPSMCH
47,98,21629.37374964583,3.4662345715560465,3.2478949483906105,3.377268930503228,2.657002038563485,2.7459397564116186,2.523099103665974,2.929554687404268,45.78022817089457,67.27799612442918,45.71658848332836,10.000000000000002,42.857770535201944,35.03417893521273,26.3205202847763,21629.361778246595,3.4663987225398794,3.2476269120056878,3.3770099480688422,2.6568631631847395,2.743477470465862,2.523099103665974,2.9294247056466496,45.77922793138365,67.28354796970433,45.71810643069099,10.000000000000002,42.86341496497836,35.03417893521273,26.31158588664211,1.2652780079953576,209.181349393068,290.4513973071506,6.3185614176623695,24.308030269987064,798.3586390956275,769.4292279152029,12.373513235951544,15.540502464950407,1958.7082251829768,1462.3037498858387,60.18854131461926,0.6934382373773114,44.312622944557965,65.77679010412251,88.1857361293386,5.506963003243558,66.8770845145905,43.49654810193671,28.194271741163934,654.9691171646118,105.0,1575.0,898208.8323520118,0.0,CONVERGENCE: REL_REDUCTION_OF_F_<=_FACTR*EPSMCH
54,84,21195.37101226905,3.4574205316006212,3.4970807865552196,3.434180376425455,2.6179346767291225,2.7588116130991653,2.879661628417145,2.930117177755739,46.14787596549785,50.78161549445223,42.85184578900095,10.000000000000002,42.57351197152449,32.20408025059274,26.356092650658823,21195.364941432443,3.4574185537347795,3.4970814394106817,3.434180539204919,2.6179312118999847,2.758816580149965,2.879661628417145,2.9301169722445293,46.147808751834816,50.78169620712733,42.851927121927275,10.000000000000002,42.57377967796504,32.20408025059274,26.356128612684053,1.2957785750070834,218.82649159984064,274.3407406865526,6.33371595369833,15.603363978209844,635.0224007407293,639.086848085296,10.226507663182737,5.024255855169324,2124.849538662154,1602.6260675620292,50.55294453114835,6.0012209916892765,2.167452982187915,23.290653566541103,55.04031959816976,2.7967922057266246,51.81224714479021,27.3483901069486,28.548143912175878,593.0569775104523,92.0,1380.0,967118.5212827685,0.0,CONVERGENCE: REL_REDUCTION_OF_F_<=_FACTR*EPSMCH
3,209,21238.119086965373,3.471807319579729,3.591672654567117,3.2318449968210077,2.6112269413766414,2.7584814091775165,3.066330569946034,2.9290501497198242,45.58238452552173,46.617086230475095,56.82055107602187,10.000000000000002,42.67004361647097,49.61013811172732,26.284555266801902,21238.11743779017,3.4718066239408127,3.5916814743376775,3.2318477981687237,2.611228470628746,2.7584807795263453,3.066330569946034,2.929050600695446,45.582405555198356,46.616770097489336,56.82024814069805,10.000000000000002,42.67002463214861,49.61013811172732,26.284540047219274,1.2546074513067607,199.83665076084404,303.74660884523587,6.199706470605939,15.29232408344997,695.1639658504255,602.0360048968965,12.206345730975933,5.353565918175708,2244.9643990009413,1697.3509551142336,55.904997055351934,20.86611679014738,5.6288918494426685,4.496775361627574,38.21836418970607,2.078516929521242,64.5621758169032,27.518622826651132,25.928644649096885,1390.0655961036682,223.0,3345.0,1002398.0410202451,0.0,CONVERGENCE: REL_REDUCTION_OF_F_<=_FACTR*EPSMCH
52,95,21543.40105907582,3.4592779275766135,3.4307564007844875,3.156972879785165,2.6334213174003462,2.7532335916257065,2.263681950055004,2.929929032856679,46.03228414984829,54.409210318592756,63.428634197802616,10.000000000000002,42.75431220888915,44.50149440674975,26.351455387233205,21543.400424136857,3.4592780712070352,3.430757057383051,3.1569719805966323,2.6334243321975843,2.753223822160476,2.263681950055004,2.929929183015978,46.0322833822863,54.40924293369777,63.42865660183255,10.000000000000002,42.7543016069501,44.50149440674975,26.351478024543262,1.247496436994973,195.66187444045124,279.5768201965718,6.062383063432434,17.97804941024026,681.1093659446244,674.672003228874,10.303005282493888,7.502487573652489,2079.347733673101,1563.677116241929,55.0822408800358,3.1658955155682538,7.949391869164636,33.79726232847576,64.6207718328676,5.911994346777804,107.36107168125778,54.04390544570562,32.27014858391931,646.3248779773712,102.0,1530.0,953628.6768314067,0.0,CONVERGENCE: REL_REDUCTION_OF_F_<=_FACTR*EPSMCH
39,109,21371.992988617436,3.467369487699648,3.484080099442645,3.177722264729041,2.6244684571393533,2.7592662479900048,2.9537646670423867,2.9294151159912287,45.780510453666224,51.488491340829626,61.617146540603116,10.000000000000002,42.571972787465775,19.818195933096113,26.297403968281145,21371.992121895488,3.467370438093129,3.484080064156154,3.177728694836006,2.6244668439588024,2.7592690832530344,2.9537646670423867,2.9294155023529385,45.78048694056887,51.48826067950551,61.61696134163408,10.000000000000002,42.571859454725384,19.818195933096113,26.297371815314442,1.2594368617441898,202.63320726449575,295.61982828960765,6.2071431792249525,19.714935007837536,731.5640595453583,682.9676336940219,13.331364630511304,6.44810142697727,2100.116633129923,1584.1049446681832,53.836473846397624,6.114976960420778,2.5043451014445517,23.511497090207385,56.678602149905,4.986485256943504,93.84507404283644,43.320817444745686,30.741448116835393,830.953690290451,132.0,1980.0,952393.3282986566,0.0,CONVERGENCE: REL_REDUCTION_OF_F_<=_FACTR*EPSMCH
21,88,21188.69454641907,3.469842778671706,3.5651350328105753,3.3408813396583015,2.6119263566262143,2.7592739953631122,3.7097958853948043,2.929238027632505,45.6559013040159,47.70739600391136,48.60209905042032,10.000000000000002,42.695823230330284,34.91002967466505,26.29855757701912,21188.69428366123,3.4698440187908517,3.56513536540267,3.3408823902515787,2.61192620429908,2.7592687974801655,3.7097958853948043,2.929237927822487,45.65590176198036,47.70740301148419,48.60210928127406,10.000000000000002,42.69569526111833,34.91002967466505,26.298540700715034,1.271418648436195,209.20511192567608,298.1245353477946,6.318609606301138,15.304905772077925,680.1004636081989,597.1672765129744,11.651624603550845,5.293514269734112,2232.6174321965577,1687.3545204636303,55.22866368166417,14.767158316728754,2.936611013552982,8.705368942369434,44.32582733598664,1.9614321736138243,61.866832358374495,28.386557990406075,25.075489390359998,1066.1990194320679,99.0,1485.0,986386.7496961805,0.0,CONVERGENCE: REL_REDUCTION_OF_F_<=_FACTR*EPSMCH
56,91,21169.457278398157,3.462666111637061,3.5297581573546477,3.4413753581655686,2.620119028412261,2.756271905252545,2.3595885953859486,2.929698973116819,45.94553266056238,49.2951769424693,42.5634016267836,10.000000000000002,42.643404596053024,26.211176403771095,26.326326670636217,21169.456477047595,3.4626678226749705,3.529756206394288,3.4413410328248077,2.62010332131781,2.7563604806448923,2.3595885953859486,2.9296979064336264,45.94576817544855,49.295003475095236,42.56304208774285,10.000000000000002,42.64360609007001,26.211176403771095,26.32627510895057,1.2766465158115348,207.90482529794218,285.58505066935396,6.226398843657787,15.780202649232129,661.9627922761615,633.8842849212771,10.776619785364272,5.5429729932345335,2128.7728955916596,1605.9500361722799,52.523690596561714,11.115250299388364,1.9076402439110083,13.420548955138297,49.654628796796736,1.8476071513546135,45.15983847521724,24.09056133952944,27.70773126164582,620.051242351532,98.0,1470.0,948079.3764076761,0.0,CONVERGENCE: REL_REDUCTION_OF_F_<=_FACTR*EPSMCH
42,109,21538.43782843774,3.465817271725282,3.2893740579844177,3.3488542516098407,2.6501388072640193,2.7367376588599552,2.7048592604328174,2.9294618072935434,45.78970983724931,63.887706657101724,47.54532879613547,10.000000000000002,42.86463242222117,43.269444318927334,26.324779844403302,21538.433171832963,3.4658292339294827,3.28937993290218,3.348853598879662,2.6501319477846503,2.736745897290059,2.7048592604328174,2.9294634988732677,45.789639223598286,63.88796121614309,47.54545328436536,10.000000000000002,42.864527420822824,43.269444318927334,26.32467057749608,1.2852612637384966,212.4483314918053,289.46977468138095,6.316939616590608,17.64276808319756,746.1129071363051,715.2508668845392,10.59532060304634,12.970205071644994,1997.6977846331251,1495.237170605186,59.204791182166716,0.4883498393398551,31.92609938686723,59.30842268979672,83.90402222791363,5.782731330297373,76.09142191616638,45.39379995037199,28.667471851899492,809.8902008533478,127.0,1905.0,923852.6917417027,0.0,CONVERGENCE: REL_REDUCTION_OF_F_<=_FACTR*EPSMCH
72,57,21306.107779822712,3.464111130178251,3.6849351405583604,3.149083424081833,2.6037726837902433,2.7547171319071313,3.5489545320301588,2.929624183718106,45.914182221604996,43.216278608246945,64.45966688415709,10.000000000000002,42.65817358243724,16.45162778517746,26.313103209483447,21306.106417882576,3.464107295271219,3.684934882184334,3.1490820254641543,2.603776815500206,2.754724596891467,3.5489545320301588,2.929624221791969,45.91435740242232,43.216360140991185,64.45964241207119,10.000000000000002,42.65809475549347,16.45162778517746,26.313169966190216,1.281988086316332,211.02133147677125,288.6166927159266,6.274903774606045,10.56166735171978,591.9758626809655,544.7572229591667,9.194413161812871,4.6326575137869535,2228.3797319356813,1684.9708102895252,50.6352966048505,51.63967825702266,6.6591662631703885,0.5413024095990226,18.785106101409763,0.7999747539826929,24.57110178533692,17.985471615424338,26.472492394967887,439.4948160648346,69.0,1035.0,989825.3674573351,0.0,CONVERGENCE: REL_REDUCTION_OF_F_<=_FACTR*EPSMCH
50,61,21358.645183333898,3.4715605140865318,3.7311430700519628,3.416943917212267,2.593034884583143,2.759644738474596,3.549793293449195,2.9291876461888586,45.65759206710476,41.687501514799685,43.966497700868274,10.000000000000002,42.63003897916005,34.01082505833332,26.27228268380375,21358.636682692726,3.4715539675520564,3.731139877861953,3.4169355405792086,2.5930252221957275,2.7596410484971923,3.549793293449195,2.9291874298824903,45.65775539868975,41.68758619860923,43.96651670486015,10.000000000000002,42.62982814736701,34.01082505833332,26.272303182751504,1.2855364828155553,217.39513904887662,302.5499256898854,6.42600163809443,10.432545809289067,605.1838420923842,513.1014933139213,10.256342129868074,4.775736504353375,2320.9428185770057,1759.4056690986192,51.8558619157038,73.0345832973142,3.170292127694427,2.922985616671109,9.277306596433712,0.06724225224055416,18.562115801561998,14.718640822877079,18.662740151623797,737.4127113819122,69.0,1035.0,1043124.4156925037,0.0,CONVERGENCE: REL_REDUCTION_OF_F_<=_FACTR*EPSMCH
65,79,21262.71938829425,3.464721754673131,3.4204325831165643,3.3600366205987475,2.631422117028012,2.7506832200916436,3.822038479313936,2.9294848557421056,45.838975500057536,54.942512582964284,47.24189227568299,10.000000000000002,42.72858546958198,33.08472259186643,26.322736647016796,21262.717830219754,3.464727040648806,3.4204307180188898,3.360034228028425,2.6314173295892527,2.7506712114567926,3.822038479313936,2.9294838779646613,45.83887607219153,54.94250330157624,47.24186391092385,10.000000000000002,42.72845417736708,33.08472259186643,26.32273645320135,1.2691080710123597,202.27123736427444,289.5010454633372,6.161626871302391,17.327428494077907,707.0322082920158,670.6196267304795,11.217213193035494,7.642207973646222,2092.1284456016415,1574.5874346198614,55.80380940239836,2.2762094585370547,11.64459227570673,38.47868181583124,65.11193868060289,4.685853719112681,72.39836515184022,34.91374843258875,30.117900590241106,577.9342350959778,90.0,1350.0,931151.6054111718,0.0,CONVERGENCE: REL_REDUCTION_OF_F_<=_FACTR*EPSMCH
49,111,21378.207709592436,3.4736023525374593,3.335346124567604,3.5731922613429283,2.642658646333595,2.750254016382468,2.007587344818685,2.9288730679421477,45.460634803482606,60.484774258574525,35.714406014492276,10.000000000000002,42.90443063803747,28.12065802379008,26.295301372624746,21378.20762773004,3.4736019528815136,3.3353479466263654,3.573192786461909,2.6426588708357652,2.7502612089475376,2.007587344818685,2.92887376811016,45.46064137008176,60.48476423643143,35.71441192612852,10.000000000000002,42.90449461631268,28.12065802379008,26.29530722107534,1.2646782927770164,203.9432402554261,304.62108597846526,6.2691268350482865,21.946356844165493,804.8866784453945,704.2485176567111,13.191784121266966,12.222722036509461,2097.1151457526184,1572.5420717114855,62.39213882362041,0.4375050309394941,25.135720220094242,53.87422195290575,80.96662777990385,3.4743940480135898,21.11023869216865,26.276087185471532,31.11109012323815,755.0738296508789,119.0,1785.0,954010.8829062976,0.0,CONVERGENCE: REL_REDUCTION_OF_F_<=_FACTR*EPSMCH
24,95,21288.48865002862,3.469187353180886,3.6393766626721487,3.144648879233904,2.607025543483323,2.759544152122286,3.2436124634808303,2.9292745825111908,45.71025352767688,44.828990327465064,64.9624449557652,10.000000000000002,42.6964880343751,42.485360987756664,26.286891220347137,21288.46647134312,3.469193117758892,3.6393372286217462,3.1446190663114155,2.606948013139097,2.7595559633160045,3.2436124634808303,2.9292738437538572,45.709608774320614,44.829187126863104,64.96250080653934,10.000000000000002,42.69889187885553,42.485360987756664,26.287895043417535,1.2484866006115107,197.58042405817343,299.9660181175766,6.1540558677629065,13.634312138046123,644.7353244714506,565.4265878779194,10.788823086128538,4.849187026344602,2235.092620092992,1690.7740534102384,53.22688103707969,33.111083225613726,7.32243876643914,0.9515743155774168,30.130972744958495,1.801878263904801,38.7178490050232,24.253385194382815,28.2499895087928,1066.4831931591034,105.0,1575.0,982211.4775650976,0.0,CONVERGENCE: REL_REDUCTION_OF_F_<=_FACTR*EPSMCH
76,57,21253.519400487534,3.470652197470929,3.6602326676287733,3.593597044114356,2.6007480171425184,2.760873211641672,3.402760589266692,2.9291611938220967,45.632265026707756,44.07486326778031,35.16419554781418,10.000000000000002,42.654735638332504,19.567873496874313,26.295753588416087,21253.515099548655,3.47065397872347,3.6602443166570744,3.5935954445922427,2.6007581425849553,2.7608553808485645,3.402760589266692,2.9291626406018696,45.632464237521894,44.074945579659186,35.16414532427505,10.000000000000002,42.65464256393287,19.567873496874313,26.295744986166515,1.292834948851434,217.87885448075068,298.70639005220477,6.420974999381335,12.914266191355594,648.179463147129,556.802276842451,11.208620043621972,4.768848423655257,2318.3201666118093,1754.7331269432982,54.625859756190884,37.83554119037535,6.382599148009706,0.5278507190609986,25.880456633425016,0.06197889617190685,9.00838824799673,14.613200853959203,23.73519821676978,422.22860956192017,67.0,1005.0,1005064.3885969542,0.0,CONVERGENCE: REL_REDUCTION_OF_F_<=_FACTR*EPSMCH
57,59,21334.139575295267,3.4764785573335786,3.700235491261941,3.2150279567770648,2.5995522281458068,2.7750044062563015,3.5857113559537748,2.9287129574985027,45.43211496609847,42.70571591911565,58.36983356280264,10.000000000000002,42.76058788734632,25.335107803994674,26.245547268800646,21334.138669202744,3.476479123997973,3.700235743992046,3.2150286554977745,2.5995542187529406,2.775001856077826,3.5857113559537748,2.928712969624814,45.43208631544139,42.7057016890304,58.36983263376628,10.000000000000002,42.76060452894227,25.335107803994674,26.245553671820954,1.2101411654176302,180.90887371851082,317.6728191973821,5.980416301533535,18.06352562768827,685.3219532544096,542.0516779500141,12.913437380308807,4.835022233148541,2332.2650904436623,1767.9848756183667,56.052134878551804,57.14926795115674,5.239653499988616,0.8548554283342105,15.729709145557628,0.37090456425632834,31.765396714772628,17.677051125912115,22.947100836979804,683.3436651229858,65.0,975.0,1031615.4144328169,0.0,CONVERGENCE: REL_REDUCTION_OF_F_<=_FACTR*EPSMCH
73,79,21248.64774080995,3.4685101636261777,3.6652503688943905,3.3396115815940175,2.6038424595078693,2.7675000927332754,3.072016989479127,2.9293329921546056,45.7236853545558,43.89206570053209,48.84580428010606,10.000000000000002,42.71629660786694,32.92213596333716,26.297903453903462,21248.646417957556,3.4685081608428407,3.665258292739289,3.339582658561287,2.6038638481567626,2.7675003738778825,3.072016989479127,2.9293322810329183,45.72343143267202,43.89171189707287,48.84566842183376,10.000000000000002,42.716651133997125,32.92213596333716,26.298139751604,1.2661761143076238,206.1464703733492,296.72457144793583,6.2641920025634645,15.406523986030715,642.8953952517487,557.8432647904862,11.094737273585567,4.754990244595449,2271.7124511652655,1718.5372187318567,53.40064406868175,42.12911089226868,7.153566738439772,0.372902048128564,23.55277673457967,0.36586076245577154,41.87111735906828,16.158459776657885,23.679169004717487,522.5474257469177,85.0,1275.0,999598.7616904756,0.0,CONVERGENCE: REL_REDUCTION_OF_F_<=_FACTR*EPSMCH
51,110,21263.151408869253,3.470422723919598,3.5804192053028574,3.195646805124455,2.6070095795015256,2.7657156781422048,2.888234214033228,2.9290835985050556,45.63257806439843,47.0271282876065,59.967281467496555,10.000000000000002,42.756961996847124,26.016799056340574,26.291940483329803,21263.151370158994,3.4704232705901634,3.5804186118681365,3.1956473014420017,2.6070102924800036,2.7657124325712443,2.888234214033228,2.92908367821418,45.632552189414525,47.02715084593332,59.96732106493082,10.000000000000002,42.756961380351555,26.016799056340574,26.29193208720782,1.265832449091349,201.5216116160122,300.9576875709505,6.190671411671689,15.90067244110078,664.5462172345647,566.7641104093477,11.450847242327018,4.992276410198125,2275.124964314955,1720.683999055555,55.23391725128832,16.594809714593758,3.932412560201722,7.158590315678439,40.08722944162073,2.9887223595883414,69.62075328540723,30.622321204439178,27.460779562573126,788.6891283988953,127.0,1905.0,985191.6008315015,0.0,CONVERGENCE: REL_REDUCTION_OF_F_<=_FACTR*EPSMCH
31,88,21272.373367095468,3.4672223628388714,3.570650250746175,3.1773712903655484,2.6159631104606818,2.7585374942158545,2.2266838455351805,2.9293402103843307,45.77190159372799,47.55685589305398,61.58845738515274,10.000000000000002,42.67367966444041,31.732537735124087,26.302819872399336,21272.372837453004,3.467220830675015,3.5706504271308646,3.1773695061011242,2.61596436779139,2.758539961758621,2.2266838455351805,2.9293404302678154,45.77192576111743,47.5568598077819,61.5884580124338,10.000000000000002,42.67366568467112,31.732537735124087,26.30285170608946,1.2721413320509403,204.63139880435887,294.84532753511627,6.208425031675145,15.891226975367413,675.243915735557,613.9507208576675,11.411920778806515,5.426083157694309,2174.108250681954,1641.987456947341,53.72903557730894,16.76130401000449,3.5576157976446248,7.159300822425399,46.45760254361846,2.8483820452195254,66.09912993643526,31.304258872884006,28.405704362802915,1071.8221354484558,100.0,1500.0,981295.9437672007,0.0,CONVERGENCE: REL_REDUCTION_OF_F_<=_FACTR*EPSMCH
38,77,21270.23836839349,3.4609200930666804,3.6900544074714863,3.456499552231529,2.601103483073632,2.7615996554526303,3.8031251693386423,2.929761880107698,46.0388468662487,43.036338141007505,41.775747757889,10.000000000000002,42.50182770911993,49.13725119946003,26.327269659364564,21270.238365023804,3.460920070464013,3.690054405937928,3.456499516542348,2.601103512156488,2.761599586775865,3.8031251693386423,2.9297618872351006,46.038847283785884,43.036338565537406,41.77574816097065,10.000000000000002,42.501827866835825,49.13725119946003,26.32726988180952,1.2953399744032517,212.46797239647165,282.97976710344966,6.236691605009696,12.45113150394289,602.0314059551072,578.0944788263972,10.14870559929094,4.671164210482557,2234.0788492095526,1688.6129251238708,49.21421646128061,52.76792259974347,6.051426102181824,0.6695496266758874,17.5822376558293,0.0069749088726912805,21.351713479696276,12.716612756513422,22.572609643166924,969.6365413665771,86.0,1290.0,987640.6883016765,0.0,CONVERGENCE: REL_REDUCTION_OF_F_<=_FACTR*EPSMCH
40,141,21167.516850764296,3.4681664952177655,3.5412184740634727,3.412003742662563,2.616265796711983,2.754997033727809,3.047792271332263,2.9293356321601474,45.700359424168674,48.77147432187233,44.19182040688047,10.000000000000002,42.69394845193433,41.95524847092323,26.31337066954922,21167.51671023351,3.4681655159934537,3.541215880610164,3.412000540616754,2.6162664956317556,2.7550017592277425,3.047792271332263,2.9293356714018426,45.700345329461115,48.771510941629934,44.191828187099645,10.000000000000002,42.693970299298165,41.95524847092323,26.31338911423278,1.2768605331233716,210.913795174788,293.9689363727925,6.328909955437015,14.919714478515207,685.3856647099262,616.1220353483757,11.399625629917004,5.67469867728037,2214.8973377155826,1672.087521999064,55.86775880114893,11.575432622414748,1.6092537924872121,12.40589611108976,49.30841625699239,1.949609880892333,51.41116312569386,26.03695409884888,26.62031442768789,935.4184966087341,149.0,2235.0,980080.5313594308,0.0,CONVERGENCE: REL_REDUCTION_OF_F_<=_FACTR*EPSMCH
28,181,21174.61932066963,3.4722197372067902,3.5616014101346023,3.444861412737606,2.615139661459931,2.763474019316681,2.4078124504662437,2.9292023000095675,45.57005597394541,47.87511018940348,42.600602454549026,10.000000000000002,42.79635143344535,22.41860576252866,26.28314411778581,21174.50849297426,3.4723104272585212,3.5623385289664906,3.4451963285628846,2.6151126703335774,2.7626508183338867,2.4078124504662437,2.929174871185931,45.567174840118696,47.84226863609267,42.57710849553224,10.000000000000002,42.80007902898688,22.41860576252866,26.28437850998341,1.2349342900861977,199.54117189511055,303.89871564519524,6.257431336354669,17.69313879628982,697.6901153166812,592.7265915881969,12.037419122102943,5.759599967758576,2213.0447170703837,1672.3564525907768,56.147857007213275,15.269562823927616,3.3746434197659667,8.401712854903382,44.46454333214871,1.5950899420222537,45.462601215246224,19.17595259596344,28.875338683315306,1159.4065215587616,186.0,2790.0,975399.3618670844,0.0,CONVERGENCE: REL_REDUCTION_OF_F_<=_FACTR*EPSMCH
83,48,21379.084754273317,3.4563980238931813,3.5689247402775477,3.130155720388068,2.609312118581752,2.749719898378866,2.4675373852082116,2.9304791898203293,46.25911023866986,47.47066436574746,66.00794131410828,10.000000000000002,42.3174104720523,29.968278489393747,26.347752776523244,21379.083118815568,3.456389441422227,3.5689236457531597,3.130159146563955,2.6092986315744415,2.749737553504088,2.4675373852082116,2.930479647438884,46.25932266489601,47.470716683711125,66.00797624913778,10.000000000000002,42.317488517429766,29.968278489393747,26.347836205370314,1.3088201522624807,237.4088156730058,271.5400600854162,6.620728005490907,10.978467263120724,604.9825067501644,630.7273461498594,9.864823971959717,4.486570652617622,2104.19517997161,1589.6070228698381,46.20809750902701,15.494895462023656,4.89380622745155,8.648978641077617,39.50338196203355,3.2162910943893985,62.846644467873205,43.32422059372332,26.623213053555165,372.55489349365234,59.0,885.0,972133.0387918885,0.0,CONVERGENCE: REL_REDUCTION_OF_F_<=_FACTR*EPSMCH
