Run,Iter,Min Obj,sigma_Cm_min,sigma_C1_min,sigma_C2_0_min,sigma_C2_1_min,sigma_C2_2_min,sigma_C2_3_min,sigma_H1_min,sigma_F_1_min,sigma_F_2_min,sigma_F_3_min,sigma_F_4_min,epsilon_Cm_min,epsilon_C1_min,epsilon_C2_0_min,epsilon_C2_1_min,epsilon_C2_2_min,epsilon_C2_3_min,epsilon_H1_min,epsilon_F_1_min,epsilon_F_2_min,epsilon_F_3_min,epsilon_F_4_min,Min Obj Cum.,sigma_Cm_cum,sigma_C1_cum,sigma_C2_0_cum,sigma_C2_1_cum,sigma_C2_2_cum,sigma_C2_3_cum,sigma_H1_cum,sigma_F_1_cum,sigma_F_2_cum,sigma_F_3_cum,sigma_F_4_cum,epsilon_Cm_cum,epsilon_C1_cum,epsilon_C2_0_cum,epsilon_C2_1_cum,epsilon_C2_2_cum,epsilon_C2_3_cum,epsilon_H1_cum,epsilon_F_1_cum,epsilon_F_2_cum,epsilon_F_3_cum,epsilon_F_4_cum,R14-sim_liq_density-sse,R14-sim_vap_density-sse,R14-sim_Pvap-sse,R14-sim_Hvap-sse,R32-sim_liq_density-sse,R32-sim_vap_density-sse,R32-sim_Pvap-sse,R32-sim_Hvap-sse,R50-sim_liq_density-sse,R50-sim_vap_density-sse,R50-sim_Pvap-sse,R50-sim_Hvap-sse,R170-sim_liq_density-sse,R170-sim_vap_density-sse,R170-sim_Pvap-sse,R170-sim_Hvap-sse,R125-sim_liq_density-sse,R125-sim_vap_density-sse,R125-sim_Pvap-sse,R125-sim_Hvap-sse,R134a-sim_liq_density-sse,R134a-sim_vap_density-sse,R134a-sim_Pvap-sse,R134a-sim_Hvap-sse,R143a-sim_liq_density-sse,R143a-sim_vap_density-sse,R143a-sim_Pvap-sse,R143a-sim_Hvap-sse,Run Time,jac evals,func evals,Optimality,Term Status,Message
4,512,10029.784686298864,3.829386976746358,3.377605639856174,3.845785714181852,3.4261522009517997,3.4107207795080385,3.749010156424499,2.050729356218993,3.106348821430227,2.846958567764438,2.98856375031816,2.931140426807568,57.21705632842985,43.10151898521627,45.70963248289577,57.36813071754639,34.510411053693474,37.51808494013227,10.062626720700166,31.63842218161142,42.43509857390167,20.61422396220085,28.61290866019462,10029.78274885132,3.8293869865339145,3.377597070060382,3.845781496790369,3.426152531463196,3.4107193503297606,3.749009858474856,2.0507273150951724,3.1063481297075017,2.846957972071511,2.988564555421166,2.931141739181568,57.21708766934865,43.10159798653805,45.70963708618032,57.36810395613981,34.51042857497347,37.518059419808175,10.062593482997457,31.63841296140012,42.43508743045206,20.614186491429468,28.612767647509187,0.6758931922446618,38.79457712759901,71.95653543741437,3.816448428813084,41.8389820534593,503.3770025410228,369.7699528625282,8.007685259687674,29.18552777446665,6.400140807022318,28.99394989027968,21.96964304888155,10.670956065121231,27.704693619921105,13.299957095309088,34.73498014822287,1.7215137067378636,38.86489267956499,17.508714382838736,12.723978206520536,0.0866534328424403,17.165020915908276,16.868641271222774,3.5247961607677345,7.232740565761434,6.078419815538439,9.582180579227584,17.930143509319876,8278.989468336105,537.0,12351.0,3825.298019362288,0.0,CONVERGENCE: REL_REDUCTION_OF_F_<=_FACTR*EPSMCH
14,450,10029.80086026487,3.82882730470664,3.3794748305551536,3.8454472004005806,3.4284956116310776,3.414660657671156,3.749877691839312,2.0528669773158703,3.1048260585009144,2.8468433025412705,2.986694836203894,2.931001323895221,57.080678346519626,43.04341281068525,45.63254888165817,57.18197072297557,34.318415360737546,37.20791227152883,10.076774242914691,31.62998903887077,42.4543449125986,20.75609931369537,28.598415423289836,10029.80086026487,3.82882730470664,3.3794748305551536,3.8454472004005806,3.4284956116310776,3.414660657671156,3.749877691839312,2.0528669773158703,3.1048260585009144,2.8468433025412705,2.986694836203894,2.931001323895221,57.080678346519626,43.04341281068525,45.63254888165817,57.18197072297557,34.318415360737546,37.20791227152883,10.076774242914691,31.62998903887077,42.4543449125986,20.75609931369537,28.598415423289836,0.6771874421927904,37.75856604025245,73.23196010169681,3.797503059741776,40.97697235639293,507.9923530082498,366.6317783999883,7.932216169333608,29.500578660558087,6.377941274956888,29.166557370474077,22.091563764945583,10.466454113821325,26.94496111325976,13.642410899340128,34.210548964046566,1.750022042196567,39.27152766545877,17.377405714004325,12.68023366557482,0.0947852665154826,17.67449834154871,17.6944757859233,3.4704658892883407,7.489820635638635,6.5211025654431385,9.22091896726337,18.451719961890557,6559.424226999283,482.0,11086.0,4567.51839417355,0.0,CONVERGENCE: REL_REDUCTION_OF_F_<=_FACTR*EPSMCH
2,443,10029.937977652284,3.827994794695632,3.3801464628510263,3.8453612527697256,3.428384825840187,3.4132398516986435,3.742972943603892,2.0502285503057207,3.104803329284855,2.8468839950407614,2.988701385411884,2.930966998144915,57.16819218250944,43.01697486722095,45.67673499240093,57.29391697785748,34.376525278015215,37.4117307885814,10.07881926032044,31.5338373038239,42.45607546536777,20.802777280154583,28.59560739046041,10029.93795484953,3.827996171206416,3.380147270691406,3.8453615021851535,3.428383960252473,3.413244262338291,3.7429713930573953,2.05022929324541,3.104798741991881,2.846884019391087,2.988699364453784,2.930967187881995,57.16814402736255,43.01696927938268,45.67667338648093,57.29383084935002,34.376340672377275,37.41191515418436,10.078847026149544,31.53389307046715,42.45606746056234,20.8027193000648,28.59559797758329,0.6772357224219072,37.60734522894994,73.58549302769231,3.8057912178145785,41.32027401091022,505.6013920456634,362.6262115118728,7.9288703894612285,30.598057969651236,6.586889310453663,29.41209087578905,22.21506763230585,10.732274112900743,27.58429376080738,14.23570374695769,34.081767405773135,1.703125868852514,38.04974263403513,17.294700526934136,12.7729855597887,0.0913303008838113,19.004551194232743,17.884209422854216,3.4995711202211326,7.3357846601775645,6.042915842271464,9.267240996732504,18.396375761681018,6943.211863517761,452.0,10396.0,6360.9872279953815,0.0,CONVERGENCE: REL_REDUCTION_OF_F_<=_FACTR*EPSMCH
12,420,10030.34210689868,3.829076165337659,3.3782256738814724,3.844619284845352,3.427626045359043,3.407926103777573,3.7386560768844816,2.050757369183497,3.1059874403372416,2.846982959437077,2.9904035261032167,2.9311045623765724,57.19192467151474,43.08793106245579,45.6930533282733,57.232813582713966,34.63005480068835,37.845895787250925,10.070418463997273,31.6059381461357,42.422421736323486,20.69031737538129,28.605959673616965,10030.341978168975,3.8290720112711902,3.378225752211768,3.8446194358517376,3.427625976330415,3.4079272446136253,3.738654542153228,2.050753965075943,3.105987764134861,2.846985612436301,2.9904006980808298,2.93110423561514,57.19192051582552,43.08793569565541,45.693033695596085,57.23280548409085,34.63008246582651,37.84590217892175,10.070451267980053,31.60590819629562,42.42242383398894,20.69031998754405,28.60595808774429,0.6747195813566245,38.19240534875664,72.46174757243031,3.803136983544942,41.55299042192461,504.4744862809552,370.0950927367137,7.950888781863482,29.57617017535793,6.431744833332334,28.95847658146984,22.20080395317201,10.994422492701242,26.977999586409773,13.848267944622467,34.578869342423154,1.7765493722873749,38.00564053323996,17.2152569327994,13.11592164033053,0.0702857195269663,18.990862126447983,18.556830269020114,3.501972372495943,7.24865208285549,6.391507746492793,9.411944019730097,18.1975649833161,6946.854683637619,426.0,9798.0,2804.990567545963,0.0,CONVERGENCE: REL_REDUCTION_OF_F_<=_FACTR*EPSMCH
5,386,10030.41338782716,3.8286764035699887,3.37817164526782,3.845782006989399,3.427778482666043,3.4029449352729557,3.74298606032834,2.052007293881408,3.0945547453135736,2.8469740832474235,2.9891939366313918,2.9311274966214045,57.10937554469059,43.09234734756592,45.63206652617552,57.20651422592106,34.88131104600184,37.23500329816309,10.082563413333338,31.51235828846421,42.43359298519529,20.89236058548429,28.60634416682907,10030.41334686517,3.8286762072153246,3.3781712341551877,3.8457836401868617,3.427778868594453,3.402942546373538,3.742987079374727,2.052008059008456,3.094558523085888,2.8469757886430527,2.9891930865623184,2.9311273663635617,57.10939600929767,43.09235174445118,45.63205934883344,57.206460924884325,34.881295547293725,37.23498602007923,10.08258275934648,31.512218121391005,42.43358097212313,20.892401079217628,28.60633264294789,0.6759451251765134,38.74602301348224,72.40119270092345,3.824747491255787,41.50098210696393,498.81773527818393,366.1549055623176,8.02417631602553,29.98272301962469,6.391775676156514,28.734922777008016,22.631373220622457,10.404738611243122,27.3687457029025,13.968723664941136,33.93982294301308,1.8284141343576523,36.96462054570748,15.820385711067525,13.713561438197438,0.1500704460903323,20.692062678661557,19.921656502963938,3.284389912724203,7.042235704657722,5.413880734461046,9.157342471087022,18.37922789417716,5848.614335536957,391.0,8993.0,9476.442881250556,0.0,CONVERGENCE: REL_REDUCTION_OF_F_<=_FACTR*EPSMCH
18,430,10030.471892112151,3.8284465797402287,3.3779796207451818,3.846452125801804,3.430995451543542,3.402993882148448,3.7415298303583873,2.050497336086911,3.1133492163185847,2.847839988816641,2.9885605215619786,2.931146267138132,57.19737933244233,43.107566615241744,45.68444070297352,57.121743602602336,34.84746481002605,37.58399581928878,10.073164085563937,31.685148875549533,42.41151331044624,20.74357650920696,28.603259877990617,10030.471780544389,3.828456055760549,3.377980408705867,3.8464414379724303,3.431002294472712,3.402996819577376,3.741522592557631,2.050497992652135,3.1133572046925355,2.847834757555553,2.9885739181208404,2.9311464278034727,57.19740433115739,43.107539595159466,45.68446814408867,57.12154204582157,34.84769425154696,37.5842631926461,10.073211234130545,31.685056181113104,42.41149327526248,20.743578462561278,28.60327261674546,0.6705208891787853,37.68481246580703,72.48169702423596,3.78824020166738,41.07698624163498,501.3270187063599,370.06653544362496,7.943333357768235,30.30276525335922,6.452856967059078,28.66367192543373,22.624176737598617,10.422481388510132,28.148260152950023,13.577842576954096,34.31519313842484,1.8699880844141896,38.8220895402206,17.172928018727827,13.187975164287096,0.034525232026545,17.186518769319534,17.53215870802132,3.75062432306652,7.333260856791431,6.349104160535728,9.22573709930862,18.353793511576164,6165.848744630814,437.0,10051.0,6932.386322053469,0.0,CONVERGENCE: REL_REDUCTION_OF_F_<=_FACTR*EPSMCH
9,336,10030.582275826486,3.83007843599053,3.3784852166183588,3.845371854479925,3.4265894357124136,3.399673902508904,3.746370211816594,2.050097871153727,3.107574386821593,2.847822756762297,2.990031375502155,2.931098188915682,57.23207701728082,43.09863152566923,45.73076620062342,57.34255318738565,35.03455370307538,37.58600822096583,10.061490367396273,31.684702398557988,42.41643151475793,20.63327963918609,28.598478724989555,10030.582105519316,3.830078950540784,3.37848640747465,3.845371187701663,3.4265930139511824,3.399674018564518,3.746364761020616,2.0500967145953224,3.1075806224190154,2.847823528022844,2.990032470565489,2.931098039327,57.23209147218476,43.09860551469488,45.73078391630794,57.34253128490436,35.034571391000654,37.586049476512095,10.06149320415756,31.68443989413269,42.41640646097597,20.63335855273799,28.598463504801813,0.6779802294492421,38.67809678458482,72.83123596768162,3.814101705784106,41.005781643604095,503.9871710083858,369.8832598214516,7.899617765415609,28.446176674222844,6.502796164235148,29.73860394032984,21.271804894965687,10.939301532719394,27.54733633096448,13.09869313884268,35.15430934241054,1.7899473560233128,37.429467875873705,16.369895303711644,13.527574950381876,0.0581312696602003,17.080109357738966,17.315152310696813,3.638227613673652,6.998352734608778,5.291260767650235,9.912473016597314,17.63757852389255,5063.486555814743,343.0,7889.0,6631.634638955502,0.0,CONVERGENCE: REL_REDUCTION_OF_F_<=_FACTR*EPSMCH
7,318,10030.977426233349,3.8285680279375978,3.376767411588004,3.84611531298176,3.4314491479068625,3.3979903719963818,3.748180459950711,2.0544557466411963,3.1002541814088453,2.847468278407557,2.9883426201779195,2.931205018976862,57.02018722740772,43.15641193338957,45.59849938767482,56.97721633081472,35.08747290180834,37.29248644216521,10.077103744385584,31.708326621072565,42.41510650941658,20.748517038851386,28.608422521510807,10030.977426233349,3.8285680279375978,3.376767411588004,3.84611531298176,3.4314491479068625,3.3979903719963818,3.748180459950711,2.0544557466411963,3.1002541814088453,2.847468278407557,2.9883426201779195,2.931205018976862,57.02018722740772,43.15641193338957,45.59849938767482,56.97721633081472,35.08747290180834,37.29248644216521,10.077103744385584,31.708326621072565,42.41510650941658,20.748517038851386,28.608422521510807,0.6723282380266205,38.31794533188676,71.84914064489122,3.7822225943893697,41.0060137476341,498.0627608671331,371.88633132480265,8.032167576176068,29.56392790523041,6.274276098274807,28.91408950125947,22.26954084098648,10.090822050950122,26.9484468674234,13.308527576637315,34.0882510769191,1.8693126952800911,37.41973059078547,16.31471528443286,13.586137290241894,0.0949447427680394,17.055821520035227,17.26210381193298,3.673837291416647,7.002413119348315,5.3970588086018605,9.526701370408386,17.950830050662514,5105.2642114162445,358.0,8234.0,5454.257465139,0.0,CONVERGENCE: REL_REDUCTION_OF_F_<=_FACTR*EPSMCH
17,523,10031.26272391552,3.827498413845701,3.3787805042608072,3.845872313860376,3.429112477615745,3.4189856138729824,3.73725301530984,2.056512933416402,3.1118295240480034,2.8472730021475634,2.988485926131306,2.931050387953813,56.78341081090313,43.0716258193249,45.46510538682182,57.26005730566636,34.199877192943944,37.74040054358124,10.119070851524423,31.445587839086457,42.40728980289188,20.77522235752646,28.602755007906637,10031.26268764028,3.827498159714628,3.378780142266364,3.8458734226256768,3.429112953552492,3.418987106030724,3.737253501320021,2.056512855846499,3.1118311494874944,2.84727252712881,2.988485907225896,2.9310505300383705,56.783395180984485,43.07163239496008,45.46509906028408,57.26005219765176,34.19988234445068,37.74039445657802,10.11908089511422,31.445566966023463,42.407285277433935,20.77521306680854,28.602758291152565,0.6820331082563671,39.15868690388624,72.7684883815628,3.8304728133204367,39.94877456417566,506.15950814779376,372.7746793801732,7.906688367610758,30.50053166199692,6.546945671196138,29.846197238499023,22.407329721293085,9.90018036368794,25.98490222526614,13.62983936072805,33.64576627303018,1.7285703332255375,37.91372579760769,17.16352678343609,12.844742940350132,0.03898013479251,19.906928327353697,18.69494129313352,3.470999060935795,7.295823929429666,6.137947074512165,9.363783702792542,18.23344652924577,7747.619745254517,545.0,12535.0,10008.115250022203,0.0,CONVERGENCE: REL_REDUCTION_OF_F_<=_FACTR*EPSMCH
13,571,10031.32458295446,3.829092483437026,3.3787096100939538,3.846124644722007,3.42309484337798,3.4265280190678715,3.743349759817873,2.053468481500506,3.109720406477562,2.847214010082299,2.9872533871128875,2.931052472596189,57.04258538014163,43.0621853491208,45.59812257563153,57.54061769604289,33.91943825891366,37.32763003323895,10.08429841136904,31.57402120727756,42.452234305023296,20.83280963781716,28.605851531301244,10031.324509814,3.8290910750590577,3.3787093464355955,3.846124718066753,3.423091759670404,3.4265279794925254,3.743354490334939,2.05346766164463,3.109718139183736,2.847214905919439,2.9872572640240618,2.9310534733959503,57.04257602480904,43.06219530002696,45.59813155083003,57.54055659073968,33.9195024310434,37.32762288217485,10.084261460983726,31.57400780730317,42.45226941764858,20.832832528225996,28.60588658519679,0.6763106781356724,38.07595303147456,72.65200505740987,3.80267850242638,40.84353742953862,505.5438757771311,367.5120629195293,7.978689477157366,29.349095963341984,6.328464860760136,28.95676214186087,22.32851979878132,10.137460967906163,27.204212732651207,13.762033526241556,33.814344645348875,1.660862150244642,38.34583670507975,16.499690538553406,12.832229339720552,0.0683068647881612,20.323555409490123,19.331086247842084,3.267260564760802,7.372085926740637,6.046404829667042,9.320929975608886,18.395746815789824,8477.993326187134,595.0,13685.0,3892.364153121947,0.0,CONVERGENCE: REL_REDUCTION_OF_F_<=_FACTR*EPSMCH
10,477,10031.44728148888,3.827001484487427,3.378340744867355,3.845822104037525,3.43078982781331,3.4267889790182107,3.7461623918136095,2.053038051445515,3.10284038918947,2.8464067335486702,2.986561643914741,2.931093648412209,57.08231040672651,43.08976792729997,45.63799353258424,57.0899562763073,33.908399716828946,37.28291536808207,10.071671134293164,31.646514435762477,42.44396211778547,20.78878234241701,28.6025728553544,10031.4471955729,3.8270018817382434,3.378341335749393,3.8458219480247218,3.430793555546536,3.426792334714226,3.7461533032829015,2.053039515135489,3.1028419306719464,2.846406816992827,2.9865612015994696,2.9310933019868357,57.08226494024896,43.089777620854775,45.63793388793093,57.08988039578354,33.90834320445517,37.282905080149305,10.071675196405671,31.64648996545935,42.44395093455815,20.788958874867475,28.602575428729537,0.6729884214036207,37.646582408394536,72.65462524074965,3.783699326930559,41.64934439894008,502.21052433941134,366.9790917100095,8.011850373935278,31.117688098606862,6.3823826450267225,28.85160342568983,22.58356450494925,10.318505909239937,27.189580432142503,13.580095416897942,34.12016410670611,1.713803073501293,39.78272373274319,17.18035039708449,12.556327139029936,0.1185712058521545,18.125828421764528,17.415232562072745,3.5097194489439563,7.481710550857565,6.197389065757493,9.508636072273916,18.31407014580645,6639.617650747299,483.0,11109.0,6418.449098498979,0.0,CONVERGENCE: REL_REDUCTION_OF_F_<=_FACTR*EPSMCH
20,327,10031.961957597065,3.828485680409916,3.3780327497676965,3.846087269764244,3.4272235473726456,3.4185244976712763,3.738704018174048,2.0599827886318405,3.105946427969787,2.8485231240905837,2.986639092292909,2.931110747987983,56.58068391092907,43.10078933337896,45.35005642791418,57.209461473512526,34.20910956800787,37.60605419225416,10.138401165359763,31.608353572962464,42.41959043098773,20.8070665703617,28.60576841250348,10031.961934964444,3.828485161463064,3.3780329664876376,3.846087393634813,3.4272245889047155,3.4185252472202765,3.738703315870736,2.059983225473798,3.1059506100788847,2.848522592458878,2.9866394828572878,2.931110687315654,56.5806591446959,43.100784714598674,45.35004136986956,57.20940960172948,34.209089722362904,37.60605801519392,10.13840475788875,31.60834454014462,42.419586076500366,20.8070851426574,28.60576477744309,0.678410827067129,38.91290461229505,72.38569368762828,3.81685189959538,38.78357084926321,500.853984528652,371.6252862656192,7.978581046779889,29.18461982881285,6.629012755683933,30.42766249407861,21.95325040158648,9.404010421179493,25.19862320473638,13.70588857098796,33.06574175176368,1.7652745842227464,37.91648432504328,16.890491309496248,12.97341697685824,0.0962970885768589,20.36490842457857,17.750554068515168,3.3882970601728584,7.4156200520556546,5.934769555477878,9.628427220474869,18.12348446200606,4628.411954402924,332.0,7636.0,5519.286330935252,0.0,CONVERGENCE: REL_REDUCTION_OF_F_<=_FACTR*EPSMCH
1,261,10032.13079708706,3.8288574908819295,3.3768889948610847,3.846767192305689,3.422750773243643,3.4031029095255723,3.7509283156815183,2.050623757312064,3.1150509716605432,2.848096599541028,2.98725901585164,2.9311729955600296,57.23670803385195,43.11710186173663,45.75316902184543,57.67761319526563,34.89853044481877,37.03410913222727,10.05386097313607,31.771018537949885,42.43319184252831,20.782398932143973,28.620185766024736,10032.130795076797,3.828857510250976,3.3768889639468376,3.8467671227901272,3.4227508842622805,3.403102741923903,3.7509283562884295,2.050623786179559,3.115051287757036,2.848096591633824,2.987258927810004,2.931173005732443,57.23670856868682,43.117102278810606,45.75316809359375,57.67760895495484,34.89853163801644,37.034107798227886,10.053860764562463,31.77101888424819,42.43319272030968,20.78239947212952,28.620186208769464,0.6752896933971878,38.94270638451378,71.4273559480726,3.812234766806904,41.14190655062148,508.0781967524585,374.8398570465043,7.968508305010808,29.475859873941864,6.4251955043129065,29.21123023074479,21.74065367604834,10.732851517407486,28.112094554595775,11.220919668532805,36.57317691760282,1.7582260324712689,37.69931595432044,16.80149511865023,13.029594464670682,0.0366508823834855,17.29987149938749,17.117567940412687,3.622323022534608,7.114730846076515,5.078568801009959,9.746454570440036,17.927511471814306,4421.165505409241,273.0,6279.0,6864.46526334488,0.0,CONVERGENCE: REL_REDUCTION_OF_F_<=_FACTR*EPSMCH
19,319,10033.228220957248,3.83029353618409,3.3800884839071936,3.846049918423387,3.428271222737364,3.42641176619896,3.735106488034228,2.0542202276682824,3.1168930834942303,2.8466412711904177,2.9890857526364147,2.9309702423811195,56.94856096833465,43.01917593353161,45.5309152034181,57.18796330375082,33.856393528071955,37.848847588999455,10.10880498284175,31.683595517378368,42.44505258556364,20.77801469554712,28.59675755013434,10033.228211135523,3.830293586851444,3.380088737211298,3.84604955519636,3.428271858054179,3.4264120184424414,3.735106118172818,2.054220577744384,3.1168936975769714,2.846641399693986,2.9890860909203054,2.9309702407012783,56.94856172158028,43.01917307572629,45.5309148444907,57.18796023012949,33.85639179806642,37.84885238216589,10.108796218215344,31.683591305298613,42.44506189033271,20.77801742305994,28.596753651023093,0.6805019303948693,38.314531008280056,73.49641984625227,3.8262188962594736,40.67488684892765,505.3290801022299,364.60807720586416,7.935718007647756,28.509822717409595,6.333095641178816,29.127819017172897,22.44775425868981,10.083007342243755,26.747375733619727,13.818063805704217,33.72353426305303,1.677020890635788,38.41689543804691,17.28441365335926,12.701206984227436,0.0195651816059425,18.657099952199403,17.84142228464346,3.712561998817679,7.415379805500512,7.214669476849523,8.709569804792473,18.75897782657993,4637.317269325256,325.0,7475.0,2997.785654502184,0.0,CONVERGENCE: REL_REDUCTION_OF_F_<=_FACTR*EPSMCH
3,462,10033.345448639444,3.826894146791165,3.3787630091752434,3.845492076214709,3.4280898035842973,3.426207656844954,3.736538529005311,2.060197137662927,3.113137210208951,2.847366448821334,2.987069712053253,2.9310597323849965,56.58823157200358,43.06305595370537,45.35139404512761,57.15328780376706,33.871141781671284,37.75551383696284,10.135403611474931,31.577651994851685,42.4416289925874,20.791789221506765,28.60365027041188,10033.345448157925,3.826894166702281,3.378763010474364,3.845492068560763,3.428089702639197,3.4262077292878166,3.7365384419121166,2.0601971724312595,3.113136890107481,2.847366437331562,2.987069697248756,2.931059733431832,56.588230177468056,43.0630554296196,45.351392708420335,57.153287693076415,33.87114005226734,37.75551487443138,10.135403927134403,31.577655460625664,42.44162849211243,20.791790389968664,28.603650567175496,0.6717035617394596,37.20821784067399,72.77806261238494,3.779352277647364,39.376296277079305,504.3354398629824,369.4937766665396,7.989877377200272,30.727101658673696,6.459780880942054,29.666300438335156,22.786918313641237,9.515874316451644,24.90476642182117,14.038094413557788,32.89458678136109,1.7488225833157345,38.64184080258202,17.216149779086578,12.785131518194117,0.036687830171429,20.0794913769134,19.072331053030812,3.413035557809576,7.503950209918333,6.596310176164362,9.39580278594251,18.339630810948684,7674.717478990555,478.0,10994.0,4173.50713207212,0.0,CONVERGENCE: REL_REDUCTION_OF_F_<=_FACTR*EPSMCH
6,381,10033.42286235619,3.8270980013751146,3.379812128805379,3.846189416513636,3.4321691584995246,3.426785230956117,3.73537375338914,2.0577767905882185,3.107715441537344,2.847225845750105,2.988328651019576,2.9309803007377626,56.697694277984354,43.01552514049203,45.40340232316831,56.92515596156092,33.861469987066414,37.771704702034135,10.1358755974012,31.6179120327079,42.45152126235892,20.810682796807747,28.60435193168688,10033.422396230972,3.827096099570388,3.3798139736615607,3.846194644564209,3.432167706894145,3.426786864276077,3.735377681351548,2.057781983284381,3.107711703707428,2.847220492333611,2.9883238593326973,2.930980047318247,56.69756365227553,43.01542558056757,45.40342558979405,56.92489812324605,33.86120538767483,37.77174072894516,10.135796336522688,31.617826638472632,42.45153382715559,20.81061554263058,28.604336121287005,0.6856609420152775,39.59927004634458,73.0599632301404,3.8654575645729383,39.654037385091385,506.1292214282586,366.1672196674346,7.959276729886563,31.08567241569078,6.416569601683996,29.23470942461882,23.249642077851703,9.675338884301958,25.70515173390347,13.499943922331044,33.536714728759314,1.698618777053834,37.90243143542009,16.59873093965053,13.014657065638554,0.0575129564801902,19.11819237064367,17.64142959813386,3.6581578497317935,7.367706519190493,6.698403611682009,8.89150286359569,18.58952877336007,6712.609033107758,404.0,9292.0,8095.175202060574,0.0,CONVERGENCE: REL_REDUCTION_OF_F_<=_FACTR*EPSMCH
16,276,10036.048134771503,3.830185436035891,3.3797196570093235,3.8449768094376418,3.42994833325698,3.431302590815504,3.738587973247749,2.056069878058861,3.1014144120339244,2.846483288398965,2.989336928935617,2.930993125235393,56.95791670260592,43.07117561277152,45.542736870294576,56.89202877022416,33.60704874988544,38.047200218867815,10.082741381464055,31.713545747074424,42.42801017795724,20.627362504327923,28.58259357244372,10036.047696227211,3.8301910169746423,3.3797205763280918,3.8449777440113126,3.429956057756129,3.4313129841483154,3.7385832479056473,2.0560665394106183,3.1014193587842582,2.846482356852724,2.989338856444263,2.930993110997523,56.95785861437497,43.07108877978288,45.54271428486232,56.89174798159758,33.606792270331944,38.0472256819744,10.082794197401668,31.71338458442882,42.42803761246088,20.627434141243477,28.582610949518024,0.6713565575936415,36.11933504833088,74.00916400265928,3.7340156691844126,40.43961154284396,507.7456723251848,369.3091847291335,7.873804446836296,28.071924205175947,6.112635982669533,28.698641888977395,22.18499729394293,10.048453650507826,26.15769495671584,14.6596416816857,32.9528200228945,1.5434705470293777,37.86355432143882,18.31082313664273,12.068759509145892,0.1097232777602009,18.31994763062627,17.154030766626224,3.564440805970924,7.45376784827943,8.45364303314386,8.625910102542967,18.764871915152213,4052.484127998352,289.0,6647.0,7023.826911803891,0.0,CONVERGENCE: REL_REDUCTION_OF_F_<=_FACTR*EPSMCH
21,342,10036.347379073466,3.827479274859815,3.376658136294713,3.8449848661979154,3.4344142800414987,3.401343740534029,3.741501466920722,2.0528410256853897,3.101305536503927,2.847992285006764,2.9922948257189725,2.9312086057487914,57.08986231448312,43.10991676536702,45.597423134104645,56.64923076513382,34.74134469374948,38.13157402901455,10.083923661705992,31.788712577459435,42.43121798772668,20.540209776041344,28.62423618416379,10036.34708113378,3.827479529252398,3.3766598697091226,3.844986656065464,3.434414948500835,3.4013475538361027,3.7415028754933175,2.052839913515316,3.1012974977616765,2.847992606257605,2.9922935231067567,2.9312086686110232,57.08982436194465,43.10994761121793,45.59747349290385,56.64905494629616,34.74138265756452,38.13167619177781,10.083929821123071,31.78889269721642,42.431172176290886,20.540062665142205,28.624202604815547,0.6622445785717126,36.78520922522608,71.23307760599046,3.7595707374031,40.86159227148626,505.8397236119244,374.75505784683287,8.018719088798218,31.260285038448856,6.32661755022076,27.73895664932884,23.699691943976,10.313891150104658,27.081871227054734,15.502647352494892,32.68468539772054,1.5943101164483549,34.89206799308469,17.392925551628828,13.035211366601075,0.0698563056592842,15.007462460307815,14.62921529344533,4.133489316924335,7.051577870119843,8.029780226893033,8.248648249143184,18.64787938718442,5590.356258630753,350.0,8050.0,11975.897823963052,0.0,CONVERGENCE: REL_REDUCTION_OF_F_<=_FACTR*EPSMCH
11,294,10036.565694890043,3.827914774902154,3.3747920996815592,3.8442164420863376,3.431562661908654,3.3953215691588454,3.73901605002903,2.0530612895304707,3.094285469364604,2.8475047729342275,2.99199529308503,2.931384105212318,57.019100247639074,43.24787924275833,45.58732471652191,57.04007530237399,35.17927310716505,37.86642044170617,10.09439591971984,31.34550503934911,42.34292328201971,20.70232024489947,28.613372258065187,10036.564963994802,3.827909632497333,3.3747966698936542,3.844212534793498,3.4315687702132798,3.39532552986359,3.73902978176302,2.053059932626867,3.0942917265988523,2.8475080753773025,2.9919975011787585,2.931382377090101,57.01948480665505,43.24783240774482,45.5874214571332,57.04037315057002,35.17913621075951,37.86639851752212,10.094390284978292,31.34545795089297,42.342994355977886,20.702230971748097,28.613254632559222,0.6677888543544799,38.89971220495746,70.93836107503488,3.7821797262539074,41.74231510900773,484.1094475872212,374.6677018056285,8.108937865115431,30.578987818930045,6.435294949490766,29.0076391663082,22.71496942016673,10.726183805484084,26.156605070839746,14.59692184325427,33.70512239089585,1.7604364988198065,34.98505738018848,16.375668895023367,13.615929542812824,0.1268508442630385,19.677412732885813,18.230131712945006,3.4892327370440017,6.9848128050101295,6.455066227496923,8.848191436276402,18.381501222140265,4273.743633747101,300.0,6900.0,4780.0672883915095,0.0,CONVERGENCE: REL_REDUCTION_OF_F_<=_FACTR*EPSMCH
8,273,10036.944963240208,3.8290417812386863,3.377173389971186,3.846212721966345,3.424245306655612,3.3810933234389284,3.739916771073016,2.0509707907510086,3.103137700608145,2.847763948667152,2.991234763779881,2.9311527058073628,57.16197718334912,43.1296733165825,45.68916271098466,57.61533902808096,35.88120260291154,37.54236114231384,10.073380042852111,31.37302803415417,42.39858118417006,20.792404750199456,28.61138724733556,10036.94446361602,3.829044360694916,3.377172999058043,3.8462102926029216,3.4242474371407456,3.3810952265980214,3.7399169979004094,2.0509694379103944,3.1031375705892668,2.8477648016478208,2.9912388009735484,2.931152855461268,57.16190826964141,43.12964939582138,45.689138730587175,57.61524949800931,35.88122139746925,37.54224560947112,10.07342617112764,31.37296218295301,42.39857876450137,20.792456667693035,28.611388910804724,0.6793486387917478,39.37092459736768,71.86101632707054,3.8156828648807126,41.17829598067337,502.3109041630751,373.9744306486076,7.951288905884106,29.47496943179517,6.491492328418599,29.42795401088183,21.87453495189208,10.635744841309808,27.66852649801921,12.573226053530544,35.30294970666527,2.0372487681945097,35.90943502435434,15.425107898163436,14.646629703919473,0.0728514596482339,21.319800242765808,20.46138875765004,3.2624112021273155,6.700821505132074,4.652081402272784,9.697389533877947,17.764907701483132,3840.7870197296143,279.0,6417.0,5721.303277378098,0.0,CONVERGENCE: REL_REDUCTION_OF_F_<=_FACTR*EPSMCH
15,428,10037.28832552794,3.8267547546343454,3.377129695258872,3.8446971840470985,3.436167285890041,3.428892431310516,3.7407839107164302,2.051412990436829,3.093175560343834,2.846378228136876,2.990333246160575,2.931142137097083,57.14666683387703,43.087246883774505,45.713203590507405,56.70220390202939,33.69736431831227,37.91950423082904,10.057786920383784,31.6351866139453,42.480017374519086,20.625633650504284,28.626237357771537,10037.288211710244,3.826752397911631,3.377130334091526,3.844695773758877,3.436172204337302,3.428882399432422,3.7407883338330143,2.051410395472464,3.0931843398884022,2.846379215166479,2.990330379030665,2.931141613554569,57.14679055086426,43.087212560409895,45.71329333612597,56.7021785408554,33.69757189846377,37.91933401327884,10.057743109562509,31.63519385443171,42.48009474228697,20.625612185284503,28.626226381232,0.6767814800695654,39.16158351642939,71.27655559053353,3.827581083539684,42.47162728082565,503.4343870382209,366.7048597489626,8.134335973311751,30.93591232258529,6.727880786505496,30.49830945481027,21.267122817196466,10.980385661710988,26.896268366315034,13.244917203010186,35.013277679136536,1.499422337501322,37.40209636696945,17.894768240193173,12.24267174288542,0.1767886643433518,17.053906312570117,15.683043610252568,3.777120353323112,7.366840134320685,8.053600065164362,8.61994343712737,18.753782873946243,6108.523582935333,434.0,9982.0,5820.001634248157,0.0,CONVERGENCE: REL_REDUCTION_OF_F_<=_FACTR*EPSMCH
22,229,10045.238443855804,3.828940613203921,3.373711555137068,3.84699964358497,3.43151046743545,3.405590047309348,3.7324267756701945,2.0410514990793773,3.1055207806991736,2.847225401489979,2.994801887821332,2.9314221892480363,57.90680598570788,43.25597267023383,46.11114079498974,57.43808808763226,34.88016404683763,38.53207632608033,9.972706264750029,31.373070344180164,42.391849052425975,20.44905149502734,28.6280488594844,10045.237923105742,3.8289327903888055,3.373711986970072,3.846999623791642,3.4315053914473257,3.405587141842938,3.732431137061601,2.04105648780594,3.1055253109694703,2.847223485800783,2.994797903944515,2.931422924669992,57.90679400163436,43.25591809401297,46.11113581050371,57.43806676227511,34.88012881157613,38.53201656793415,9.972651008196587,31.373075206835622,42.3919317267809,20.44903337153489,28.62809124781269,0.6613206769320168,37.95475924720685,70.04817101990037,3.745066745470642,44.723821063712144,494.2503089900376,375.1899463826131,8.11882778335687,30.158135730157603,6.79910526883367,27.45586603256319,22.08518759520006,11.602652384934752,31.538074608440816,12.33000878768007,36.80291350250549,1.704772495354331,37.90536847310085,17.655081650406583,13.132720168651034,0.0731891897131902,18.8073903775114,18.268173341825957,3.596559342130898,6.630765777989559,5.469310849173329,10.213590095313585,17.276073232258703,3436.4988527297974,237.0,5451.0,3761.1240785149657,0.0,CONVERGENCE: REL_REDUCTION_OF_F_<=_FACTR*EPSMCH
