0.000000000000000000e+00,8.292651585148003157e-01,0.000000000000000000e+00,0.000000000000000000e+00,0.000000000000000000e+00,0.000000000000000000e+00,0.000000000000000000e+00,0.000000000000000000e+00,0.000000000000000000e+00,0.000000000000000000e+00,-4.452210377208949410e+00,0.000000000000000000e+00,7.939435686277920290e-01,0.000000000000000000e+00,0.000000000000000000e+00,0.000000000000000000e+00,0.000000000000000000e+00,0.000000000000000000e+00,0.000000000000000000e+00,0.000000000000000000e+00,0.000000000000000000e+00,1.002194737718513418e+00
0.000000000000000000e+00,1.072716060834720153e+00,0.000000000000000000e+00,0.000000000000000000e+00,0.000000000000000000e+00,0.000000000000000000e+00,0.000000000000000000e+00,0.000000000000000000e+00,0.000000000000000000e+00,0.000000000000000000e+00,-4.520143861751672709e+00,0.000000000000000000e+00,9.434486759323085225e-01,0.000000000000000000e+00,0.000000000000000000e+00,0.000000000000000000e+00,0.000000000000000000e+00,0.000000000000000000e+00,0.000000000000000000e+00,0.000000000000000000e+00,0.000000000000000000e+00,1.239131892054380346e+00
0.000000000000000000e+00,1.479146290307210343e+00,0.000000000000000000e+00,0.000000000000000000e+00,0.000000000000000000e+00,0.000000000000000000e+00,0.000000000000000000e+00,0.000000000000000000e+00,0.000000000000000000e+00,0.000000000000000000e+00,-4.152318446881967162e+00,0.000000000000000000e+00,1.135006332965869724e+00,0.000000000000000000e+00,0.000000000000000000e+00,0.000000000000000000e+00,0.000000000000000000e+00,0.000000000000000000e+00,0.000000000000000000e+00,0.000000000000000000e+00,0.000000000000000000e+00,1.607338482460511031e+00
0.000000000000000000e+00,2.003886668923537062e+00,0.000000000000000000e+00,0.000000000000000000e+00,0.000000000000000000e+00,0.000000000000000000e+00,0.000000000000000000e+00,0.000000000000000000e+00,0.000000000000000000e+00,0.000000000000000000e+00,-3.283553761096284607e+00,0.000000000000000000e+00,1.346802273195109700e+00,0.000000000000000000e+00,0.000000000000000000e+00,0.000000000000000000e+00,0.000000000000000000e+00,0.000000000000000000e+00,0.000000000000000000e+00,0.000000000000000000e+00,0.000000000000000000e+00,2.070657784628020082e+00
0.000000000000000000e+00,2.567262460442908178e+00,0.000000000000000000e+00,0.000000000000000000e+00,0.000000000000000000e+00,0.000000000000000000e+00,0.000000000000000000e+00,0.000000000000000000e+00,0.000000000000000000e+00,0.000000000000000000e+00,-1.953817291557566893e+00,0.000000000000000000e+00,1.559663075199013038e+00,0.000000000000000000e+00,0.000000000000000000e+00,0.000000000000000000e+00,0.000000000000000000e+00,0.000000000000000000e+00,0.000000000000000000e+00,0.000000000000000000e+00,0.000000000000000000e+00,2.567208003748208345e+00
0.000000000000000000e+00,-7.514227080577408069e-01,0.000000000000000000e+00,0.000000000000000000e+00,0.000000000000000000e+00,0.000000000000000000e+00,0.000000000000000000e+00,0.000000000000000000e+00,0.000000000000000000e+00,0.000000000000000000e+00,7.236656921623898508e-01,0.000000000000000000e+00,-5.065812655538668441e-01,0.000000000000000000e+00,0.000000000000000000e+00,0.000000000000000000e+00,0.000000000000000000e+00,0.000000000000000000e+00,0.000000000000000000e+00,0.000000000000000000e+00,0.000000000000000000e+00,-7.880958488134127693e-01
0.000000000000000000e+00,-1.054906396818454661e+00,0.000000000000000000e+00,0.000000000000000000e+00,0.000000000000000000e+00,0.000000000000000000e+00,0.000000000000000000e+00,0.000000000000000000e+00,0.000000000000000000e+00,0.000000000000000000e+00,6.987198840724114790e-01,0.000000000000000000e+00,-7.016709064250503669e-01,0.000000000000000000e+00,0.000000000000000000e+00,0.000000000000000000e+00,0.000000000000000000e+00,0.000000000000000000e+00,0.000000000000000000e+00,0.000000000000000000e+00,0.000000000000000000e+00,-1.117590280053931018e+00
0.000000000000000000e+00,-1.551851068288494506e+00,0.000000000000000000e+00,0.000000000000000000e+00,0.000000000000000000e+00,0.000000000000000000e+00,0.000000000000000000e+00,0.000000000000000000e+00,0.000000000000000000e+00,0.000000000000000000e+00,7.444809964539346181e-01,0.000000000000000000e+00,-9.863436351838489324e-01,0.000000000000000000e+00,0.000000000000000000e+00,0.000000000000000000e+00,0.000000000000000000e+00,0.000000000000000000e+00,0.000000000000000000e+00,0.000000000000000000e+00,0.000000000000000000e+00,-1.582835044572221461e+00
0.000000000000000000e+00,-2.198289191499043227e+00,0.000000000000000000e+00,0.000000000000000000e+00,0.000000000000000000e+00,0.000000000000000000e+00,0.000000000000000000e+00,0.000000000000000000e+00,0.000000000000000000e+00,0.000000000000000000e+00,-6.075047737332048836e-01,0.000000000000000000e+00,-1.275365025689648490e+00,0.000000000000000000e+00,0.000000000000000000e+00,0.000000000000000000e+00,0.000000000000000000e+00,0.000000000000000000e+00,0.000000000000000000e+00,0.000000000000000000e+00,0.000000000000000000e+00,-2.146985952940382525e+00
0.000000000000000000e+00,-2.898573416660471302e+00,0.000000000000000000e+00,0.000000000000000000e+00,0.000000000000000000e+00,0.000000000000000000e+00,0.000000000000000000e+00,0.000000000000000000e+00,0.000000000000000000e+00,0.000000000000000000e+00,-5.088612263891674203e+00,0.000000000000000000e+00,-1.482342015529069190e+00,0.000000000000000000e+00,0.000000000000000000e+00,0.000000000000000000e+00,0.000000000000000000e+00,0.000000000000000000e+00,0.000000000000000000e+00,0.000000000000000000e+00,0.000000000000000000e+00,-2.670275917683157640e+00
0.000000000000000000e+00,-7.769718150568935555e-02,0.000000000000000000e+00,0.000000000000000000e+00,0.000000000000000000e+00,0.000000000000000000e+00,0.000000000000000000e+00,0.000000000000000000e+00,0.000000000000000000e+00,0.000000000000000000e+00,-1.443501639496029077e-03,0.000000000000000000e+00,-6.205685325853890766e-02,0.000000000000000000e+00,0.000000000000000000e+00,0.000000000000000000e+00,0.000000000000000000e+00,0.000000000000000000e+00,0.000000000000000000e+00,0.000000000000000000e+00,0.000000000000000000e+00,-1.231850955329058112e-01
0.000000000000000000e+00,-3.970926840069214925e-01,0.000000000000000000e+00,0.000000000000000000e+00,0.000000000000000000e+00,0.000000000000000000e+00,0.000000000000000000e+00,0.000000000000000000e+00,0.000000000000000000e+00,0.000000000000000000e+00,7.732519090575987186e-02,0.000000000000000000e+00,-2.750408742638968396e-01,0.000000000000000000e+00,0.000000000000000000e+00,0.000000000000000000e+00,0.000000000000000000e+00,0.000000000000000000e+00,0.000000000000000000e+00,0.000000000000000000e+00,0.000000000000000000e+00,-4.071733532361138108e-01
0.000000000000000000e+00,-1.197024738439428360e+00,0.000000000000000000e+00,0.000000000000000000e+00,0.000000000000000000e+00,0.000000000000000000e+00,0.000000000000000000e+00,0.000000000000000000e+00,0.000000000000000000e+00,0.000000000000000000e+00,-2.759898498935575151e-01,0.000000000000000000e+00,-7.225080393912678423e-01,0.000000000000000000e+00,0.000000000000000000e+00,0.000000000000000000e+00,0.000000000000000000e+00,0.000000000000000000e+00,0.000000000000000000e+00,0.000000000000000000e+00,0.000000000000000000e+00,-1.156864240122555287e+00
0.000000000000000000e+00,-2.409981958423723203e+00,0.000000000000000000e+00,0.000000000000000000e+00,0.000000000000000000e+00,0.000000000000000000e+00,0.000000000000000000e+00,0.000000000000000000e+00,0.000000000000000000e+00,0.000000000000000000e+00,-1.070419110287634812e+00,0.000000000000000000e+00,-1.375949439052328804e+00,0.000000000000000000e+00,0.000000000000000000e+00,0.000000000000000000e+00,0.000000000000000000e+00,0.000000000000000000e+00,0.000000000000000000e+00,0.000000000000000000e+00,0.000000000000000000e+00,-2.297767839928094524e+00
0.000000000000000000e+00,-3.840155291840268159e+00,0.000000000000000000e+00,0.000000000000000000e+00,0.000000000000000000e+00,0.000000000000000000e+00,0.000000000000000000e+00,0.000000000000000000e+00,0.000000000000000000e+00,0.000000000000000000e+00,-2.184778142890348107e+00,0.000000000000000000e+00,-2.152991603261644737e+00,0.000000000000000000e+00,0.000000000000000000e+00,0.000000000000000000e+00,0.000000000000000000e+00,0.000000000000000000e+00,0.000000000000000000e+00,0.000000000000000000e+00,0.000000000000000000e+00,-3.624589597402941621e+00
0.000000000000000000e+00,2.115041358643751757e+00,0.000000000000000000e+00,0.000000000000000000e+00,0.000000000000000000e+00,0.000000000000000000e+00,0.000000000000000000e+00,0.000000000000000000e+00,0.000000000000000000e+00,0.000000000000000000e+00,1.086597563773876729e-01,0.000000000000000000e+00,1.341462166641437914e+00,0.000000000000000000e+00,0.000000000000000000e+00,0.000000000000000000e+00,0.000000000000000000e+00,0.000000000000000000e+00,0.000000000000000000e+00,0.000000000000000000e+00,0.000000000000000000e+00,2.368607423867703066e+00
0.000000000000000000e+00,2.175610061777619730e+00,0.000000000000000000e+00,0.000000000000000000e+00,0.000000000000000000e+00,0.000000000000000000e+00,0.000000000000000000e+00,0.000000000000000000e+00,0.000000000000000000e+00,0.000000000000000000e+00,-5.424149680918934069e-02,0.000000000000000000e+00,1.391822717150114075e+00,0.000000000000000000e+00,0.000000000000000000e+00,0.000000000000000000e+00,0.000000000000000000e+00,0.000000000000000000e+00,0.000000000000000000e+00,0.000000000000000000e+00,0.000000000000000000e+00,2.410385111934036484e+00
0.000000000000000000e+00,2.555762876567345465e+00,0.000000000000000000e+00,0.000000000000000000e+00,0.000000000000000000e+00,0.000000000000000000e+00,0.000000000000000000e+00,0.000000000000000000e+00,0.000000000000000000e+00,0.000000000000000000e+00,-5.795951043293198768e-02,0.000000000000000000e+00,1.601564112368186965e+00,0.000000000000000000e+00,0.000000000000000000e+00,0.000000000000000000e+00,0.000000000000000000e+00,0.000000000000000000e+00,0.000000000000000000e+00,0.000000000000000000e+00,0.000000000000000000e+00,2.732869425780985573e+00
0.000000000000000000e+00,3.269452913029649466e+00,0.000000000000000000e+00,0.000000000000000000e+00,0.000000000000000000e+00,0.000000000000000000e+00,0.000000000000000000e+00,0.000000000000000000e+00,0.000000000000000000e+00,0.000000000000000000e+00,1.413594676304112396e-01,0.000000000000000000e+00,1.983588057067866561e+00,0.000000000000000000e+00,0.000000000000000000e+00,0.000000000000000000e+00,0.000000000000000000e+00,0.000000000000000000e+00,0.000000000000000000e+00,0.000000000000000000e+00,0.000000000000000000e+00,3.357001969947686071e+00
0.000000000000000000e+00,4.250455262772484311e+00,0.000000000000000000e+00,0.000000000000000000e+00,0.000000000000000000e+00,0.000000000000000000e+00,0.000000000000000000e+00,0.000000000000000000e+00,0.000000000000000000e+00,0.000000000000000000e+00,5.463407994494717812e-01,0.000000000000000000e+00,2.521037992821008267e+00,0.000000000000000000e+00,0.000000000000000000e+00,0.000000000000000000e+00,0.000000000000000000e+00,0.000000000000000000e+00,0.000000000000000000e+00,0.000000000000000000e+00,0.000000000000000000e+00,4.224441560452408595e+00
0.000000000000000000e+00,-1.169884790860109991e+00,0.000000000000000000e+00,0.000000000000000000e+00,0.000000000000000000e+00,0.000000000000000000e+00,-8.608940261203064104e-01,0.000000000000000000e+00,-3.742052657713200503e+00,0.000000000000000000e+00,0.000000000000000000e+00,0.000000000000000000e+00,7.783727413247750748e-01,0.000000000000000000e+00,0.000000000000000000e+00,0.000000000000000000e+00,0.000000000000000000e+00,1.842192274121178530e-01,0.000000000000000000e+00,5.002135409790878784e-01,0.000000000000000000e+00,0.000000000000000000e+00
0.000000000000000000e+00,-9.828808998086836501e-01,0.000000000000000000e+00,0.000000000000000000e+00,0.000000000000000000e+00,0.000000000000000000e+00,-8.619238908776334362e-01,0.000000000000000000e+00,-3.710075978317204815e+00,0.000000000000000000e+00,0.000000000000000000e+00,0.000000000000000000e+00,9.986528345857261790e-01,0.000000000000000000e+00,0.000000000000000000e+00,0.000000000000000000e+00,0.000000000000000000e+00,1.920773191041689198e-01,0.000000000000000000e+00,6.315233970050493362e-01,0.000000000000000000e+00,0.000000000000000000e+00
0.000000000000000000e+00,-6.904045605652640027e-01,0.000000000000000000e+00,0.000000000000000000e+00,0.000000000000000000e+00,0.000000000000000000e+00,-8.721216407824132766e-01,0.000000000000000000e+00,-3.597088288196556682e+00,0.000000000000000000e+00,0.000000000000000000e+00,0.000000000000000000e+00,1.249887933487032088e+00,0.000000000000000000e+00,0.000000000000000000e+00,0.000000000000000000e+00,0.000000000000000000e+00,2.237934398687166093e-01,0.000000000000000000e+00,8.089452739218879751e-01,0.000000000000000000e+00,0.000000000000000000e+00
0.000000000000000000e+00,-3.032385307594304136e-01,0.000000000000000000e+00,0.000000000000000000e+00,0.000000000000000000e+00,0.000000000000000000e+00,-8.790025061331175893e-01,0.000000000000000000e+00,-3.414073303748081489e+00,0.000000000000000000e+00,0.000000000000000000e+00,0.000000000000000000e+00,1.515665241198769442e+00,0.000000000000000000e+00,0.000000000000000000e+00,0.000000000000000000e+00,0.000000000000000000e+00,2.734541291599414392e-01,0.000000000000000000e+00,1.012955061946361868e+00,0.000000000000000000e+00,0.000000000000000000e+00
0.000000000000000000e+00,1.366031110512869184e-01,0.000000000000000000e+00,0.000000000000000000e+00,0.000000000000000000e+00,0.000000000000000000e+00,-8.700860796509992667e-01,0.000000000000000000e+00,-3.179579036674209824e+00,0.000000000000000000e+00,0.000000000000000000e+00,0.000000000000000000e+00,1.775705296041719672e+00,0.000000000000000000e+00,0.000000000000000000e+00,0.000000000000000000e+00,0.000000000000000000e+00,3.329738713121153659e-01,0.000000000000000000e+00,1.219415615679200648e+00,0.000000000000000000e+00,0.000000000000000000e+00
0.000000000000000000e+00,-2.298799290500922743e-01,0.000000000000000000e+00,0.000000000000000000e+00,0.000000000000000000e+00,0.000000000000000000e+00,1.175132222962347733e-01,0.000000000000000000e+00,4.269882014894357120e-02,0.000000000000000000e+00,0.000000000000000000e+00,0.000000000000000000e+00,-6.420108145981504588e-01,0.000000000000000000e+00,0.000000000000000000e+00,0.000000000000000000e+00,0.000000000000000000e+00,-2.080430001932020712e-01,0.000000000000000000e+00,-3.758903689628343980e-01,0.000000000000000000e+00,0.000000000000000000e+00
0.000000000000000000e+00,-5.446682306150479880e-01,0.000000000000000000e+00,0.000000000000000000e+00,0.000000000000000000e+00,0.000000000000000000e+00,1.581091617494305157e-01,0.000000000000000000e+00,9.834886941552455075e-02,0.000000000000000000e+00,0.000000000000000000e+00,0.000000000000000000e+00,-1.047608239719111323e+00,0.000000000000000000e+00,0.000000000000000000e+00,0.000000000000000000e+00,0.000000000000000000e+00,-2.255043171917123224e-01,0.000000000000000000e+00,-3.390921599643376139e-01,0.000000000000000000e+00,0.000000000000000000e+00
0.000000000000000000e+00,-9.813708663407340049e-01,0.000000000000000000e+00,0.000000000000000000e+00,0.000000000000000000e+00,0.000000000000000000e+00,1.983017953533746935e-01,0.000000000000000000e+00,3.109404890187548731e-01,0.000000000000000000e+00,0.000000000000000000e+00,0.000000000000000000e+00,-1.618388861254573596e+00,0.000000000000000000e+00,0.000000000000000000e+00,0.000000000000000000e+00,0.000000000000000000e+00,-2.879353986110279595e-01,0.000000000000000000e+00,-5.327272424453626254e-01,0.000000000000000000e+00,0.000000000000000000e+00
0.000000000000000000e+00,-1.346088957316656787e+00,0.000000000000000000e+00,0.000000000000000000e+00,0.000000000000000000e+00,0.000000000000000000e+00,4.062510172635198091e-01,0.000000000000000000e+00,6.032682564947361437e-01,0.000000000000000000e+00,0.000000000000000000e+00,0.000000000000000000e+00,-2.362865881497947740e+00,0.000000000000000000e+00,0.000000000000000000e+00,0.000000000000000000e+00,0.000000000000000000e+00,-4.577102628786624550e-01,0.000000000000000000e+00,-6.365820342045148683e-01,0.000000000000000000e+00,0.000000000000000000e+00
0.000000000000000000e+00,-1.434399336467371944e+00,0.000000000000000000e+00,0.000000000000000000e+00,0.000000000000000000e+00,0.000000000000000000e+00,7.055541641834879307e-01,0.000000000000000000e+00,1.034957585998229401e+00,0.000000000000000000e+00,0.000000000000000000e+00,0.000000000000000000e+00,-2.843409614828208642e+00,0.000000000000000000e+00,0.000000000000000000e+00,0.000000000000000000e+00,0.000000000000000000e+00,-6.824350758447284004e-01,0.000000000000000000e+00,-7.138034101343355697e-01,0.000000000000000000e+00,0.000000000000000000e+00
0.000000000000000000e+00,-4.126009452749487827e-01,0.000000000000000000e+00,0.000000000000000000e+00,0.000000000000000000e+00,0.000000000000000000e+00,7.347713578921589994e-02,0.000000000000000000e+00,2.183791914247960181e-02,0.000000000000000000e+00,0.000000000000000000e+00,0.000000000000000000e+00,-4.365709891358283690e-01,0.000000000000000000e+00,0.000000000000000000e+00,0.000000000000000000e+00,0.000000000000000000e+00,-9.675752501900235225e-02,0.000000000000000000e+00,-2.441038611895803290e-01,0.000000000000000000e+00,0.000000000000000000e+00
0.000000000000000000e+00,-6.421968034941083481e-01,0.000000000000000000e+00,0.000000000000000000e+00,0.000000000000000000e+00,0.000000000000000000e+00,1.666545495524429099e-01,0.000000000000000000e+00,2.492279455049577486e-01,0.000000000000000000e+00,0.000000000000000000e+00,0.000000000000000000e+00,-7.448790198932582207e-01,0.000000000000000000e+00,0.000000000000000000e+00,0.000000000000000000e+00,0.000000000000000000e+00,-1.752714939787276827e-01,0.000000000000000000e+00,-4.532668570978650724e-01,0.000000000000000000e+00,0.000000000000000000e+00
0.000000000000000000e+00,-8.833284469483515533e-01,0.000000000000000000e+00,0.000000000000000000e+00,0.000000000000000000e+00,0.000000000000000000e+00,2.752905951850658228e-01,0.000000000000000000e+00,5.033239848618836776e-01,0.000000000000000000e+00,0.000000000000000000e+00,0.000000000000000000e+00,-1.169960477383952480e+00,0.000000000000000000e+00,0.000000000000000000e+00,0.000000000000000000e+00,0.000000000000000000e+00,-2.835315789698454325e-01,0.000000000000000000e+00,-7.731434290198964110e-01,0.000000000000000000e+00,0.000000000000000000e+00
0.000000000000000000e+00,-1.086951544059149288e+00,0.000000000000000000e+00,0.000000000000000000e+00,0.000000000000000000e+00,0.000000000000000000e+00,4.070966365143900978e-01,0.000000000000000000e+00,7.966245821440558483e-01,0.000000000000000000e+00,0.000000000000000000e+00,0.000000000000000000e+00,-1.649809765750972934e+00,0.000000000000000000e+00,0.000000000000000000e+00,0.000000000000000000e+00,0.000000000000000000e+00,-4.175392767182742881e-01,0.000000000000000000e+00,-1.145119905211362088e+00,0.000000000000000000e+00,0.000000000000000000e+00
0.000000000000000000e+00,-1.194517035160509222e+00,0.000000000000000000e+00,0.000000000000000000e+00,0.000000000000000000e+00,0.000000000000000000e+00,5.700518436573637215e-01,0.000000000000000000e+00,1.123455479633297394e+00,0.000000000000000000e+00,0.000000000000000000e+00,0.000000000000000000e+00,-2.099121162900977833e+00,0.000000000000000000e+00,0.000000000000000000e+00,0.000000000000000000e+00,0.000000000000000000e+00,-5.680924206711464031e-01,0.000000000000000000e+00,-1.492203761403880113e+00,0.000000000000000000e+00,0.000000000000000000e+00
0.000000000000000000e+00,-1.048954966737978278e-01,0.000000000000000000e+00,0.000000000000000000e+00,0.000000000000000000e+00,0.000000000000000000e+00,-3.426838859615606858e-01,0.000000000000000000e+00,-7.543639671710913319e-01,0.000000000000000000e+00,0.000000000000000000e+00,0.000000000000000000e+00,1.406443602528858694e+00,0.000000000000000000e+00,0.000000000000000000e+00,0.000000000000000000e+00,0.000000000000000000e+00,5.017125260262852438e-01,0.000000000000000000e+00,1.087624679079935985e+00,0.000000000000000000e+00,0.000000000000000000e+00
0.000000000000000000e+00,1.389960617960881717e-01,0.000000000000000000e+00,0.000000000000000000e+00,0.000000000000000000e+00,0.000000000000000000e+00,-3.783654991202126672e-01,0.000000000000000000e+00,-6.724330713040057583e-01,0.000000000000000000e+00,0.000000000000000000e+00,0.000000000000000000e+00,1.645591195512876137e+00,0.000000000000000000e+00,0.000000000000000000e+00,0.000000000000000000e+00,0.000000000000000000e+00,4.398817711195325830e-01,0.000000000000000000e+00,9.975776294746173667e-01,0.000000000000000000e+00,0.000000000000000000e+00
0.000000000000000000e+00,3.685804313774734831e-01,0.000000000000000000e+00,0.000000000000000000e+00,0.000000000000000000e+00,0.000000000000000000e+00,-3.129938202204698428e-01,0.000000000000000000e+00,-7.148073647322976676e-01,0.000000000000000000e+00,0.000000000000000000e+00,0.000000000000000000e+00,1.793734999376571659e+00,0.000000000000000000e+00,0.000000000000000000e+00,0.000000000000000000e+00,0.000000000000000000e+00,4.446750035722016881e-01,0.000000000000000000e+00,1.179369452665131268e+00,0.000000000000000000e+00,0.000000000000000000e+00
0.000000000000000000e+00,5.727835477440298417e-01,0.000000000000000000e+00,0.000000000000000000e+00,0.000000000000000000e+00,0.000000000000000000e+00,-4.589662485029938344e-01,0.000000000000000000e+00,-7.761217553610418873e-01,0.000000000000000000e+00,0.000000000000000000e+00,0.000000000000000000e+00,2.079275354217240857e+00,0.000000000000000000e+00,0.000000000000000000e+00,0.000000000000000000e+00,0.000000000000000000e+00,5.919549859243954382e-01,0.000000000000000000e+00,1.199371571745563969e+00,0.000000000000000000e+00,0.000000000000000000e+00
0.000000000000000000e+00,5.093465043869129794e-01,0.000000000000000000e+00,0.000000000000000000e+00,0.000000000000000000e+00,0.000000000000000000e+00,-6.188455665402153860e-01,0.000000000000000000e+00,-1.053831721660698495e+00,0.000000000000000000e+00,0.000000000000000000e+00,0.000000000000000000e+00,2.313780590718853780e+00,0.000000000000000000e+00,0.000000000000000000e+00,0.000000000000000000e+00,0.000000000000000000e+00,6.544242121480606800e-01,0.000000000000000000e+00,1.263072737144717683e+00,0.000000000000000000e+00,0.000000000000000000e+00
-7.141216479830521990e+00,0.000000000000000000e+00,0.000000000000000000e+00,0.000000000000000000e+00,0.000000000000000000e+00,0.000000000000000000e+00,8.828506365623089991e-01,0.000000000000000000e+00,0.000000000000000000e+00,0.000000000000000000e+00,0.000000000000000000e+00,1.741063925338965479e+00,0.000000000000000000e+00,0.000000000000000000e+00,0.000000000000000000e+00,0.000000000000000000e+00,0.000000000000000000e+00,1.709705672055441994e+00,0.000000000000000000e+00,0.000000000000000000e+00,0.000000000000000000e+00,0.000000000000000000e+00
-6.976366396782587742e+00,0.000000000000000000e+00,0.000000000000000000e+00,0.000000000000000000e+00,0.000000000000000000e+00,0.000000000000000000e+00,1.154215245511380106e+00,0.000000000000000000e+00,0.000000000000000000e+00,0.000000000000000000e+00,0.000000000000000000e+00,2.027834326776177587e+00,0.000000000000000000e+00,0.000000000000000000e+00,0.000000000000000000e+00,0.000000000000000000e+00,0.000000000000000000e+00,1.833622592201142210e+00,0.000000000000000000e+00,0.000000000000000000e+00,0.000000000000000000e+00,0.000000000000000000e+00
-6.789229890447418647e+00,0.000000000000000000e+00,0.000000000000000000e+00,0.000000000000000000e+00,0.000000000000000000e+00,0.000000000000000000e+00,1.480124408634144739e+00,0.000000000000000000e+00,0.000000000000000000e+00,0.000000000000000000e+00,0.000000000000000000e+00,2.411705790233442670e+00,0.000000000000000000e+00,0.000000000000000000e+00,0.000000000000000000e+00,0.000000000000000000e+00,0.000000000000000000e+00,2.020322840908381323e+00,0.000000000000000000e+00,0.000000000000000000e+00,0.000000000000000000e+00,0.000000000000000000e+00
-6.561595845933782201e+00,0.000000000000000000e+00,0.000000000000000000e+00,0.000000000000000000e+00,0.000000000000000000e+00,0.000000000000000000e+00,1.859296086556676775e+00,0.000000000000000000e+00,0.000000000000000000e+00,0.000000000000000000e+00,0.000000000000000000e+00,2.876235747726687109e+00,0.000000000000000000e+00,0.000000000000000000e+00,0.000000000000000000e+00,0.000000000000000000e+00,0.000000000000000000e+00,2.269251498738842798e+00,0.000000000000000000e+00,0.000000000000000000e+00,0.000000000000000000e+00,0.000000000000000000e+00
-6.270815374699670208e+00,0.000000000000000000e+00,0.000000000000000000e+00,0.000000000000000000e+00,0.000000000000000000e+00,0.000000000000000000e+00,2.284052844626326628e+00,0.000000000000000000e+00,0.000000000000000000e+00,0.000000000000000000e+00,0.000000000000000000e+00,3.398660368754451433e+00,0.000000000000000000e+00,0.000000000000000000e+00,0.000000000000000000e+00,0.000000000000000000e+00,0.000000000000000000e+00,2.575984325643400741e+00,0.000000000000000000e+00,0.000000000000000000e+00,0.000000000000000000e+00,0.000000000000000000e+00
2.561583140834539085e-01,0.000000000000000000e+00,0.000000000000000000e+00,0.000000000000000000e+00,0.000000000000000000e+00,0.000000000000000000e+00,-8.756701478183456233e-01,0.000000000000000000e+00,0.000000000000000000e+00,0.000000000000000000e+00,0.000000000000000000e+00,-1.115881785909216717e+00,0.000000000000000000e+00,0.000000000000000000e+00,0.000000000000000000e+00,0.000000000000000000e+00,0.000000000000000000e+00,-7.061167793975884344e-01,0.000000000000000000e+00,0.000000000000000000e+00,0.000000000000000000e+00,0.000000000000000000e+00
2.832008307882638576e-01,0.000000000000000000e+00,0.000000000000000000e+00,0.000000000000000000e+00,0.000000000000000000e+00,0.000000000000000000e+00,-1.352030272569777924e+00,0.000000000000000000e+00,0.000000000000000000e+00,0.000000000000000000e+00,0.000000000000000000e+00,-1.594524675463369512e+00,0.000000000000000000e+00,0.000000000000000000e+00,0.000000000000000000e+00,0.000000000000000000e+00,0.000000000000000000e+00,-9.424438994972053063e-01,0.000000000000000000e+00,0.000000000000000000e+00,0.000000000000000000e+00,0.000000000000000000e+00
3.668200391324206167e-01,0.000000000000000000e+00,0.000000000000000000e+00,0.000000000000000000e+00,0.000000000000000000e+00,0.000000000000000000e+00,-1.993200519368881984e+00,0.000000000000000000e+00,0.000000000000000000e+00,0.000000000000000000e+00,0.000000000000000000e+00,-2.262818514154370408e+00,0.000000000000000000e+00,0.000000000000000000e+00,0.000000000000000000e+00,0.000000000000000000e+00,0.000000000000000000e+00,-1.322364922545375965e+00,0.000000000000000000e+00,0.000000000000000000e+00,0.000000000000000000e+00,0.000000000000000000e+00
5.629814386814802063e-01,0.000000000000000000e+00,0.000000000000000000e+00,0.000000000000000000e+00,0.000000000000000000e+00,0.000000000000000000e+00,-2.847628173353388359e+00,0.000000000000000000e+00,0.000000000000000000e+00,0.000000000000000000e+00,0.000000000000000000e+00,-3.177623407119651411e+00,0.000000000000000000e+00,0.000000000000000000e+00,0.000000000000000000e+00,0.000000000000000000e+00,0.000000000000000000e+00,-1.883321183657918008e+00,0.000000000000000000e+00,0.000000000000000000e+00,0.000000000000000000e+00,0.000000000000000000e+00
7.821518788463068805e-01,0.000000000000000000e+00,0.000000000000000000e+00,0.000000000000000000e+00,0.000000000000000000e+00,0.000000000000000000e+00,-3.760769031560516673e+00,0.000000000000000000e+00,0.000000000000000000e+00,0.000000000000000000e+00,0.000000000000000000e+00,-4.404574935895287702e+00,0.000000000000000000e+00,0.000000000000000000e+00,0.000000000000000000e+00,0.000000000000000000e+00,0.000000000000000000e+00,-2.571918112541232482e+00,0.000000000000000000e+00,0.000000000000000000e+00,0.000000000000000000e+00,0.000000000000000000e+00
-8.339730324850866405e-02,0.000000000000000000e+00,0.000000000000000000e+00,0.000000000000000000e+00,0.000000000000000000e+00,0.000000000000000000e+00,-8.270120044482934807e-01,0.000000000000000000e+00,0.000000000000000000e+00,0.000000000000000000e+00,0.000000000000000000e+00,-9.985048664723689127e-01,0.000000000000000000e+00,0.000000000000000000e+00,0.000000000000000000e+00,0.000000000000000000e+00,0.000000000000000000e+00,-8.057962070336875948e-01,0.000000000000000000e+00,0.000000000000000000e+00,0.000000000000000000e+00,0.000000000000000000e+00
4.601127581799440563e-02,0.000000000000000000e+00,0.000000000000000000e+00,0.000000000000000000e+00,0.000000000000000000e+00,0.000000000000000000e+00,-1.288950803603548190e+00,0.000000000000000000e+00,0.000000000000000000e+00,0.000000000000000000e+00,0.000000000000000000e+00,-1.495127202585208259e+00,0.000000000000000000e+00,0.000000000000000000e+00,0.000000000000000000e+00,0.000000000000000000e+00,0.000000000000000000e+00,-1.115070323277962183e+00,0.000000000000000000e+00,0.000000000000000000e+00,0.000000000000000000e+00,0.000000000000000000e+00
2.548538914763344709e-01,0.000000000000000000e+00,0.000000000000000000e+00,0.000000000000000000e+00,0.000000000000000000e+00,0.000000000000000000e+00,-1.955038335326676036e+00,0.000000000000000000e+00,0.000000000000000000e+00,0.000000000000000000e+00,0.000000000000000000e+00,-2.199654271768780145e+00,0.000000000000000000e+00,0.000000000000000000e+00,0.000000000000000000e+00,0.000000000000000000e+00,0.000000000000000000e+00,-1.506435139516989041e+00,0.000000000000000000e+00,0.000000000000000000e+00,0.000000000000000000e+00,0.000000000000000000e+00
5.202616826617652013e-01,0.000000000000000000e+00,0.000000000000000000e+00,0.000000000000000000e+00,0.000000000000000000e+00,0.000000000000000000e+00,-2.792088711269924861e+00,0.000000000000000000e+00,0.000000000000000000e+00,0.000000000000000000e+00,0.000000000000000000e+00,-3.078221499509720349e+00,0.000000000000000000e+00,0.000000000000000000e+00,0.000000000000000000e+00,0.000000000000000000e+00,0.000000000000000000e+00,-1.953898946936239778e+00,0.000000000000000000e+00,0.000000000000000000e+00,0.000000000000000000e+00,0.000000000000000000e+00
7.978579939308624303e-01,0.000000000000000000e+00,0.000000000000000000e+00,0.000000000000000000e+00,0.000000000000000000e+00,0.000000000000000000e+00,-3.734362831145519035e+00,0.000000000000000000e+00,0.000000000000000000e+00,0.000000000000000000e+00,0.000000000000000000e+00,-4.071996817449853978e+00,0.000000000000000000e+00,0.000000000000000000e+00,0.000000000000000000e+00,0.000000000000000000e+00,0.000000000000000000e+00,-2.430699945889066793e+00,0.000000000000000000e+00,0.000000000000000000e+00,0.000000000000000000e+00,0.000000000000000000e+00
-1.762763990244980317e+00,0.000000000000000000e+00,0.000000000000000000e+00,0.000000000000000000e+00,0.000000000000000000e+00,0.000000000000000000e+00,3.605360026647011829e+00,0.000000000000000000e+00,0.000000000000000000e+00,0.000000000000000000e+00,0.000000000000000000e+00,3.766842472495711469e+00,0.000000000000000000e+00,0.000000000000000000e+00,0.000000000000000000e+00,0.000000000000000000e+00,0.000000000000000000e+00,2.819923250360247380e+00,0.000000000000000000e+00,0.000000000000000000e+00,0.000000000000000000e+00,0.000000000000000000e+00
-1.653581749033036674e+00,0.000000000000000000e+00,0.000000000000000000e+00,0.000000000000000000e+00,0.000000000000000000e+00,0.000000000000000000e+00,3.743870209412177630e+00,0.000000000000000000e+00,0.000000000000000000e+00,0.000000000000000000e+00,0.000000000000000000e+00,4.053876159036574833e+00,0.000000000000000000e+00,0.000000000000000000e+00,0.000000000000000000e+00,0.000000000000000000e+00,0.000000000000000000e+00,2.978648159270909535e+00,0.000000000000000000e+00,0.000000000000000000e+00,0.000000000000000000e+00,0.000000000000000000e+00
-1.784139123716218744e+00,0.000000000000000000e+00,0.000000000000000000e+00,0.000000000000000000e+00,0.000000000000000000e+00,0.000000000000000000e+00,4.023284888763975609e+00,0.000000000000000000e+00,0.000000000000000000e+00,0.000000000000000000e+00,0.000000000000000000e+00,4.468019058673799115e+00,0.000000000000000000e+00,0.000000000000000000e+00,0.000000000000000000e+00,0.000000000000000000e+00,0.000000000000000000e+00,3.193579871066543507e+00,0.000000000000000000e+00,0.000000000000000000e+00,0.000000000000000000e+00,0.000000000000000000e+00
-2.145468068253860938e+00,0.000000000000000000e+00,0.000000000000000000e+00,0.000000000000000000e+00,0.000000000000000000e+00,0.000000000000000000e+00,4.468437924207416145e+00,0.000000000000000000e+00,0.000000000000000000e+00,0.000000000000000000e+00,0.000000000000000000e+00,5.050247742052150990e+00,0.000000000000000000e+00,0.000000000000000000e+00,0.000000000000000000e+00,0.000000000000000000e+00,0.000000000000000000e+00,3.493092626979681814e+00,0.000000000000000000e+00,0.000000000000000000e+00,0.000000000000000000e+00,0.000000000000000000e+00
-2.658745227187168769e+00,0.000000000000000000e+00,0.000000000000000000e+00,0.000000000000000000e+00,0.000000000000000000e+00,0.000000000000000000e+00,5.063135235830909409e+00,0.000000000000000000e+00,0.000000000000000000e+00,0.000000000000000000e+00,0.000000000000000000e+00,5.818290539138027739e+00,0.000000000000000000e+00,0.000000000000000000e+00,0.000000000000000000e+00,0.000000000000000000e+00,0.000000000000000000e+00,3.904020704611146808e+00,0.000000000000000000e+00,0.000000000000000000e+00,0.000000000000000000e+00,0.000000000000000000e+00
0.000000000000000000e+00,0.000000000000000000e+00,-2.826648765631550209e+00,0.000000000000000000e+00,0.000000000000000000e+00,0.000000000000000000e+00,1.347478452578181572e-02,0.000000000000000000e+00,0.000000000000000000e+00,0.000000000000000000e+00,0.000000000000000000e+00,0.000000000000000000e+00,0.000000000000000000e+00,1.457559123976884363e+00,0.000000000000000000e+00,0.000000000000000000e+00,0.000000000000000000e+00,7.697603243216468716e-01,0.000000000000000000e+00,0.000000000000000000e+00,0.000000000000000000e+00,0.000000000000000000e+00
0.000000000000000000e+00,0.000000000000000000e+00,-2.735430227903784317e+00,0.000000000000000000e+00,0.000000000000000000e+00,0.000000000000000000e+00,2.670663412328794784e-01,0.000000000000000000e+00,0.000000000000000000e+00,0.000000000000000000e+00,0.000000000000000000e+00,0.000000000000000000e+00,0.000000000000000000e+00,1.983495067688093139e+00,0.000000000000000000e+00,0.000000000000000000e+00,0.000000000000000000e+00,9.756272404951946697e-01,0.000000000000000000e+00,0.000000000000000000e+00,0.000000000000000000e+00,0.000000000000000000e+00
0.000000000000000000e+00,0.000000000000000000e+00,-2.457958520908132716e+00,0.000000000000000000e+00,0.000000000000000000e+00,0.000000000000000000e+00,6.285296154068301666e-01,0.000000000000000000e+00,0.000000000000000000e+00,0.000000000000000000e+00,0.000000000000000000e+00,0.000000000000000000e+00,0.000000000000000000e+00,2.727843473330895385e+00,0.000000000000000000e+00,0.000000000000000000e+00,0.000000000000000000e+00,1.251625072558193219e+00,0.000000000000000000e+00,0.000000000000000000e+00,0.000000000000000000e+00,0.000000000000000000e+00
0.000000000000000000e+00,0.000000000000000000e+00,-1.993984576725359670e+00,0.000000000000000000e+00,0.000000000000000000e+00,0.000000000000000000e+00,1.052168349316639828e+00,0.000000000000000000e+00,0.000000000000000000e+00,0.000000000000000000e+00,0.000000000000000000e+00,0.000000000000000000e+00,0.000000000000000000e+00,3.637536637050902577e+00,0.000000000000000000e+00,0.000000000000000000e+00,0.000000000000000000e+00,1.567741258981399488e+00,0.000000000000000000e+00,0.000000000000000000e+00,0.000000000000000000e+00,0.000000000000000000e+00
0.000000000000000000e+00,0.000000000000000000e+00,-1.361355983715602402e+00,0.000000000000000000e+00,0.000000000000000000e+00,0.000000000000000000e+00,1.473327657544201141e+00,0.000000000000000000e+00,0.000000000000000000e+00,0.000000000000000000e+00,0.000000000000000000e+00,0.000000000000000000e+00,0.000000000000000000e+00,4.625009120111496230e+00,0.000000000000000000e+00,0.000000000000000000e+00,0.000000000000000000e+00,1.896153608696473203e+00,0.000000000000000000e+00,0.000000000000000000e+00,0.000000000000000000e+00,0.000000000000000000e+00
0.000000000000000000e+00,0.000000000000000000e+00,7.580826833421870636e-02,0.000000000000000000e+00,0.000000000000000000e+00,0.000000000000000000e+00,-4.200874976322302445e-01,0.000000000000000000e+00,0.000000000000000000e+00,0.000000000000000000e+00,0.000000000000000000e+00,0.000000000000000000e+00,0.000000000000000000e+00,-8.216609957058833569e-01,0.000000000000000000e+00,0.000000000000000000e+00,0.000000000000000000e+00,-3.634727439415519901e-01,0.000000000000000000e+00,0.000000000000000000e+00,0.000000000000000000e+00,0.000000000000000000e+00
0.000000000000000000e+00,0.000000000000000000e+00,4.540041300853575601e-02,0.000000000000000000e+00,0.000000000000000000e+00,0.000000000000000000e+00,-8.110153434997992017e-01,0.000000000000000000e+00,0.000000000000000000e+00,0.000000000000000000e+00,0.000000000000000000e+00,0.000000000000000000e+00,0.000000000000000000e+00,-1.635778912772975602e+00,0.000000000000000000e+00,0.000000000000000000e+00,0.000000000000000000e+00,-6.914987470026660032e-01,0.000000000000000000e+00,0.000000000000000000e+00,0.000000000000000000e+00,0.000000000000000000e+00
0.000000000000000000e+00,0.000000000000000000e+00,-2.610761801634040591e-01,0.000000000000000000e+00,0.000000000000000000e+00,0.000000000000000000e+00,-1.342253434284158553e+00,0.000000000000000000e+00,0.000000000000000000e+00,0.000000000000000000e+00,0.000000000000000000e+00,0.000000000000000000e+00,0.000000000000000000e+00,-2.803799015361720492e+00,0.000000000000000000e+00,0.000000000000000000e+00,0.000000000000000000e+00,-1.182959060555666353e+00,0.000000000000000000e+00,0.000000000000000000e+00,0.000000000000000000e+00,0.000000000000000000e+00
0.000000000000000000e+00,0.000000000000000000e+00,-8.624575999526983283e-01,0.000000000000000000e+00,0.000000000000000000e+00,0.000000000000000000e+00,-1.913949430340480706e+00,0.000000000000000000e+00,0.000000000000000000e+00,0.000000000000000000e+00,0.000000000000000000e+00,0.000000000000000000e+00,0.000000000000000000e+00,-4.352386079715131473e+00,0.000000000000000000e+00,0.000000000000000000e+00,0.000000000000000000e+00,-1.770153543834013687e+00,0.000000000000000000e+00,0.000000000000000000e+00,0.000000000000000000e+00,0.000000000000000000e+00
0.000000000000000000e+00,0.000000000000000000e+00,-1.996529917595641690e+00,0.000000000000000000e+00,0.000000000000000000e+00,0.000000000000000000e+00,-2.333757649689494507e+00,0.000000000000000000e+00,0.000000000000000000e+00,0.000000000000000000e+00,0.000000000000000000e+00,0.000000000000000000e+00,0.000000000000000000e+00,-6.059609207293569000e+00,0.000000000000000000e+00,0.000000000000000000e+00,0.000000000000000000e+00,-2.340233656960535313e+00,0.000000000000000000e+00,0.000000000000000000e+00,0.000000000000000000e+00,0.000000000000000000e+00
0.000000000000000000e+00,0.000000000000000000e+00,-2.128000629141285627e-01,0.000000000000000000e+00,0.000000000000000000e+00,0.000000000000000000e+00,-4.050851230810290082e-01,0.000000000000000000e+00,0.000000000000000000e+00,0.000000000000000000e+00,0.000000000000000000e+00,0.000000000000000000e+00,0.000000000000000000e+00,-7.503219508017947570e-01,0.000000000000000000e+00,0.000000000000000000e+00,0.000000000000000000e+00,-3.708622852810905535e-01,0.000000000000000000e+00,0.000000000000000000e+00,0.000000000000000000e+00,0.000000000000000000e+00
0.000000000000000000e+00,0.000000000000000000e+00,-2.170274967894940954e-01,0.000000000000000000e+00,0.000000000000000000e+00,0.000000000000000000e+00,-7.858867659430244235e-01,0.000000000000000000e+00,0.000000000000000000e+00,0.000000000000000000e+00,0.000000000000000000e+00,0.000000000000000000e+00,0.000000000000000000e+00,-1.583397445492692901e+00,0.000000000000000000e+00,0.000000000000000000e+00,0.000000000000000000e+00,-6.587797798549357431e-01,0.000000000000000000e+00,0.000000000000000000e+00,0.000000000000000000e+00,0.000000000000000000e+00
0.000000000000000000e+00,0.000000000000000000e+00,-4.698879612494533675e-01,0.000000000000000000e+00,0.000000000000000000e+00,0.000000000000000000e+00,-1.239926347351560043e+00,0.000000000000000000e+00,0.000000000000000000e+00,0.000000000000000000e+00,0.000000000000000000e+00,0.000000000000000000e+00,0.000000000000000000e+00,-2.632716525278092412e+00,0.000000000000000000e+00,0.000000000000000000e+00,0.000000000000000000e+00,-1.045932464512244309e+00,0.000000000000000000e+00,0.000000000000000000e+00,0.000000000000000000e+00,0.000000000000000000e+00
0.000000000000000000e+00,0.000000000000000000e+00,-9.655896624161449671e-01,0.000000000000000000e+00,0.000000000000000000e+00,0.000000000000000000e+00,-1.706275796998643735e+00,0.000000000000000000e+00,0.000000000000000000e+00,0.000000000000000000e+00,0.000000000000000000e+00,0.000000000000000000e+00,0.000000000000000000e+00,-3.804556017513496702e+00,0.000000000000000000e+00,0.000000000000000000e+00,0.000000000000000000e+00,-1.471661105382608303e+00,0.000000000000000000e+00,0.000000000000000000e+00,0.000000000000000000e+00,0.000000000000000000e+00
0.000000000000000000e+00,0.000000000000000000e+00,-1.667457708020441132e+00,0.000000000000000000e+00,0.000000000000000000e+00,0.000000000000000000e+00,-2.117991366222609972e+00,0.000000000000000000e+00,0.000000000000000000e+00,0.000000000000000000e+00,0.000000000000000000e+00,0.000000000000000000e+00,0.000000000000000000e+00,-4.973931300288306545e+00,0.000000000000000000e+00,0.000000000000000000e+00,0.000000000000000000e+00,-1.871719828964678811e+00,0.000000000000000000e+00,0.000000000000000000e+00,0.000000000000000000e+00,0.000000000000000000e+00
0.000000000000000000e+00,0.000000000000000000e+00,2.471692859518422603e-01,0.000000000000000000e+00,0.000000000000000000e+00,0.000000000000000000e+00,1.624260085367004613e+00,0.000000000000000000e+00,0.000000000000000000e+00,0.000000000000000000e+00,0.000000000000000000e+00,0.000000000000000000e+00,0.000000000000000000e+00,3.229663299133589849e+00,0.000000000000000000e+00,0.000000000000000000e+00,0.000000000000000000e+00,1.492126099265303818e+00,0.000000000000000000e+00,0.000000000000000000e+00,0.000000000000000000e+00,0.000000000000000000e+00
0.000000000000000000e+00,0.000000000000000000e+00,2.171571891702589463e-01,0.000000000000000000e+00,0.000000000000000000e+00,0.000000000000000000e+00,1.763254949845254549e+00,0.000000000000000000e+00,0.000000000000000000e+00,0.000000000000000000e+00,0.000000000000000000e+00,0.000000000000000000e+00,0.000000000000000000e+00,3.541556616755882736e+00,0.000000000000000000e+00,0.000000000000000000e+00,0.000000000000000000e+00,1.611320967936132664e+00,0.000000000000000000e+00,0.000000000000000000e+00,0.000000000000000000e+00,0.000000000000000000e+00
0.000000000000000000e+00,0.000000000000000000e+00,2.078394121481000612e-01,0.000000000000000000e+00,0.000000000000000000e+00,0.000000000000000000e+00,2.037143171781104822e+00,0.000000000000000000e+00,0.000000000000000000e+00,0.000000000000000000e+00,0.000000000000000000e+00,0.000000000000000000e+00,0.000000000000000000e+00,4.200879685337698177e+00,0.000000000000000000e+00,0.000000000000000000e+00,0.000000000000000000e+00,1.873265513065095478e+00,0.000000000000000000e+00,0.000000000000000000e+00,0.000000000000000000e+00,0.000000000000000000e+00
0.000000000000000000e+00,0.000000000000000000e+00,2.682287383974150674e-01,0.000000000000000000e+00,0.000000000000000000e+00,0.000000000000000000e+00,2.403390211797200582e+00,0.000000000000000000e+00,0.000000000000000000e+00,0.000000000000000000e+00,0.000000000000000000e+00,0.000000000000000000e+00,0.000000000000000000e+00,5.215112008029289647e+00,0.000000000000000000e+00,0.000000000000000000e+00,0.000000000000000000e+00,2.254513787226862132e+00,0.000000000000000000e+00,0.000000000000000000e+00,0.000000000000000000e+00,0.000000000000000000e+00
0.000000000000000000e+00,0.000000000000000000e+00,4.857722788021228144e-01,0.000000000000000000e+00,0.000000000000000000e+00,0.000000000000000000e+00,2.778312675519335251e+00,0.000000000000000000e+00,0.000000000000000000e+00,0.000000000000000000e+00,0.000000000000000000e+00,0.000000000000000000e+00,0.000000000000000000e+00,6.503453130562312445e+00,0.000000000000000000e+00,0.000000000000000000e+00,0.000000000000000000e+00,2.719798120829497012e+00,0.000000000000000000e+00,0.000000000000000000e+00,0.000000000000000000e+00,0.000000000000000000e+00
0.000000000000000000e+00,0.000000000000000000e+00,0.000000000000000000e+00,0.000000000000000000e+00,4.805468744826190686e-01,6.873984017855981898e-01,-2.424517404588007463e-01,0.000000000000000000e+00,-1.764429545210213890e+00,-2.794888816642572493e+00,0.000000000000000000e+00,0.000000000000000000e+00,0.000000000000000000e+00,0.000000000000000000e+00,0.000000000000000000e+00,7.078424148334491184e-01,9.051455357716117200e-01,1.928233979917749752e-02,0.000000000000000000e+00,3.500729984084741120e-01,7.177835021681718830e-01,0.000000000000000000e+00
0.000000000000000000e+00,0.000000000000000000e+00,0.000000000000000000e+00,0.000000000000000000e+00,6.656235280129749743e-01,9.623919062550534420e-01,-2.549941585133583821e-01,0.000000000000000000e+00,-1.767886082287735361e+00,-2.891717084946302307e+00,0.000000000000000000e+00,0.000000000000000000e+00,0.000000000000000000e+00,0.000000000000000000e+00,0.000000000000000000e+00,8.711420150260413831e-01,1.104928762601280035e+00,2.689032745111702080e-02,0.000000000000000000e+00,4.365433156258909930e-01,9.401216335947693015e-01,0.000000000000000000e+00
0.000000000000000000e+00,0.000000000000000000e+00,0.000000000000000000e+00,0.000000000000000000e+00,9.165132855961275471e-01,1.300162513932545671e+00,-2.578007910104889167e-01,0.000000000000000000e+00,-1.651506970483131109e+00,-2.833129610725670045e+00,0.000000000000000000e+00,0.000000000000000000e+00,0.000000000000000000e+00,0.000000000000000000e+00,0.000000000000000000e+00,1.066654964783257942e+00,1.342944587060265649e+00,4.345790438599288208e-02,0.000000000000000000e+00,5.540378556650900066e-01,1.209767127680433596e+00,0.000000000000000000e+00
0.000000000000000000e+00,0.000000000000000000e+00,0.000000000000000000e+00,0.000000000000000000e+00,1.215219094395621591e+00,1.677948622816648472e+00,-2.476162995053198812e-01,0.000000000000000000e+00,-1.420728544650743386e+00,-2.596564982286332146e+00,0.000000000000000000e+00,0.000000000000000000e+00,0.000000000000000000e+00,0.000000000000000000e+00,0.000000000000000000e+00,1.275420358623828632e+00,1.603973661472070322e+00,6.692216085200809739e-02,0.000000000000000000e+00,6.936726858477993973e-01,1.506312796604727167e+00,0.000000000000000000e+00
0.000000000000000000e+00,0.000000000000000000e+00,0.000000000000000000e+00,0.000000000000000000e+00,1.532685512125046667e+00,2.063878659402844651e+00,-2.235863746910626559e-01,0.000000000000000000e+00,-1.100821355460079864e+00,-2.185370898141467233e+00,0.000000000000000000e+00,0.000000000000000000e+00,0.000000000000000000e+00,0.000000000000000000e+00,0.000000000000000000e+00,1.475415203400756159e+00,1.868777655356069767e+00,9.441450910844220723e-02,0.000000000000000000e+00,8.445286319784188755e-01,1.803985631725033567e+00,0.000000000000000000e+00
0.000000000000000000e+00,0.000000000000000000e+00,0.000000000000000000e+00,0.000000000000000000e+00,-4.753253613131384614e-01,-6.775163780411387338e-01,1.119854906144427953e-01,0.000000000000000000e+00,1.881883517577918330e-01,5.361052007048290324e-01,0.000000000000000000e+00,0.000000000000000000e+00,0.000000000000000000e+00,0.000000000000000000e+00,0.000000000000000000e+00,-4.219413073462305319e-01,-5.577172574016984186e-01,-1.644051171067084302e-02,0.000000000000000000e+00,-2.489016308173799263e-01,-5.380254559825151661e-01,0.000000000000000000e+00
0.000000000000000000e+00,0.000000000000000000e+00,0.000000000000000000e+00,0.000000000000000000e+00,-6.376976904938430613e-01,-9.354331449034576362e-01,1.070277129029427038e-01,0.000000000000000000e+00,7.288235939619286397e-02,3.650253012055517110e-01,0.000000000000000000e+00,0.000000000000000000e+00,0.000000000000000000e+00,0.000000000000000000e+00,0.000000000000000000e+00,-5.851038216417578930e-01,-7.554689736274963208e-01,-1.471177806911926761e-02,0.000000000000000000e+00,-3.245474091751840984e-01,-7.581876323802415607e-01,0.000000000000000000e+00
0.000000000000000000e+00,0.000000000000000000e+00,0.000000000000000000e+00,0.000000000000000000e+00,-9.316054332364814838e-01,-1.372693470896627188e+00,8.368161883605781948e-02,0.000000000000000000e+00,-2.923510452038510232e-01,1.139262563436496123e-01,0.000000000000000000e+00,0.000000000000000000e+00,0.000000000000000000e+00,0.000000000000000000e+00,0.000000000000000000e+00,-8.383119485171829366e-01,-1.040210066580822712e+00,-1.667230930123416235e-02,0.000000000000000000e+00,-4.945279822560191829e-01,-1.126922239296998196e+00,0.000000000000000000e+00
0.000000000000000000e+00,0.000000000000000000e+00,0.000000000000000000e+00,0.000000000000000000e+00,-1.331196468643437880e+00,-1.995516112226284333e+00,3.372364726057276718e-02,0.000000000000000000e+00,-8.860322492430913188e-01,-4.241734825966012590e-01,0.000000000000000000e+00,0.000000000000000000e+00,0.000000000000000000e+00,0.000000000000000000e+00,0.000000000000000000e+00,-1.083077112866592362e+00,-1.392792105068058506e+00,-1.343782301516131643e-02,0.000000000000000000e+00,-7.262093137433770496e-01,-1.602066204774964309e+00,0.000000000000000000e+00
0.000000000000000000e+00,0.000000000000000000e+00,0.000000000000000000e+00,0.000000000000000000e+00,-1.800237337820152828e+00,-2.963700277326687615e+00,2.771980895077073154e-02,0.000000000000000000e+00,-1.446076306831644898e+00,-1.406394421055087607e+00,0.000000000000000000e+00,0.000000000000000000e+00,0.000000000000000000e+00,0.000000000000000000e+00,0.000000000000000000e+00,-1.284407620769240754e+00,-1.636276330901769827e+00,-4.923442366643304702e-02,0.000000000000000000e+00,-9.748785082574681349e-01,-2.033855429062830567e+00,0.000000000000000000e+00
0.000000000000000000e+00,0.000000000000000000e+00,0.000000000000000000e+00,0.000000000000000000e+00,-2.052609420664457118e-01,-3.240575940022410451e-01,1.423380745560757880e-02,0.000000000000000000e+00,-1.631971974596993849e-02,4.282077426825043470e-02,0.000000000000000000e+00,0.000000000000000000e+00,0.000000000000000000e+00,0.000000000000000000e+00,0.000000000000000000e+00,-1.719692313108935333e-01,-2.595834575688678036e-01,1.823275776508874804e-02,0.000000000000000000e+00,-1.490867633644583634e-01,-2.495889867796909911e-01,0.000000000000000000e+00
0.000000000000000000e+00,0.000000000000000000e+00,0.000000000000000000e+00,0.000000000000000000e+00,-5.229934259422288623e-01,-7.356353396396319022e-01,4.312455456731938835e-02,0.000000000000000000e+00,-6.645959401031791003e-02,1.484164552183144525e-01,0.000000000000000000e+00,0.000000000000000000e+00,0.000000000000000000e+00,0.000000000000000000e+00,0.000000000000000000e+00,-4.437951499319083837e-01,-5.822747049872087910e-01,-2.383374254486336687e-03,0.000000000000000000e+00,-2.745963383093396604e-01,-6.043816878281285110e-01,0.000000000000000000e+00
0.000000000000000000e+00,0.000000000000000000e+00,0.000000000000000000e+00,0.000000000000000000e+00,-9.332331196540532003e-01,-1.316895646988263335e+00,7.186568919304611724e-02,0.000000000000000000e+00,-2.700157647579842779e-01,5.841251206047429201e-02,0.000000000000000000e+00,0.000000000000000000e+00,0.000000000000000000e+00,0.000000000000000000e+00,0.000000000000000000e+00,-7.818379399631339988e-01,-9.791223287454864366e-01,-3.825541343714165821e-02,0.000000000000000000e+00,-4.744114259601223682e-01,-1.063166179172605474e+00,0.000000000000000000e+00
0.000000000000000000e+00,0.000000000000000000e+00,0.000000000000000000e+00,0.000000000000000000e+00,-1.392962831548725910e+00,-1.996033739019367648e+00,9.526820920021339401e-02,0.000000000000000000e+00,-6.140316892019168638e-01,-2.052738971774237253e-01,0.000000000000000000e+00,0.000000000000000000e+00,0.000000000000000000e+00,0.000000000000000000e+00,0.000000000000000000e+00,-1.142504863876107057e+00,-1.391986500733600529e+00,-8.635616112930021016e-02,0.000000000000000000e+00,-6.973387851962241646e-01,-1.564558186675194307e+00,0.000000000000000000e+00
0.000000000000000000e+00,0.000000000000000000e+00,0.000000000000000000e+00,0.000000000000000000e+00,-1.848239418225815500e+00,-2.672020615798850862e+00,1.093857658673407229e-01,0.000000000000000000e+00,-1.047939906677865185e+00,-5.755516985713808875e-01,0.000000000000000000e+00,0.000000000000000000e+00,0.000000000000000000e+00,0.000000000000000000e+00,0.000000000000000000e+00,-1.478827638908252418e+00,-1.756158732335080241e+00,-1.407887474038392872e-01,0.000000000000000000e+00,-8.880110979332150878e-01,-2.034210672650830887e+00,0.000000000000000000e+00
0.000000000000000000e+00,0.000000000000000000e+00,0.000000000000000000e+00,0.000000000000000000e+00,1.165067709800264639e+00,1.705391903130456521e+00,-1.532762230765316869e-01,0.000000000000000000e+00,-1.516215823728178091e-01,-6.705348811319876701e-01,0.000000000000000000e+00,0.000000000000000000e+00,0.000000000000000000e+00,0.000000000000000000e+00,0.000000000000000000e+00,1.157280092579785036e+00,1.472039618034366670e+00,1.054877708210938403e-01,0.000000000000000000e+00,7.203392748857357919e-01,1.554046949520289544e+00,0.000000000000000000e+00
0.000000000000000000e+00,0.000000000000000000e+00,0.000000000000000000e+00,0.000000000000000000e+00,1.276994100709013980e+00,1.900764710952601355e+00,-1.636269317440311732e-01,0.000000000000000000e+00,-1.064275663991054860e-01,-6.812807541456786797e-01,0.000000000000000000e+00,0.000000000000000000e+00,0.000000000000000000e+00,0.000000000000000000e+00,0.000000000000000000e+00,1.267673685884916246e+00,1.564936409721590316e+00,9.786870208561479489e-02,0.000000000000000000e+00,7.386320548992465485e-01,1.671303592848583763e+00,0.000000000000000000e+00
0.000000000000000000e+00,0.000000000000000000e+00,0.000000000000000000e+00,0.000000000000000000e+00,1.460223577339609502e+00,2.140601094491797252e+00,-1.653631344678304638e-01,0.000000000000000000e+00,-4.445175206809246632e-02,-7.565322102906559820e-01,0.000000000000000000e+00,0.000000000000000000e+00,0.000000000000000000e+00,0.000000000000000000e+00,0.000000000000000000e+00,1.419002420875727699e+00,1.742037597799381166e+00,9.213140740914893545e-02,0.000000000000000000e+00,8.145530159643461499e-01,1.859930317238532638e+00,0.000000000000000000e+00
0.000000000000000000e+00,0.000000000000000000e+00,0.000000000000000000e+00,0.000000000000000000e+00,1.732558156542043815e+00,2.506446541893133428e+00,-1.759162290127284090e-01,0.000000000000000000e+00,9.342572411093306994e-02,-7.867224202085658646e-01,0.000000000000000000e+00,0.000000000000000000e+00,0.000000000000000000e+00,0.000000000000000000e+00,0.000000000000000000e+00,1.626893397932430263e+00,2.009337797460727604e+00,1.014488217394940578e-01,0.000000000000000000e+00,9.599991832056918861e-01,2.120713655264232944e+00,0.000000000000000000e+00
0.000000000000000000e+00,0.000000000000000000e+00,0.000000000000000000e+00,0.000000000000000000e+00,2.120068963586347000e+00,3.043094917107968200e+00,-1.309861146586320524e-01,0.000000000000000000e+00,4.539216606213977712e-01,-2.743612770359108999e-01,0.000000000000000000e+00,0.000000000000000000e+00,0.000000000000000000e+00,0.000000000000000000e+00,0.000000000000000000e+00,1.808778831742001270e+00,2.240602871902650506e+00,1.418109267909045956e-01,0.000000000000000000e+00,1.152468664966808998e+00,2.410834165888005920e+00,0.000000000000000000e+00
0.000000000000000000e+00,0.000000000000000000e+00,0.000000000000000000e+00,2.267655780883843231e-01,0.000000000000000000e+00,5.767967983807656962e-01,-4.909640662815275003e-01,-1.519053139188542234e+00,0.000000000000000000e+00,-3.350146677232727743e+00,0.000000000000000000e+00,0.000000000000000000e+00,0.000000000000000000e+00,0.000000000000000000e+00,5.616713200196506994e-01,0.000000000000000000e+00,9.347497980254116934e-01,1.128808531832760642e-01,1.486663141826788659e-01,0.000000000000000000e+00,6.293640058588565456e-01,0.000000000000000000e+00
0.000000000000000000e+00,0.000000000000000000e+00,0.000000000000000000e+00,4.224345856512047859e-01,0.000000000000000000e+00,7.575881458656128498e-01,-4.746782696043815863e-01,-1.453243462226562199e+00,0.000000000000000000e+00,-3.142290854182840487e+00,0.000000000000000000e+00,0.000000000000000000e+00,0.000000000000000000e+00,0.000000000000000000e+00,6.201225088912231120e-01,0.000000000000000000e+00,1.013352904362597506e+00,1.408377427798129522e-01,1.740688565359504725e-01,0.000000000000000000e+00,7.340334746156995660e-01,0.000000000000000000e+00
0.000000000000000000e+00,0.000000000000000000e+00,0.000000000000000000e+00,6.520965580681508111e-01,0.000000000000000000e+00,9.704310156734130555e-01,-4.495335141455309991e-01,-1.355398320575500692e+00,0.000000000000000000e+00,-2.848684374378015693e+00,0.000000000000000000e+00,0.000000000000000000e+00,0.000000000000000000e+00,0.000000000000000000e+00,6.835202021247668291e-01,0.000000000000000000e+00,1.096118005768394132e+00,1.689830276616501314e-01,2.034639167683669203e-01,0.000000000000000000e+00,8.496705777583329899e-01,0.000000000000000000e+00
0.000000000000000000e+00,0.000000000000000000e+00,0.000000000000000000e+00,9.003063989595057048e-01,0.000000000000000000e+00,1.205569548335989616e+00,-4.155017014092479699e-01,-1.229694751979468759e+00,0.000000000000000000e+00,-2.482580188831770229e+00,0.000000000000000000e+00,0.000000000000000000e+00,0.000000000000000000e+00,0.000000000000000000e+00,7.476659562060166131e-01,0.000000000000000000e+00,1.180077080771489539e+00,1.961055740003667114e-01,2.350714854632053041e-01,0.000000000000000000e+00,9.692569593326847421e-01,0.000000000000000000e+00
0.000000000000000000e+00,0.000000000000000000e+00,0.000000000000000000e+00,1.148279206607684344e+00,0.000000000000000000e+00,1.450528033544437490e+00,-3.737209896246212470e-01,-1.082582453647469301e+00,0.000000000000000000e+00,-2.063881651932002459e+00,0.000000000000000000e+00,0.000000000000000000e+00,0.000000000000000000e+00,0.000000000000000000e+00,8.083935060141085316e-01,0.000000000000000000e+00,1.261952388730171348e+00,2.211414162503620995e-01,2.669841554815631790e-01,0.000000000000000000e+00,1.085490733694399301e+00,0.000000000000000000e+00
0.000000000000000000e+00,0.000000000000000000e+00,0.000000000000000000e+00,-3.772441004086327654e-01,0.000000000000000000e+00,-4.480759590346469756e-01,7.785643349070671751e-03,8.042911465851014519e-02,0.000000000000000000e+00,1.945981148942073358e-01,0.000000000000000000e+00,0.000000000000000000e+00,0.000000000000000000e+00,0.000000000000000000e+00,-2.768220264251876617e-01,0.000000000000000000e+00,-3.901953425984924784e-01,-7.023301978592932926e-02,-7.454700265875410792e-02,0.000000000000000000e+00,-4.357956971077046049e-01,0.000000000000000000e+00
0.000000000000000000e+00,0.000000000000000000e+00,0.000000000000000000e+00,-6.693081102867705079e-01,0.000000000000000000e+00,-7.648617787637904675e-01,2.971173718088790383e-02,8.041042964919722924e-02,0.000000000000000000e+00,1.897702343194349883e-01,0.000000000000000000e+00,0.000000000000000000e+00,0.000000000000000000e+00,0.000000000000000000e+00,-4.164205344294480415e-01,0.000000000000000000e+00,-6.111264834735417040e-01,-1.072976546475959969e-01,-1.311551474552127838e-01,0.000000000000000000e+00,-6.576412756419530714e-01,0.000000000000000000e+00
0.000000000000000000e+00,0.000000000000000000e+00,0.000000000000000000e+00,-1.081394775032568312e+00,0.000000000000000000e+00,-1.251736222987290814e+00,5.620898242440343362e-02,8.037081996329828448e-02,0.000000000000000000e+00,1.788301135543342579e-01,0.000000000000000000e+00,0.000000000000000000e+00,0.000000000000000000e+00,0.000000000000000000e+00,-6.069168438865560899e-01,0.000000000000000000e+00,-9.456950526504244170e-01,-1.809935635622230976e-01,-2.398542839867630894e-01,0.000000000000000000e+00,-9.526667506783680350e-01,0.000000000000000000e+00
0.000000000000000000e+00,0.000000000000000000e+00,0.000000000000000000e+00,-1.535465792110154881e+00,0.000000000000000000e+00,-1.997968915141616231e+00,1.014774793575285994e-01,8.031606306419114549e-02,0.000000000000000000e+00,1.346355797564868229e-01,0.000000000000000000e+00,0.000000000000000000e+00,0.000000000000000000e+00,0.000000000000000000e+00,-7.957801304597585945e-01,0.000000000000000000e+00,-1.318578761286794299e+00,-2.903687696286961772e-01,-3.999801640160964289e-01,0.000000000000000000e+00,-1.322342441514011480e+00,0.000000000000000000e+00
0.000000000000000000e+00,0.000000000000000000e+00,0.000000000000000000e+00,-2.018822242324462390e+00,0.000000000000000000e+00,-2.780348233168527194e+00,2.088239403473850231e-01,8.026081128880521720e-02,0.000000000000000000e+00,-3.270949376784825988e-03,0.000000000000000000e+00,0.000000000000000000e+00,0.000000000000000000e+00,0.000000000000000000e+00,-9.682896057413816759e-01,0.000000000000000000e+00,-1.631990838138646982e+00,-4.114492121469356944e-01,-5.694922744553242433e-01,0.000000000000000000e+00,-1.628142432206840073e+00,0.000000000000000000e+00
0.000000000000000000e+00,0.000000000000000000e+00,0.000000000000000000e+00,-2.269944260120728141e-01,0.000000000000000000e+00,-3.101873064512261635e-01,6.710769496682002927e-03,8.946281827461037561e-02,0.000000000000000000e+00,2.020665840786464440e-01,0.000000000000000000e+00,0.000000000000000000e+00,0.000000000000000000e+00,0.000000000000000000e+00,-1.601536796609313584e-01,0.000000000000000000e+00,-2.507421575118787826e-01,-4.386438871974140952e-02,-4.857815143059526081e-02,0.000000000000000000e+00,-2.208057344070356309e-01,0.000000000000000000e+00
0.000000000000000000e+00,0.000000000000000000e+00,0.000000000000000000e+00,-5.214247393379172202e-01,0.000000000000000000e+00,-6.484751277235910605e-01,2.276591096915527718e-02,8.947453959739651297e-02,0.000000000000000000e+00,2.254603812849667321e-01,0.000000000000000000e+00,0.000000000000000000e+00,0.000000000000000000e+00,0.000000000000000000e+00,-3.051633911371444685e-01,0.000000000000000000e+00,-5.121391395506557087e-01,-7.487714528006603198e-02,-1.169965422007609307e-01,0.000000000000000000e+00,-4.852711770508866818e-01,0.000000000000000000e+00
0.000000000000000000e+00,0.000000000000000000e+00,0.000000000000000000e+00,-9.243625683788936342e-01,0.000000000000000000e+00,-1.197706540088738558e+00,5.305969390956927906e-02,8.947424289313743451e-02,0.000000000000000000e+00,1.738435631434684936e-01,0.000000000000000000e+00,0.000000000000000000e+00,0.000000000000000000e+00,0.000000000000000000e+00,-5.271233060848762308e-01,0.000000000000000000e+00,-8.817295227192080143e-01,-1.566141679356442828e-01,-2.311181906465696045e-01,0.000000000000000000e+00,-8.685918686521606480e-01,0.000000000000000000e+00
0.000000000000000000e+00,0.000000000000000000e+00,0.000000000000000000e+00,-1.408505855875314072e+00,0.000000000000000000e+00,-1.861040744703503114e+00,1.047090033087168803e-01,8.946072174601207849e-02,0.000000000000000000e+00,6.435039282568098817e-02,0.000000000000000000e+00,0.000000000000000000e+00,0.000000000000000000e+00,0.000000000000000000e+00,-7.712059399869852783e-01,0.000000000000000000e+00,-1.294692167518538550e+00,-2.734828564579281363e-01,-3.753489182728538820e-01,0.000000000000000000e+00,-1.302902803184404323e+00,0.000000000000000000e+00
0.000000000000000000e+00,0.000000000000000000e+00,0.000000000000000000e+00,-1.923261061524112803e+00,0.000000000000000000e+00,-2.478579852634053449e+00,1.835397412021511354e-01,8.943756412085999974e-02,0.000000000000000000e+00,-6.784433280557522483e-02,0.000000000000000000e+00,0.000000000000000000e+00,0.000000000000000000e+00,0.000000000000000000e+00,-9.799814561628791276e-01,0.000000000000000000e+00,-1.664693455046416304e+00,-3.980609438404111855e-01,-5.212518321924711762e-01,0.000000000000000000e+00,-1.695494355726629987e+00,0.000000000000000000e+00
0.000000000000000000e+00,0.000000000000000000e+00,0.000000000000000000e+00,1.334985615691599792e+00,0.000000000000000000e+00,1.416557677748345068e+00,3.837242783400895280e-02,-1.197374151949232891e-02,0.000000000000000000e+00,6.038989270188559466e-01,0.000000000000000000e+00,0.000000000000000000e+00,0.000000000000000000e+00,0.000000000000000000e+00,6.732698717242077135e-01,0.000000000000000000e+00,1.083457862957939888e+00,1.877701734334241979e-01,3.590012125216716643e-01,0.000000000000000000e+00,1.198462507504016283e+00,0.000000000000000000e+00
0.000000000000000000e+00,0.000000000000000000e+00,0.000000000000000000e+00,1.451870880890094639e+00,0.000000000000000000e+00,1.473536501778673458e+00,1.839903598454662587e-02,-1.336137291779839788e-02,0.000000000000000000e+00,6.045409691939599428e-01,0.000000000000000000e+00,0.000000000000000000e+00,0.000000000000000000e+00,0.000000000000000000e+00,6.788811823247731247e-01,0.000000000000000000e+00,1.112768562914887571e+00,1.743668431009219588e-01,3.639649795218422579e-01,0.000000000000000000e+00,1.236053101069378934e+00,0.000000000000000000e+00
0.000000000000000000e+00,0.000000000000000000e+00,0.000000000000000000e+00,1.555769873670095338e+00,0.000000000000000000e+00,1.567393369078776022e+00,-4.790856348023101244e-03,-6.982536803512002068e-04,0.000000000000000000e+00,6.165825285154784563e-01,0.000000000000000000e+00,0.000000000000000000e+00,0.000000000000000000e+00,0.000000000000000000e+00,7.053669496382676263e-01,0.000000000000000000e+00,1.161343252295179651e+00,1.814049376460549756e-01,3.876692617133386531e-01,0.000000000000000000e+00,1.273377673556365552e+00,0.000000000000000000e+00
0.000000000000000000e+00,0.000000000000000000e+00,0.000000000000000000e+00,1.680240979376676380e+00,0.000000000000000000e+00,1.756595379750324204e+00,-1.675580323702766800e-02,1.603918734593897180e-02,0.000000000000000000e+00,6.723133906710347940e-01,0.000000000000000000e+00,0.000000000000000000e+00,0.000000000000000000e+00,0.000000000000000000e+00,7.133389575032003105e-01,0.000000000000000000e+00,1.200686243985306101e+00,2.053099437537110883e-01,4.268639975264978959e-01,0.000000000000000000e+00,1.293063670794141640e+00,0.000000000000000000e+00
0.000000000000000000e+00,0.000000000000000000e+00,0.000000000000000000e+00,1.842744078284012543e+00,0.000000000000000000e+00,1.962768974808961620e+00,-5.507059201967353518e-02,6.995655692232685685e-02,0.000000000000000000e+00,7.620987168034579762e-01,0.000000000000000000e+00,0.000000000000000000e+00,0.000000000000000000e+00,0.000000000000000000e+00,7.308499795923997233e-01,0.000000000000000000e+00,1.188057141074769341e+00,2.606901803321057809e-01,4.592976419053724224e-01,0.000000000000000000e+00,1.263688678816776711e+00,0.000000000000000000e+00
0.000000000000000000e+00,0.000000000000000000e+00,-1.072530970383899440e+00,0.000000000000000000e+00,0.000000000000000000e+00,7.549588670850159167e-01,-1.595604138951117190e-01,0.000000000000000000e+00,0.000000000000000000e+00,-2.771664119284254379e+00,0.000000000000000000e+00,0.000000000000000000e+00,0.000000000000000000e+00,6.291312164331320789e-01,0.000000000000000000e+00,0.000000000000000000e+00,9.151128414064407801e-01,3.801735049297464419e-01,0.000000000000000000e+00,0.000000000000000000e+00,7.702180029920751014e-01,0.000000000000000000e+00
0.000000000000000000e+00,0.000000000000000000e+00,-9.647272308779889505e-01,0.000000000000000000e+00,0.000000000000000000e+00,1.054683167907321861e+00,-9.351163401952611309e-02,0.000000000000000000e+00,0.000000000000000000e+00,-2.772020626570882218e+00,0.000000000000000000e+00,0.000000000000000000e+00,0.000000000000000000e+00,8.235110151894038388e-01,0.000000000000000000e+00,0.000000000000000000e+00,1.127636394320523427e+00,4.463245891317327851e-01,0.000000000000000000e+00,0.000000000000000000e+00,1.014802592511051094e+00,0.000000000000000000e+00
0.000000000000000000e+00,0.000000000000000000e+00,-7.729941497485095514e-01,0.000000000000000000e+00,0.000000000000000000e+00,1.418872514263117779e+00,-7.372053297673225418e-03,0.000000000000000000e+00,0.000000000000000000e+00,-2.680205684800119670e+00,0.000000000000000000e+00,0.000000000000000000e+00,0.000000000000000000e+00,1.046239749098956562e+00,0.000000000000000000e+00,0.000000000000000000e+00,1.360997968603931518e+00,5.232346267592066225e-01,0.000000000000000000e+00,0.000000000000000000e+00,1.305425762541842394e+00,0.000000000000000000e+00
0.000000000000000000e+00,0.000000000000000000e+00,-5.058344157413653397e-01,0.000000000000000000e+00,0.000000000000000000e+00,1.836523030101733678e+00,9.525222482797082724e-02,0.000000000000000000e+00,0.000000000000000000e+00,-2.499394937780585746e+00,0.000000000000000000e+00,0.000000000000000000e+00,0.000000000000000000e+00,1.288662346566946448e+00,0.000000000000000000e+00,0.000000000000000000e+00,1.600032006328265588e+00,6.051700021348482839e-01,0.000000000000000000e+00,0.000000000000000000e+00,1.620374578148154665e+00,0.000000000000000000e+00
0.000000000000000000e+00,0.000000000000000000e+00,-1.779330854956422125e-01,0.000000000000000000e+00,0.000000000000000000e+00,2.288901001230570831e+00,2.073331211577523758e-01,0.000000000000000000e+00,0.000000000000000000e+00,-2.241333296445581880e+00,0.000000000000000000e+00,0.000000000000000000e+00,0.000000000000000000e+00,1.540305834756644066e+00,0.000000000000000000e+00,0.000000000000000000e+00,1.828477170104394922e+00,6.859837718813230900e-01,0.000000000000000000e+00,0.000000000000000000e+00,1.935367421705813662e+00,0.000000000000000000e+00
0.000000000000000000e+00,0.000000000000000000e+00,-4.468603103801441212e-03,0.000000000000000000e+00,0.000000000000000000e+00,-7.351604920921988029e-01,-1.516073582943585074e-01,0.000000000000000000e+00,0.000000000000000000e+00,4.809576146922682760e-01,0.000000000000000000e+00,0.000000000000000000e+00,0.000000000000000000e+00,-4.823708845692887826e-01,0.000000000000000000e+00,0.000000000000000000e+00,-6.301835001461431052e-01,-1.400446825017726549e-01,0.000000000000000000e+00,0.000000000000000000e+00,-6.247195016395782341e-01,0.000000000000000000e+00
0.000000000000000000e+00,0.000000000000000000e+00,-1.969463260649302050e-01,0.000000000000000000e+00,0.000000000000000000e+00,-1.186081901832156227e+00,-2.295756936432088169e-01,0.000000000000000000e+00,0.000000000000000000e+00,4.680784438850639217e-01,0.000000000000000000e+00,0.000000000000000000e+00,0.000000000000000000e+00,-7.320558360574171974e-01,0.000000000000000000e+00,0.000000000000000000e+00,-9.182366510711692520e-01,-2.700269593807245738e-01,0.000000000000000000e+00,0.000000000000000000e+00,-9.741502888849207231e-01,0.000000000000000000e+00
0.000000000000000000e+00,0.000000000000000000e+00,-5.516133979989327196e-01,0.000000000000000000e+00,0.000000000000000000e+00,-1.763018918568251658e+00,-3.507401198000829057e-01,0.000000000000000000e+00,0.000000000000000000e+00,3.638984085892928433e-01,0.000000000000000000e+00,0.000000000000000000e+00,0.000000000000000000e+00,-1.086690995801647297e+00,0.000000000000000000e+00,0.000000000000000000e+00,-1.289644361438681219e+00,-4.513822391702534409e-01,0.000000000000000000e+00,0.000000000000000000e+00,-1.424664692184293369e+00,0.000000000000000000e+00
0.000000000000000000e+00,0.000000000000000000e+00,-1.092129029454746325e+00,0.000000000000000000e+00,0.000000000000000000e+00,-2.363626593397915698e+00,-5.066851643905838642e-01,0.000000000000000000e+00,0.000000000000000000e+00,6.818389206525955759e-02,0.000000000000000000e+00,0.000000000000000000e+00,0.000000000000000000e+00,-1.540790055608066478e+00,0.000000000000000000e+00,0.000000000000000000e+00,-1.700372274231548353e+00,-6.570443178164867559e-01,0.000000000000000000e+00,0.000000000000000000e+00,-1.967216186057890281e+00,0.000000000000000000e+00
0.000000000000000000e+00,0.000000000000000000e+00,-1.810292712386992076e+00,0.000000000000000000e+00,0.000000000000000000e+00,-2.925073096500335090e+00,-6.749662828225789779e-01,0.000000000000000000e+00,0.000000000000000000e+00,-3.673989902963580301e-01,0.000000000000000000e+00,0.000000000000000000e+00,0.000000000000000000e+00,-1.992512447757156302e+00,0.000000000000000000e+00,0.000000000000000000e+00,-2.064770802487458035e+00,-8.629746544644927297e-01,0.000000000000000000e+00,0.000000000000000000e+00,-2.508187319874487731e+00,0.000000000000000000e+00
0.000000000000000000e+00,0.000000000000000000e+00,-8.401140661659535491e-02,0.000000000000000000e+00,0.000000000000000000e+00,-5.005834180115881216e-01,-1.103901741563748651e-01,0.000000000000000000e+00,0.000000000000000000e+00,1.968804861718190802e-01,0.000000000000000000e+00,0.000000000000000000e+00,0.000000000000000000e+00,-3.128561819577750924e-01,0.000000000000000000e+00,0.000000000000000000e+00,-3.719708544029372010e-01,-8.820114385185805206e-02,0.000000000000000000e+00,0.000000000000000000e+00,-4.129275456148776002e-01,0.000000000000000000e+00
0.000000000000000000e+00,0.000000000000000000e+00,-2.059454799926387081e-01,0.000000000000000000e+00,0.000000000000000000e+00,-9.908715051256099526e-01,-2.112172598052955430e-01,0.000000000000000000e+00,0.000000000000000000e+00,3.101583782881451867e-01,0.000000000000000000e+00,0.000000000000000000e+00,0.000000000000000000e+00,-6.216350612788614782e-01,0.000000000000000000e+00,0.000000000000000000e+00,-7.452144285591354445e-01,-2.271693962331627348e-01,0.000000000000000000e+00,0.000000000000000000e+00,-8.278699853979463175e-01,0.000000000000000000e+00
0.000000000000000000e+00,0.000000000000000000e+00,-4.500228125788690581e-01,0.000000000000000000e+00,0.000000000000000000e+00,-1.560593939311926137e+00,-3.352976109031432506e-01,0.000000000000000000e+00,0.000000000000000000e+00,3.085097785416883731e-01,0.000000000000000000e+00,0.000000000000000000e+00,0.000000000000000000e+00,-9.980613172423052903e-01,0.000000000000000000e+00,0.000000000000000000e+00,-1.168390761806408440e+00,-3.954466181037301631e-01,0.000000000000000000e+00,0.000000000000000000e+00,-1.310738113478214562e+00,0.000000000000000000e+00
0.000000000000000000e+00,0.000000000000000000e+00,-7.904455299722182859e-01,0.000000000000000000e+00,0.000000000000000000e+00,-2.144753483105358072e+00,-4.748788636614186820e-01,0.000000000000000000e+00,0.000000000000000000e+00,1.842915726532386722e-01,0.000000000000000000e+00,0.000000000000000000e+00,0.000000000000000000e+00,-1.398851788869125423e+00,0.000000000000000000e+00,0.000000000000000000e+00,-1.596664342461278085e+00,-5.714068203424007564e-01,0.000000000000000000e+00,0.000000000000000000e+00,-1.817495317491253148e+00,0.000000000000000000e+00
0.000000000000000000e+00,0.000000000000000000e+00,-1.187002370006363217e+00,0.000000000000000000e+00,0.000000000000000000e+00,-2.674675963562335390e+00,-6.200691100012249990e-01,0.000000000000000000e+00,0.000000000000000000e+00,-4.624520950617449361e-02,0.000000000000000000e+00,0.000000000000000000e+00,0.000000000000000000e+00,-1.774854480044486982e+00,0.000000000000000000e+00,0.000000000000000000e+00,-1.983553050905964232e+00,-7.335887387880440924e-01,0.000000000000000000e+00,0.000000000000000000e+00,-2.296714604822917227e+00,0.000000000000000000e+00
0.000000000000000000e+00,0.000000000000000000e+00,1.278501032867752352e-01,0.000000000000000000e+00,0.000000000000000000e+00,1.769764226244474825e+00,3.952469966039849902e-01,0.000000000000000000e+00,0.000000000000000000e+00,-7.422217006674503015e-01,0.000000000000000000e+00,0.000000000000000000e+00,0.000000000000000000e+00,1.206181632037784723e+00,0.000000000000000000e+00,0.000000000000000000e+00,1.408665206496068079e+00,4.700716101301112282e-01,0.000000000000000000e+00,0.000000000000000000e+00,1.662098216168239162e+00,0.000000000000000000e+00
0.000000000000000000e+00,0.000000000000000000e+00,2.174949551218172128e-01,0.000000000000000000e+00,0.000000000000000000e+00,2.123000379586047259e+00,4.549434967352355419e-01,0.000000000000000000e+00,0.000000000000000000e+00,-8.785073622041699171e-01,0.000000000000000000e+00,0.000000000000000000e+00,0.000000000000000000e+00,1.431338183323216828e+00,0.000000000000000000e+00,0.000000000000000000e+00,1.679931402503111348e+00,5.544419044482462589e-01,0.000000000000000000e+00,0.000000000000000000e+00,1.939016412132495981e+00,0.000000000000000000e+00
0.000000000000000000e+00,0.000000000000000000e+00,3.758177075502198705e-01,0.000000000000000000e+00,0.000000000000000000e+00,2.508334353641565873e+00,5.229638158049901842e-01,0.000000000000000000e+00,0.000000000000000000e+00,-9.490618924800978684e-01,0.000000000000000000e+00,0.000000000000000000e+00,0.000000000000000000e+00,1.680867045271843052e+00,0.000000000000000000e+00,0.000000000000000000e+00,1.964306835810212037e+00,6.452156501441410619e-01,0.000000000000000000e+00,0.000000000000000000e+00,2.242304754474104822e+00,0.000000000000000000e+00
0.000000000000000000e+00,0.000000000000000000e+00,6.007321056173369200e-01,0.000000000000000000e+00,0.000000000000000000e+00,2.914160420798571405e+00,5.987836049720519638e-01,0.000000000000000000e+00,0.000000000000000000e+00,-9.510255850290125768e-01,0.000000000000000000e+00,0.000000000000000000e+00,0.000000000000000000e+00,1.945646137475095960e+00,0.000000000000000000e+00,0.000000000000000000e+00,2.250263030246458573e+00,7.381401823643661819e-01,0.000000000000000000e+00,0.000000000000000000e+00,2.562089030632984432e+00,0.000000000000000000e+00
0.000000000000000000e+00,0.000000000000000000e+00,8.866904319584369976e-01,0.000000000000000000e+00,0.000000000000000000e+00,3.326745751840209486e+00,6.809115668761981377e-01,0.000000000000000000e+00,0.000000000000000000e+00,-8.857037863916414899e-01,0.000000000000000000e+00,0.000000000000000000e+00,0.000000000000000000e+00,2.215599252364316651e+00,0.000000000000000000e+00,0.000000000000000000e+00,2.525930319292370108e+00,8.291343518906677534e-01,0.000000000000000000e+00,0.000000000000000000e+00,2.887089331782055623e+00,0.000000000000000000e+00
