Run,Iter,Min Obj,sigma_C1_min,sigma_C2_F0_min,sigma_C2_Fx_min,sigma_H1_min,sigma_F_H2_min,sigma_F_H1_min,sigma_F_Hx_min,epsilon_C1_min,epsilon_C2_F0_min,epsilon_C2_Fx_min,epsilon_H1_min,epsilon_F_H2_min,epsilon_F_H1_min,epsilon_F_Hx_min,Min Obj Cum.,sigma_C1_cum,sigma_C2_F0_cum,sigma_C2_Fx_cum,sigma_H1_cum,sigma_F_H2_cum,sigma_F_H1_cum,sigma_F_Hx_cum,epsilon_C1_cum,epsilon_C2_F0_cum,epsilon_C2_Fx_cum,epsilon_H1_cum,epsilon_F_H2_cum,epsilon_F_H1_cum,epsilon_F_Hx_cum,R14-sim_liq_density-sse,R14-sim_vap_density-sse,R14-sim_Pvap-sse,R14-sim_Hvap-sse,R32-sim_liq_density-sse,R32-sim_vap_density-sse,R32-sim_Pvap-sse,R32-sim_Hvap-sse,R50-sim_liq_density-sse,R50-sim_vap_density-sse,R50-sim_Pvap-sse,R50-sim_Hvap-sse,R170-sim_liq_density-sse,R170-sim_vap_density-sse,R170-sim_Pvap-sse,R170-sim_Hvap-sse,R134a-sim_liq_density-sse,R134a-sim_vap_density-sse,R134a-sim_Pvap-sse,R134a-sim_Hvap-sse,R143a-sim_liq_density-sse,R143a-sim_vap_density-sse,R143a-sim_Pvap-sse,R143a-sim_Hvap-sse,Run Time,jac evals,func evals,Optimality,Term Status,Message
36,55,24774.06350603279,3.4737996733993985,3.2609253454487663,3.510801649547895,2.643494946944008,2.7752903180660455,3.863722233273081,2.9289414806463645,45.707654306272225,65.33116958219121,41.89679200326489,10.000000000000002,41.837164813371736,26.003181563991767,26.202989052756216,24774.059179658332,3.473807031979198,3.260922206656749,3.510801865685356,2.643487233357597,2.7752887928150978,3.863722233273081,2.9289413290016326,45.707208290019544,65.33115117986644,41.89673129181835,10.000000000000002,41.83721493840618,26.003181563991767,26.203042847981404,1.2323788186820779,186.44850557238556,318.35247069211135,5.975559759274429,43.62070818712945,1051.8117020045015,1014.1573198263435,30.406408371909638,10.387928418212242,1831.2754668925586,1377.5382423946442,49.816449782646636,1.3949300928168076,102.57919149208163,100.82386029821106,55.11453283997933,1.2304434527818089,226.37428850849014,242.3054538008953,0.34922811637208073,18.082862009239392,554.264240052999,141.43478821127397,111.08630652367235,455.1261465549469,61.0,915.0,936320.555129307,0.0,CONVERGENCE: REL_REDUCTION_OF_F_<=_FACTR*EPSMCH
19,79,23063.140216782962,3.465668796521997,3.508606211658692,3.2553731862162536,2.6127802496257004,2.7673754367339565,3.2561523966147004,2.9295958445626042,45.923666934336666,49.875831758109236,57.20530578969338,10.000000000000002,42.428889931669396,45.256780051911,26.271196876044808,23063.140041065584,3.465668870128094,3.508606136760725,3.2553732125222474,2.612779906726233,2.767375472352547,3.2561523966147004,2.9295958365153045,45.92366939843153,49.87583251899829,57.20530641597725,10.000000000000002,42.428887087982154,45.256780051911,26.271195180165673,1.2113263607946765,181.88260645507432,298.62164894040603,5.921627837023053,19.173491821385156,686.5014851257838,651.2542032129803,13.29495576985114,4.759634400724504,2090.7150322603616,1581.4133457887906,48.572423782445604,9.348012288848754,25.281312428084806,28.722269882785728,33.58618501482191,1.5172834012345966,207.99881686741043,184.5903895515271,5.3183539483075215,9.07626635669381,206.5702002680481,36.90591645195273,59.73900168125998,638.2411267757416,85.0,1275.0,958023.4646160107,0.0,CONVERGENCE: REL_REDUCTION_OF_F_<=_FACTR*EPSMCH
22,77,23496.836365383406,3.470957870245737,3.3381352788776675,3.2792477096111607,2.6341321095929926,2.744810180934511,2.363225702661527,2.9291687926879737,45.737096622335706,59.75044850307764,55.38390638240786,10.000000000000002,42.53661284753303,27.081021790432523,26.24328541857575,23496.833282490385,3.4709568878834363,3.3381362944799657,3.2792474646849232,2.6341341342307683,2.744799926879712,2.363225702661527,2.9291689640020495,45.73706226163671,59.75045669090123,55.38390882177065,10.000000000000002,42.536538036975124,27.081021790432523,26.243304957548073,1.2294408436149535,187.85266883949322,308.8959300761984,6.0127517587379185,17.49414976115513,746.0884528697185,700.3876722346204,13.069576355986927,8.137738293348367,1953.6931863613606,1472.4524518522944,51.540554235315255,1.0681240511529113,59.77396696268447,69.86852098659463,55.67716990705322,1.2321220704142763,231.91444090648997,202.2614505123902,5.978756292780995,14.723071355263281,309.24342647469877,64.53697311258809,70.74616848493496,625.6670289039612,83.0,1245.0,913975.5787269599,0.0,CONVERGENCE: REL_REDUCTION_OF_F_<=_FACTR*EPSMCH
23,80,23488.114671556927,3.4680436925221314,3.337991149061957,3.301680339499539,2.6310969618009583,2.751610966878393,2.221782601488058,2.9292596809244826,45.830477002825575,59.72869496378663,53.64240270693516,10.000000000000002,42.44945065750692,29.55470513936346,26.25857908470563,23488.11333500279,3.468042142899372,3.3379908176388833,3.3016859086819235,2.6310976675866544,2.751610821463499,2.221782601488058,2.9292601735718966,45.83050726694857,59.72870781348864,53.64198772416558,10.000000000000002,42.44950169798931,29.55470513936346,26.258586737451015,1.2250889000801992,180.62807797651277,304.20404533770113,5.871045139632363,19.375081733480567,750.2228814275754,720.9809431270191,13.910946717498136,7.249706721080949,1980.477497604532,1493.319794620974,51.11117976520339,0.881915421021922,59.64502874353532,71.63962040403848,57.596012038914694,1.0901407476183806,247.28456311813275,213.79328972838778,5.713420311871012,15.203744422632983,318.01946759092056,63.037237660398006,72.77057206889138,639.0684244632721,88.0,1320.0,911832.8818490877,0.0,CONVERGENCE: REL_REDUCTION_OF_F_<=_FACTR*EPSMCH
31,76,23322.95538114955,3.4758807006150083,3.5872526191541647,3.2049637103307793,2.6081356576124333,2.761142823087428,2.2266838455351805,2.92887039719722,45.60167848020216,46.592774230649724,61.54041514692965,10.000000000000002,42.336904490235106,31.732537735124087,26.204739396351616,23322.95437921394,3.4758791236566147,3.5872527373116214,3.204963882006761,2.6081335886384522,2.761141666190609,2.2266838455351805,2.9288702283156316,45.601787577495344,46.59280195179062,61.54046487145062,10.000000000000002,42.33680863648456,31.732537735124087,26.20471477490972,1.2306271869626375,190.59080851614394,320.35290485787164,6.075988049174932,17.173232136244795,726.3308592791146,639.7112525296341,15.159982495299545,4.7450487821633,2094.628387254953,1589.2523122747227,48.93029466978077,21.501823819906228,15.53696253030997,8.085404571701503,28.364487183640996,2.4363201732317044,182.91394007618925,225.81578337888465,4.222076948713125,6.218728931487023,152.24749170817176,30.286656665291616,54.60278733456168,637.5571739673615,84.0,1260.0,932713.0260026737,0.0,CONVERGENCE: REL_REDUCTION_OF_F_<=_FACTR*EPSMCH
25,80,23172.0604094501,3.4582755454486436,3.6825708967316233,3.22163047391989,2.595709931188572,2.758517844793462,3.8996119827072526,2.930220602311312,46.20448955577318,43.04349346056821,59.87130840235226,10.000000000000002,42.1526334003066,42.98653416076098,26.320209469658575,23172.05957720496,3.4582772951188683,3.682569358750624,3.221630333528716,2.5957092654381126,2.7585109235136835,3.8996119827072526,2.9302205810818016,46.2043514355397,43.04353697678994,59.87132171556211,10.000000000000002,42.1525824402485,42.98653416076098,26.320236439572014,1.262807587138599,209.02412307576012,279.8680703018697,6.237980423218675,11.273614676137644,608.8749932284729,621.7796584583009,11.210037609133074,5.0230811392954315,2195.781588021197,1660.4519591441044,45.15086428750325,51.99033029027987,19.32310180582985,8.192896327019232,11.189182266487087,2.566729352337689,192.83520183028548,200.35842166209625,4.888827318216467,2.784899445581371,129.83414844832666,17.285468776012987,51.576706443111206,665.4390425682068,88.0,1320.0,953479.5196919575,0.0,CONVERGENCE: REL_REDUCTION_OF_F_<=_FACTR*EPSMCH
1,102,23007.11470188038,3.466492719347482,3.5282918210318854,3.2687420246308276,2.6088803351570173,2.7596101012428194,2.1846771895375956,2.92951569578505,45.91344633382636,48.980374791931325,56.16475330468635,10.000000000000002,42.34730982360849,22.155828740603113,26.26436640179424,23007.114191166256,3.4664887753293256,3.5282892844517555,3.2687397185878426,2.6088800433829142,2.759615270650234,2.1846771895375956,2.9295171362106256,45.91347288141121,48.980376020215175,56.16476242284355,10.000000000000002,42.34739091399822,22.155828740603113,26.264367696627374,1.2374223594194433,191.6892101080644,299.51894750627736,6.03566027942293,15.371415655635492,670.7014022835169,638.2487510867132,12.758313256230384,4.555790345936012,2099.472350374814,1589.4081631948957,47.631480251494196,10.75456075659368,20.755609662594527,23.40395471562595,32.82562793448743,1.622095148958912,215.47664073409328,183.92613084185507,5.455595689995954,8.576724722775314,209.0515417909049,34.760863823425865,60.074116865483965,831.0105004310608,110.0,1650.0,960015.3308840886,0.0,CONVERGENCE: REL_REDUCTION_OF_F_<=_FACTR*EPSMCH
42,67,23883.30709495676,3.4651952982404675,3.2684314149925466,3.360983416631462,2.642337477010858,2.753529718509189,2.7048592604328174,2.929507682036974,45.99967588058886,64.76275713735909,49.724913684667925,10.000000000000002,42.52568722294315,43.269444318927334,26.2516691280814,23883.306827847155,3.4652030528933944,3.2684359302416603,3.360982727942949,2.642333708580872,2.7535547500824356,2.7048592604328174,2.929509181640041,45.99962845557497,64.7629248040081,49.7248390323877,10.000000000000002,42.5257042863325,43.269444318927334,26.251637927897633,1.220360048265682,178.48321250204265,301.20607061282846,5.813326001025876,22.884308595785452,741.9593489734966,741.2714897233722,13.221544288100933,9.009093371642678,1847.7303673129527,1390.1212006372846,48.83911111218934,1.3117418999729686,95.52620634289804,95.88209317142497,55.9362760875539,0.892898243018588,257.9338080635802,233.96901677826582,3.5873646126376837,15.684982902912445,369.4466342373247,72.93096968090721,78.51731112745048,539.3583040237427,71.0,1065.0,921306.9431692067,0.0,CONVERGENCE: REL_REDUCTION_OF_F_<=_FACTR*EPSMCH
21,89,23094.45678801668,3.469085886153807,3.552422849698331,3.361540587963812,2.602052281436782,2.7565605629745478,3.7097958853948043,2.9293289675630296,45.818365313664835,47.829554850313016,49.68405708866127,10.000000000000002,42.414980068874456,34.91002967466505,26.251155731774706,23094.456317479646,3.469084816413444,3.5524233773357077,3.36153865341351,2.6020540848417886,2.7565748306174758,3.7097958853948043,2.9293290612808995,45.81836064613537,47.82954752613833,49.68408540726489,10.000000000000002,42.41513199064637,34.91002967466505,26.25117347085635,1.2390694254850927,192.60827966007793,304.62197766341404,6.063651764608182,12.289862224138265,638.7526565581111,584.759803388084,11.590786915140335,4.497497353684217,2158.4393440227914,1635.9053119805194,48.030048399655264,13.489734131061159,27.889640824957137,22.528799752269574,27.04432206326741,1.049997329292466,227.06993711791742,189.20431541933237,3.0873581858610484,7.678261748982148,223.751438523031,34.63791453026174,63.337816907535355,721.8010296821594,95.0,1425.0,976415.1219867332,0.0,CONVERGENCE: REL_REDUCTION_OF_F_<=_FACTR*EPSMCH
7,114,22961.76032715366,3.466878911890287,3.5916081112870932,3.2809638815743436,2.6034641133159204,2.7591308915661923,3.2433914404182436,2.929526847359574,45.93887364378799,46.28708288644901,55.24245755292893,10.000000000000002,42.30566146695112,46.61828321967889,26.249899172913103,22961.760287821475,3.466879027363661,3.5916083154041822,3.2809636023460294,2.603464252433878,2.7591323738364206,3.2433914404182436,2.9295268513328625,45.938871300936306,46.28708389766602,55.24245688624515,10.000000000000002,42.30567283327941,46.61828321967889,26.249901749998894,1.237248625134857,192.28779891242476,301.6129459779269,6.042128472565025,13.660711799703012,644.4001701008486,611.9303269951516,12.228349757352648,4.415193536802267,2098.659017148825,1590.5865983813046,45.68185654308106,22.543714025261988,26.863715621389915,12.830808999742569,22.735989636549014,1.6554268502984797,219.9579231474366,182.1742766616887,5.341604632138095,5.7417201512975575,181.6094081466996,25.492138821745826,55.99501372024443,878.1112008094788,121.0,1815.0,962766.0068142718,0.0,CONVERGENCE: REL_REDUCTION_OF_F_<=_FACTR*EPSMCH
8,110,22988.933558738943,3.478616608930951,3.6249173156137364,3.2972169066384316,2.599403416214612,2.7700572275148936,2.7145395200049993,2.928736272647301,45.48230896156287,44.97473823849376,54.18945402485125,10.000000000000002,42.38579355488254,21.0319177920865,26.192636222602935,22988.920150393962,3.4786123820763617,3.6249159010413825,3.2972179428370985,2.5994012585508557,2.770059047577692,2.7145395200049993,2.9287358969150357,45.482453273235684,44.97468412683387,54.18940451526951,10.000000000000002,42.385669093341356,21.0319177920865,26.192669005982413,1.193896137403818,178.89277904957407,327.3295093500146,5.97155834192044,18.160984154460987,721.9219103477367,603.8182687629703,15.659623634794254,4.566251716780425,2195.0187406443024,1667.731960567989,50.51456305750499,31.596333744281434,32.553164548017904,12.395332596543145,16.637312174845402,1.5308178474572565,217.3740419409579,173.1121048784619,4.639684112268603,4.603596555330814,174.2125428858392,22.220242474855922,54.35650075497163,888.2333607673645,119.0,1785.0,1013145.8315516798,0.0,CONVERGENCE: REL_REDUCTION_OF_F_<=_FACTR*EPSMCH
3,124,23256.748214173967,3.4680305610337774,3.403813915529475,3.286152289887763,2.628997879575074,2.7482492226900117,3.066330569946034,2.929356072731568,45.85345786534811,55.541263687467136,54.90132534088313,10.000000000000002,42.588936580072996,49.61013811172732,26.246777606503517,23256.730834750862,3.4679907489168555,3.4037880845284874,3.286165721027974,2.628985061836644,2.748034782091835,3.066330569946034,2.929366577954054,45.85572170501262,55.543979336534015,54.90118648282391,10.000000000000002,42.586532969927894,49.61013811172732,26.247855732314154,1.1886795397139684,168.89864661966726,306.7879842388037,5.742605165161518,16.194182475251026,693.8459197217182,658.0136159225369,11.595604492816257,6.730440582761807,1970.008781045873,1486.6376227169296,49.838308736188694,2.9047402737145402,42.41304281258888,53.21637025530882,46.449127378086956,1.2406994020603324,225.8014217401382,193.66579733662314,5.491132081997494,12.387908372599496,263.4294905886538,50.69096065962544,67.88473459059196,1007.6036591529846,133.0,1995.0,923821.0777040975,0.0,CONVERGENCE: REL_REDUCTION_OF_F_<=_FACTR*EPSMCH
28,91,23849.19803675065,3.467117793639675,3.2637377083070818,3.2817531336692514,2.647186796533829,2.7427250923639903,2.4078124504662437,2.9293157316572933,45.81976727555935,65.3273843184271,55.355076466723446,10.000000000000002,42.52830045942189,22.41860576252866,26.274441671863883,23849.19582497902,3.4671204389283123,3.263735546694349,3.2817488523345197,2.647188335296681,2.7427302407218503,2.4078124504662437,2.92931580751915,45.81985813231282,65.32762920969338,55.35526322957783,10.000000000000002,42.52840927059605,22.41860576252866,26.274395466685064,1.2043285655823606,172.58956313989566,301.98940806601064,5.7769710636668865,21.139044498802143,799.8163372214138,785.5532332854958,13.977129429550722,11.53074304306892,1934.7354163939146,1451.04044495994,55.10775692775118,1.1436520233930354,78.76031153236286,86.65357054039498,59.88818990520185,1.094756478467527,225.15667186125668,197.29920678371002,5.448841579210832,15.570410695812823,385.24772651247537,86.65757768168154,75.05251936803326,854.7073667049408,113.0,1695.0,927706.5120473776,0.0,CONVERGENCE: REL_REDUCTION_OF_F_<=_FACTR*EPSMCH
43,75,22969.35109086719,3.464137102622228,3.6104334207716757,3.2940951468014177,2.5958246939819407,2.7686954621165865,2.442793401816402,2.9296909739582313,46.03286941677463,45.531317116338265,54.222594973698236,10.000000000000002,42.288049829718844,38.60974083171937,26.267122938606146,22969.35109086719,3.464137102622228,3.6104334207716757,3.2940951468014177,2.5958246939819407,2.7686954621165865,2.442793401816402,2.9296909739582313,46.03286941677463,45.531317116338265,54.222594973698236,10.000000000000002,42.288049829718844,38.60974083171937,26.267122938606146,1.2450553924265226,194.25193781246145,295.67257610189836,6.040509515960913,14.569506250340643,620.0063766548885,593.825842176829,12.088804027813659,4.761568875734625,2159.918039415154,1636.5384984678735,44.863727533733496,24.456405288285993,25.919451932811633,12.20144876204958,20.32607311596945,1.544054392792392,221.47198456454652,179.16423955100902,4.929535369883839,5.4929755654951595,186.9922831836706,25.083930451770637,56.24113179037875,708.1847515106201,95.0,1425.0,973600.9269430188,0.0,CONVERGENCE: REL_REDUCTION_OF_F_<=_FACTR*EPSMCH
12,139,23197.30378221299,3.464352570385716,3.424025518868354,3.303068608352369,2.6246654730340016,2.747923975851003,3.6936576029800703,2.9296649075785974,45.99635698264051,54.311664171982315,53.60412952198279,10.000000000000002,42.43669088191737,17.45077503017278,26.268839068700544,23197.297356577943,3.464353220982143,3.4240313705753667,3.303063308077474,2.6246639288731948,2.7479165293550727,3.6936576029800703,2.929664953816534,45.99621872124853,54.31147324638245,53.60382859028117,10.000000000000002,42.43665404254886,17.45077503017278,26.2688215448669,1.210402914543223,179.58090060467345,297.4703718846467,5.86569498207449,15.039330239204725,679.9181024479719,671.8689343298541,11.637639100589809,5.704474031537029,1982.4315203582587,1497.0627721115961,48.147020971988645,3.536252294691998,39.310342174572355,50.254686528101224,43.46586397237179,1.1830939638622824,235.00175948966182,199.32804336802457,5.289757790492683,11.806911509691002,255.44312257252776,46.388197098194176,67.61858690166596,1080.132140636444,145.0,2175.0,924138.2730940627,0.0,CONVERGENCE: REL_REDUCTION_OF_F_<=_FACTR*EPSMCH
5,78,23006.298155738907,3.4665596552974076,3.6940990887402867,3.273454406705885,2.597620088317077,2.7608353617027426,2.8281119756391364,2.929417453549408,45.916683933909155,42.63837546565036,55.79471947517544,10.000000000000002,42.31313551026071,48.06081645967847,26.26092929572892,23006.033543308433,3.466849716527514,3.694278844888726,3.2729329868484145,2.596909561180996,2.760920270342613,2.8281119756391364,2.9295575106556626,45.89223479440493,42.62771723354415,55.78805130288547,10.000000000000002,42.29688218872311,48.06081645967847,26.269154845712656,1.246159101397538,190.98611939813796,300.44259896823206,5.994816491105906,12.69320101700525,632.04582410653,593.4237265983925,11.947606579146264,4.611006798774694,2181.421664413736,1653.0204297563714,46.83507191893272,60.28115319326001,21.50192367810766,10.610657436190937,9.167773972744401,1.8867525675788737,214.84495170338533,177.98878645258944,5.264326567258902,2.049881715991307,141.74113472807906,15.535131266497272,50.77087138947429,1126.9906389713287,87.0,1305.0,964647.6423183179,0.0,CONVERGENCE: REL_REDUCTION_OF_F_<=_FACTR*EPSMCH
48,60,24260.20978989801,3.4753644133140122,3.2926289395378228,3.4710823663618995,2.637713215668822,2.7241041076333623,3.1021743483739432,2.928997334912728,45.537099461832305,62.91794203036129,43.397372009851246,10.000000000000002,42.62285752018913,45.10829490980904,26.2160289632097,24260.19876325988,3.475360200596155,3.292628204446034,3.4710922055179765,2.6377216575627305,2.7240942172153275,3.1021743483739432,2.9289971926183087,45.537287390380044,62.91805070688497,43.39706408534438,10.000000000000002,42.62260783559426,45.10829490980904,26.216088507845306,1.1130414324976732,147.60560111528937,323.8363536432385,5.577799201659887,11.752499140019083,752.5655332809368,679.8000047899618,11.500145018351633,9.904858647294855,1981.1315061931357,1490.893495986189,54.985991835388674,1.1346207322630875,82.77254838378721,86.53076813167394,56.71552235573763,0.6757146866290438,264.2278483740935,262.0117112150119,0.8811719467656038,15.892202411444499,390.31451842430454,84.34144436095225,91.18315022139038,526.4091422557831,70.0,1050.0,937384.1910527399,0.0,CONVERGENCE: REL_REDUCTION_OF_F_<=_FACTR*EPSMCH
37,119,23033.255049998494,3.4647668150230753,3.5551124892115284,3.331340980553006,2.5956590017016774,2.769417525141863,2.4807112496982775,2.929556550595564,45.95897661950746,47.648540537793025,51.62718457523305,10.000000000000002,42.32137665899065,33.16555944257876,26.280436314750244,23033.254209912353,3.464765283694901,3.5551035155858313,3.331341844347075,2.595660748900959,2.7694188764857284,2.4807112496982775,2.9295580762078837,45.95895183258885,47.6487536528165,51.62741024912067,10.000000000000002,42.32140440732637,33.16555944257876,26.280466796857567,1.2552990625161478,196.08157916688745,295.02546457596173,6.059161861947748,14.97978401511023,635.5223012824327,599.1494483875653,12.456754537849015,4.773484201429953,2219.1496996028604,1680.5002761402216,47.27876322300676,12.156541937824333,30.167118384944725,25.728871069842658,25.967797446531716,1.2307085890059193,224.34386172177477,180.77293401759974,3.819838111078588,8.32173895464678,225.12719748724055,33.675063845002,61.823613589883706,976.8652021884918,131.0,1965.0,994755.3019544506,0.0,CONVERGENCE: REL_REDUCTION_OF_F_<=_FACTR*EPSMCH
41,62,24533.320947513756,3.4883476799811604,3.336909777943168,3.5423583694352034,2.6334738810883045,2.7448494575860822,3.3736164533139834,2.9279285932851895,45.07690679609794,59.62017431181409,40.393333342155564,10.000000000000002,42.79790176702692,44.063984951306885,26.147969305745846,24533.30631630082,3.48833974052295,3.33690748690834,3.5423620134985385,2.633469926633319,2.744847033047779,3.3736164533139834,2.927929198992867,45.07717081013688,59.620172340333006,40.3930287746455,10.000000000000002,42.797800346788655,44.063984951306885,26.14804598389344,1.1308808315863326,153.4190578269525,353.07770021943014,5.6794968123899485,18.767925081287466,827.5328163898096,651.9413195795601,14.881603658952026,10.77200925474875,2026.4670803851257,1527.923163195947,57.989180461271104,1.739745652603295,91.13750679623348,83.7030036529528,46.15335496915953,0.6801620203755819,211.47571612714927,228.07908845398288,0.3454431879112305,16.088609310896352,449.3037517898957,115.9670760778357,106.15309377614051,944.6341860294342,75.0,1125.0,948745.7450231127,0.0,CONVERGENCE: REL_REDUCTION_OF_F_<=_FACTR*EPSMCH
39,130,23023.22306511348,3.4758608424482955,3.560913554714558,3.289934262344496,2.607408213878262,2.77177406882919,2.9537646670423867,2.9288069506930743,45.46847664379332,47.58370544934607,54.47998789875645,10.000000000000002,42.880641170897995,19.818195933096113,26.251259488455776,23023.223054986083,3.4758608385101937,3.5609135880606164,3.289934207134071,2.6074082168889867,2.7717741134033664,2.9537646670423867,2.9288069500787923,45.468476794221374,47.583704117588205,54.47999189341161,10.000000000000002,42.8806411583964,19.818195933096113,26.25125951447996,1.2417108043260132,196.20138832013117,313.91564315202726,6.179469409018805,18.31565986010368,679.0720430879757,538.756272680435,11.928486055813178,5.151957071063135,2248.3101872439006,1702.7943870611664,55.37146052613996,16.136871129491695,20.662885088609997,15.370648242800492,28.88386614812409,1.3224088176964672,215.57832038116004,179.3834643813728,4.887247547901614,6.859502419853177,192.26380152265858,28.172388773038772,57.36452577099037,1032.091630935669,136.0,2040.0,955999.8387911669,0.0,CONVERGENCE: REL_REDUCTION_OF_F_<=_FACTR*EPSMCH
34,76,24209.776039280303,3.466700115820902,3.203121622048162,3.355044846287857,2.6539178818843285,2.7407287669028824,2.53327740430327,2.9295766309815514,45.79232711696406,70.38489049716954,50.0441125928357,10.000000000000002,42.70767790428077,47.86102670793997,26.294373902910106,24209.76171753368,3.4667080399179717,3.203123522132767,3.3550458151935643,2.653928149707112,2.74074848821659,2.53327740430327,2.929576665193215,45.79228085052188,70.38477331970876,50.04412871435284,10.000000000000002,42.70790382401693,47.86102670793997,26.294313577193144,1.1845888223395942,175.59020367890486,297.77608338829316,5.903264160973253,21.75299351397171,799.0992943743119,779.7521695483579,12.828893825842481,14.154010893465045,1944.1520840970968,1453.7128702718046,58.23909833602676,1.5587652224809136,119.31150390573012,116.10001882066021,61.847866987823984,0.9505361982333593,263.0117617468085,240.0541090310182,3.975496792585175,14.843743685955815,409.549979447571,85.62336114689212,75.1356460141886,1072.328962802887,85.0,1275.0,918229.7950025806,0.0,CONVERGENCE: REL_REDUCTION_OF_F_<=_FACTR*EPSMCH
9,177,22982.785516939777,3.4755323006254866,3.629077665702512,3.2884922086692683,2.5978939136829142,2.768192973185079,3.846049071092966,2.928733062703952,45.5093316810155,44.866027771041004,54.691329608868216,10.000000000000002,42.37539694176065,45.100978203901086,26.237137259146678,22982.77927694132,3.475542768127133,3.629080907650634,3.288487742311364,2.597888938107322,2.768202219737497,3.846049071092966,2.9287377600269155,45.50909892742795,44.86593058534394,54.691015382162725,10.000000000000002,42.375371052419105,45.100978203901086,26.237341012960357,1.2260322742618,184.13556195544243,317.11507307174395,5.983749719571609,17.00504976650474,725.147609878554,617.6468417658369,15.406398599965573,4.688692035530695,2294.470493719413,1740.284667319229,53.524241352951734,31.23305514996644,25.64992114630124,9.679498549766013,17.83589954841731,1.6315634410630881,218.52176557424923,176.99791229864394,5.008118658554878,4.633296380474616,176.0055023967421,22.68011282224104,54.788252130474824,1365.6984040737152,184.0,2760.0,1007439.0430165649,0.0,CONVERGENCE: REL_REDUCTION_OF_F_<=_FACTR*EPSMCH
32,155,23138.01443708906,3.4616998156756877,3.458676334061654,3.26843042931728,2.621010773190177,2.7562106706054346,2.2512827622754776,2.9298690807582286,46.08601773459998,52.41583583767815,56.24506513214792,10.000000000000002,42.31873606782295,42.858842967979434,26.290628102427686,23138.014414031575,3.461699420227128,3.4586777924992425,3.2684305277093983,2.6210112776020096,2.75620894573487,2.2512827622754776,2.9298687673871733,46.08600555716494,52.415791728380185,56.24512054096425,10.000000000000002,42.31870842801204,42.858842967979434,26.29064053425006,1.2344789798743185,190.85769403262196,289.9607615178263,5.997438844475537,17.407832168678347,691.8446499630385,700.0284837423411,12.838117078832934,5.1468777807799695,2009.5902468019456,1517.9035102677308,47.51594214664149,5.532573180783352,29.843874626712505,40.0693780802246,39.90246187970623,1.3965430398966001,215.79395284488783,186.8486353622961,5.410633013096187,10.87879222342484,242.9939001869572,45.99295591493316,65.66983517333472,1210.7488248348236,163.0,2445.0,920733.7068164506,0.0,CONVERGENCE: REL_REDUCTION_OF_F_<=_FACTR*EPSMCH
15,98,22979.400957350255,3.471867799717914,3.5677969364018813,3.3089698492327972,2.6030361233108175,2.756805989170103,3.1133063763903124,2.929134831516191,45.70218432038868,47.228099632928085,53.2033598987936,10.000000000000002,42.37091732279029,47.41634993472588,26.240226571754686,22979.399938665505,3.471867021993531,3.567799208999854,3.3089706204980702,2.6030406223585434,2.756809686118581,3.1133063763903124,2.929135014882992,45.70218080495747,47.22810493372616,53.20335152104263,10.000000000000002,42.3708019013487,47.41634993472588,26.240200646481405,1.2300933108797047,189.75611863482308,310.225786044357,6.052887442387389,13.409963196613695,677.080820198761,608.2550222529668,12.976547351221292,4.562625384690454,2173.9103272268567,1648.0943252093664,49.59581108629415,16.614075389378932,25.491037692031696,17.30114560469729,26.054051950034935,1.4645428250203114,226.9389320796426,183.8455833868894,4.803234303245869,6.920837909326514,201.26894425095827,28.984385037797352,58.60031636712188,1321.7232520580292,105.0,1575.0,970049.6045921047,0.0,CONVERGENCE: REL_REDUCTION_OF_F_<=_FACTR*EPSMCH
55,64,23853.794101294414,3.4632567184010554,3.6317444875901552,3.523471063787142,2.5932527028389303,2.7403225584469855,3.929977848221827,2.9297962089246594,46.14473492391152,44.59947703849223,41.11360037640009,10.000000000000002,42.19135879583208,42.81024229146633,26.23853847868376,23853.791279041252,3.4632500859808606,3.631740462247622,3.5234547630162782,2.593244815210865,2.7403256118758437,3.929977848221827,2.929796581744472,46.14509164176843,44.59964496029735,41.11398941224816,10.000000000000002,42.19175282995543,42.81024229146633,26.238610670828773,1.206641945216749,177.1830306023101,299.7622440188596,5.801960270100317,5.816534544855865,548.6348490962865,542.6887841177777,8.804348719443958,5.019642915548236,2092.187122374079,1586.7213921713403,41.19574963599075,33.19346407736854,48.49274687409307,20.617362093178077,12.883970276688494,0.2821405813307908,180.77688999464164,185.83070379384492,0.37619448825819496,4.828552774239345,282.152455105499,77.1575450779788,78.74198833465728,569.1909635066986,74.0,1110.0,981187.2773341434,0.0,CONVERGENCE: REL_REDUCTION_OF_F_<=_FACTR*EPSMCH
35,153,22978.245650041,3.4681948902136113,3.5557028091232286,3.2744484860538767,2.6080391283944024,2.756380656521184,3.718978641731171,2.929315190306264,45.86842270223057,47.7703082993883,55.79082635175986,10.000000000000002,42.318432870547866,35.18645772454818,26.247903162351847,22978.244756194672,3.468183042267537,3.555727921818292,3.2744539669177843,2.6080611178485307,2.7563722886711277,3.718978641731171,2.9293161481871586,45.86844257605611,47.77031929429144,55.790700078433865,10.000000000000002,42.31831457292898,35.18645772454818,26.248090408646984,1.2412292657176813,189.34492999895255,304.44566812874837,5.985204730260794,14.287694419259894,672.489277455368,634.0020390571345,12.8224995991137,4.526032097474472,2090.9471796941407,1583.9661193296333,47.276969220300025,15.819231848621872,24.848755386976816,17.800339419301334,27.84331743795417,1.6835310904644976,216.41318497210437,181.60255209969884,5.353550194873735,7.254389640800054,197.30399015827277,30.681598528370408,58.55743561125773,1213.8440601825714,159.0,2385.0,960753.658724362,0.0,CONVERGENCE: REL_REDUCTION_OF_F_<=_FACTR*EPSMCH
27,161,22985.50994219566,3.4681069495841466,3.676437904307882,3.2856454757059432,2.5934975731076584,2.763911561961822,2.27085580614434,2.929416331137547,45.84725510659561,43.21630154161557,54.81312310515375,10.000000000000002,42.2935120692429,45.18211884933155,26.257018578304674,22985.508804365378,3.4681109848912217,3.676443034573844,3.285642293875972,2.593499224341414,2.763924678690599,2.27085580614434,2.92941758134257,45.847221802557904,43.21622862327961,54.81328533648161,10.000000000000002,42.2934441947543,45.18211884933155,26.257086160341043,1.2278605200434751,188.6181894732295,302.9444820298614,6.015841050009652,13.01444463471725,639.9582604572819,588.6069471694914,12.547250426615403,4.7907843676250526,2234.469968947819,1693.8385510706703,47.749395434134314,48.31433427251039,22.56249892383199,9.586937994773809,11.357771314981774,1.7712148034528765,221.48473462610707,180.19063267123144,5.269340064592535,2.7985012481118017,152.67553083376052,17.1418005826506,51.45997616350479,1278.6122159957886,171.0,2565.0,1000449.1029044962,0.0,CONVERGENCE: REL_REDUCTION_OF_F_<=_FACTR*EPSMCH
4,185,22991.38691090064,3.4746172405049345,3.6682899009278067,3.278651028816566,2.596006187269613,2.765686280830169,2.5872282967473588,2.928918146710531,45.58162967445964,43.49993197501318,55.3819811144774,10.000000000000002,42.40114273155844,32.20506057481184,26.23465997652965,22991.38691090064,3.4746172405049345,3.6682899009278067,3.278651028816566,2.596006187269613,2.765686280830169,2.5872282967473588,2.928918146710531,45.58162967445964,43.49993197501318,55.3819811144774,10.000000000000002,42.40114273155844,32.20506057481184,26.23465997652965,1.2411138283404497,194.75836328061052,314.3232556811679,6.133631204255431,14.887746725390953,684.2046935150588,586.9904409476896,13.85710474866055,4.618296081692685,2263.5901070716222,1717.7055042772479,51.26693582325708,45.79687573303152,22.91007030015242,8.815034933453468,12.529298994770523,1.797054057795611,217.14660709650673,178.46583146544634,5.271174548193682,3.038715321992951,151.5544026293755,17.32715006402311,51.40362415496689,1442.4228868484497,194.0,2910.0,982237.3799756556,0.0,CONVERGENCE: REL_REDUCTION_OF_F_<=_FACTR*EPSMCH
65,48,23533.0650847921,3.4750326143891916,3.4007721587052355,3.387532086402109,2.62418711049575,2.7070448063072177,3.822038479313936,2.9291473066912657,45.60768345173774,55.605931979266174,48.228917643037924,10.000000000000002,41.75721646935489,33.08472259186643,26.211912225994723,23533.055730082004,3.4750398123502024,3.400767065978849,3.387530262426017,2.6241778921681504,2.707050922930399,3.822038479313936,2.929146931204461,45.60740853877654,55.60594030819646,48.22895019720718,10.000000000000002,41.757339909740885,33.08472259186643,26.211886082225316,1.1675885400968649,173.64413735254243,319.61168131592325,5.9346653148916815,7.92967054110648,865.6711709926328,803.805455867421,16.52271097131597,6.560882604493504,2004.1922214189954,1515.2486865928163,50.791519235008536,2.2774039810512425,50.70372725513566,60.32877358760338,45.281440638388695,1.0520728237366224,246.0112552603183,212.58978214846874,2.9959348137598356,13.502254945366928,302.5884679726748,56.93366589012733,78.11363622145407,414.05574345588684,55.0,825.0,955921.9860403325,0.0,CONVERGENCE: REL_REDUCTION_OF_F_<=_FACTR*EPSMCH
59,62,24414.120312459323,3.459944888836746,3.315649632793045,3.4952412947037286,2.622661297470678,2.7627145829792816,2.2891954416761933,2.930611664826114,46.4409304465615,61.01153592580578,42.49854055207149,10.000000000000002,41.99987338083933,29.86271905759689,26.193928249756894,24414.116377869777,3.4599386884472794,3.315653454598512,3.495244153831196,2.6226788452158782,2.762709764491642,2.2891954416761933,2.9306119759918206,46.4412197430248,61.01160468939188,42.498463049436154,10.000000000000002,41.99997415839794,29.86271905759689,26.19399183527354,1.102583821260274,153.72933745407192,301.4258305740773,5.589683504511202,20.716964269160236,668.04822377403,727.8985322908253,14.02286457563423,4.197599029761669,1708.4365712778551,1295.4999050142756,35.67634944555063,1.3203214153915115,87.90895432906558,91.51488692827382,57.82801383580808,0.6837914207067133,223.5641981096501,230.22453318486208,0.3433619859457815,18.83652634308855,480.09687852900646,114.8488903615811,104.71392295383149,565.3256256580353,75.0,1125.0,840083.859439651,0.0,CONVERGENCE: REL_REDUCTION_OF_F_<=_FACTR*EPSMCH
6,108,23426.935849129623,3.473973347878509,3.358835777361477,3.326810693202315,2.6353704804825044,2.74699021236587,2.330708394233865,2.9291544780752465,45.57863054047832,58.42200806506198,52.062984363431845,10.000000000000002,42.533649342847205,41.2829851909568,26.238121114580732,23426.93247895442,3.473973806115808,3.3588333358406657,3.3268077310028006,2.635371325217642,2.7469936030306386,2.330708394233865,2.929154093774869,45.57864663509073,58.42214360031117,52.063206970323044,10.000000000000002,42.53373001131177,41.2829851909568,26.23812310169509,1.1650419540428452,171.18111212103048,315.2916809481667,5.901815313872976,19.70364190059572,799.1127485402276,729.0302006358769,14.83260681260744,9.165605497486206,2001.9629184530925,1507.4407342726208,54.808208190322695,1.619280630689421,51.360672761204825,61.748642203598294,52.953101591222456,0.9789980731448648,237.99839875715645,204.45901389760613,4.515882143606779,13.944683805766351,312.14585324655746,60.17208741282984,75.62850400328723,1463.1137204170227,115.0,1725.0,925982.2191355553,0.0,CONVERGENCE: REL_REDUCTION_OF_F_<=_FACTR*EPSMCH
10,100,23821.663713640417,3.470404994645482,3.269176076940738,3.33844487737434,2.6455168291428066,2.7312802064741333,3.939191496639349,2.9292900022225723,45.78690200261063,64.89435026287039,51.18978638477162,10.000000000000002,42.640376548200116,45.22396490958001,26.23330123166968,23821.663401113914,3.470413091318982,3.269187966793031,3.338449228745116,2.645515478110894,2.731269907555149,3.939191496639349,2.9292910562370795,45.78678241423217,64.89389843189471,51.18992627165411,10.000000000000002,42.640705622137645,45.22396490958001,26.233306975944558,1.2028079862778016,179.18573967580465,310.14475726890305,5.9140417303899815,15.222633029884534,733.2948039576781,701.4167517815882,11.238620884550471,10.812463719585505,1859.9090288750524,1397.283326785791,51.389099071283184,1.0973397009450423,75.62026051923328,84.50528837647728,60.756633954599174,0.9624865211711175,255.07189675096902,225.11927953506014,4.748139755657135,15.199196141965517,362.5751136277249,72.4286160151206,76.35877660809751,1502.532419681549,119.0,1785.0,904048.3343614462,0.0,CONVERGENCE: REL_REDUCTION_OF_F_<=_FACTR*EPSMCH
45,152,23338.861045412363,3.474960056767404,3.3847415051981553,3.2728361940611705,2.6333982251822867,2.746022734856375,3.458637838722246,2.92891641889873,45.57769211716915,56.77779462635921,56.00221254545585,10.000000000000002,42.506855352465415,37.33765487171168,26.23081261458654,23338.858522121205,3.474959580760246,3.3847396629961546,3.272836801001133,2.6333983263964065,2.7460256190457413,3.458637838722246,2.928916488417591,45.57769708967096,56.77793758706931,56.00199018894305,10.000000000000002,42.50686346396635,37.33765487171168,26.230802560356437,1.2420488625577015,196.0526088390561,315.06432595358757,6.155564561355563,18.72852094436296,787.4123125061677,715.291372560217,14.667748052531026,8.579370559586563,1979.4154985039004,1492.133152906163,53.15193453729988,2.370191647948681,42.9066081521179,54.57078958222235,50.206362387818544,1.3084315286397488,220.47522761758052,192.51411208171086,5.639642156966762,13.090812436868204,281.30305650443455,57.8072876233859,69.67214380175224,1189.3130118846893,160.0,2400.0,918369.5661561815,0.0,CONVERGENCE: REL_REDUCTION_OF_F_<=_FACTR*EPSMCH
52,60,23763.677981004097,3.4782685385031398,3.4397789821465254,3.201617901850837,2.626822939334266,2.739206861660289,2.263681950055004,2.9289782412923726,45.5468509046416,53.545394580329244,62.31797056184519,10.000000000000002,41.54799201059702,44.50149440674975,26.167992367646182,23763.67619090605,3.478269474347279,3.4397787694225137,3.201617377319759,2.626822695810932,2.7392116992462805,2.263681950055004,2.928977840236458,45.54679215749093,53.54539159083621,62.31795042716697,10.000000000000002,41.5479999126127,44.50149440674975,26.16799583585606,1.117722312695014,154.9439414970023,332.72910383098446,5.706226559100055,20.59771554568752,1006.3553954142443,940.5118611742147,26.61720349180834,7.043341985712844,1935.1716583687994,1463.6938907472977,49.23968823592563,4.637260849103372,26.470429723344154,40.18494479131971,44.98254842591498,2.402356987738839,185.130912950793,234.57292363080987,4.436875798713567,12.17966138611053,240.71131658347574,65.98302593012227,65.94315004500898,839.1953222751617,67.0,1005.0,905176.6535516939,0.0,CONVERGENCE: REL_REDUCTION_OF_F_<=_FACTR*EPSMCH
24,102,22976.672165511034,3.4614965339724693,3.6216718740074856,3.28369399402467,2.6041354580398783,2.7556162252805345,3.2436124634808303,2.9298198502398916,46.133094645508905,45.17316294945426,55.00894239286185,10.000000000000002,42.21741442024533,42.485360987756664,26.281486820817403,22976.668162587262,3.461496674981209,3.6216726558316688,3.2836871566513457,2.6041329577052084,2.755618399080413,3.2436124634808303,2.9298197586497974,46.13308044440705,45.17314192828127,55.00945784527691,10.000000000000002,42.21740128677741,42.485360987756664,26.28149468637137,1.2620072803276075,198.77113549503207,290.155704778205,6.057234010757446,12.408996028240708,626.7789895442327,630.0892008118003,11.494449179575808,4.436306070091355,2085.303832332238,1578.625450443841,44.42873797562556,31.606661098051728,25.729152491184514,8.61217675196926,19.108298127444854,1.6456967217059257,222.14369373313508,183.59702189194934,5.353412115250711,4.382598909013664,175.9042673986612,23.643731789839485,55.94198403716714,1490.9226801395416,111.0,1665.0,953631.1870369242,0.0,CONVERGENCE: REL_REDUCTION_OF_F_<=_FACTR*EPSMCH
64,76,23105.25565092425,3.4655248658908104,3.660133028310635,3.358615094991796,2.5925440495563494,2.765377325149953,2.0569816989831344,2.9296402166970403,45.98392539049667,43.72092551827295,49.85641417841022,10.000000000000002,42.331016081049874,49.28191739629323,26.26033029360396,23105.25455549196,3.4655305649889283,3.66013734797888,3.3586201614091826,2.5925348011947955,2.7653799970557746,2.0569816989831344,2.9296370892486974,45.984035948805065,43.72096342372964,49.85638118039112,10.000000000000002,42.331054571682756,49.28191739629323,26.260078438353844,1.2438247089824161,195.99244712974686,298.00958940090055,6.086561179983938,12.406148566741798,599.5232305491595,562.8787636676253,11.248683825014163,4.949828096234663,2188.5917429514247,1658.9972741141119,45.06591809267536,41.36826842055649,28.951326135406006,11.8821216959463,12.38442451214567,1.1122484996383575,223.94695501245818,183.23093665081456,3.0195915776466706,3.364250902338527,188.81882939276798,26.33636848328115,57.162083294270474,631.0928609371185,82.0,1230.0,993442.9010262486,0.0,CONVERGENCE: REL_REDUCTION_OF_F_<=_FACTR*EPSMCH
60,94,23303.078408140995,3.481969424630626,3.4142298225381125,3.2747139331042856,2.6277586468277114,2.748085273618517,3.2966255123262487,2.9281343407299447,45.17231845490293,54.89200250667386,55.818341495937275,10.000000000000002,42.868611313180374,30.012631691046607,26.24312280865043,23303.07825343975,3.481969621060178,3.4142301316195978,3.2747166031878985,2.62775616820082,2.7480880673816035,3.2966255123262487,2.928135029239542,45.1722716747731,54.891981638519745,55.81824832393893,10.000000000000002,42.86860011103999,30.012631691046607,26.243130277635174,1.2592992732264054,197.05971565559412,324.65699754464765,6.178143659224562,17.35103292457776,796.5871134374953,638.3025267565523,13.582983755198091,9.314386037168411,2194.619994050476,1654.3219626432347,62.59467044500817,3.5520357248025265,43.53919511977661,52.11041919800887,43.574173680028856,1.4323160204865701,210.61728334817036,182.07504420425997,5.165509416279908,12.498127696092062,262.20876558439704,51.49300421915226,67.18127718429233,741.3803791999817,99.0,1485.0,968667.2817073122,0.0,CONVERGENCE: REL_REDUCTION_OF_F_<=_FACTR*EPSMCH
