Run,Iter,Min Obj,sigma_C1_min,sigma_C2_0_min,sigma_C2_1_min,sigma_C2_2_min,sigma_C2_3_min,sigma_H1_min,sigma_F_1_min,sigma_F_2_min,sigma_F_3_min,sigma_F_4_min,epsilon_C1_min,epsilon_C2_0_min,epsilon_C2_1_min,epsilon_C2_2_min,epsilon_C2_3_min,epsilon_H1_min,epsilon_F_1_min,epsilon_F_2_min,epsilon_F_3_min,epsilon_F_4_min,Min Obj Cum.,sigma_C1_cum,sigma_C2_0_cum,sigma_C2_1_cum,sigma_C2_2_cum,sigma_C2_3_cum,sigma_H1_cum,sigma_F_1_cum,sigma_F_2_cum,sigma_F_3_cum,sigma_F_4_cum,epsilon_C1_cum,epsilon_C2_0_cum,epsilon_C2_1_cum,epsilon_C2_2_cum,epsilon_C2_3_cum,epsilon_H1_cum,epsilon_F_1_cum,epsilon_F_2_cum,epsilon_F_3_cum,epsilon_F_4_cum,R14-sim_liq_density-sse,R14-sim_vap_density-sse,R14-sim_Pvap-sse,R14-sim_Hvap-sse,R32-sim_liq_density-sse,R32-sim_vap_density-sse,R32-sim_Pvap-sse,R32-sim_Hvap-sse,R50-sim_liq_density-sse,R50-sim_vap_density-sse,R50-sim_Pvap-sse,R50-sim_Hvap-sse,R170-sim_liq_density-sse,R170-sim_vap_density-sse,R170-sim_Pvap-sse,R170-sim_Hvap-sse,R125-sim_liq_density-sse,R125-sim_vap_density-sse,R125-sim_Pvap-sse,R125-sim_Hvap-sse,R134a-sim_liq_density-sse,R134a-sim_vap_density-sse,R134a-sim_Pvap-sse,R134a-sim_Hvap-sse,R143a-sim_liq_density-sse,R143a-sim_vap_density-sse,R143a-sim_Pvap-sse,R143a-sim_Hvap-sse,Run Time,jac evals,func evals,Optimality,Term Status,Message
31,64,24534.86148530516,3.4703088564900595,3.576493814325773,3.341420612034476,3.1448178768914925,3.3975244291561952,2.5828678443638724,2.8415870747945844,2.8181824463934695,2.9737390156488708,2.9289092853120375,45.68685559369294,47.001952307218346,63.65418839597618,50.65800085140581,37.66523008667543,10.000000000000002,30.41261939330106,42.3426179552163,30.104824975308443,26.286044390295192,24534.85326789748,3.470316305164562,3.576490904545998,3.341421963590469,3.144828060044118,3.3975166311153777,2.582857659311637,2.8415856073480183,2.818198208019159,2.9737284294636135,2.928909028793905,45.68660976330188,47.0019626211854,63.65415955469624,50.65816246463444,37.66522601293558,10.000000000000002,30.41262722566257,42.34252972532743,30.104924876498842,26.28597667210464,1.3539286340832588,230.69408898243498,299.0231766371569,6.461584342163836,35.34841603668282,752.238798570564,620.8301994423998,19.81041569027627,5.562315388336,2431.126757855046,1842.393153227397,52.117193249175706,8.442114935646408,1.9730622477307607,15.683052451991566,40.4427408414176,1.7315044758673468,33.534237869622025,4.426457862056942,31.652489575095352,0.4768537029981001,90.21696379875164,56.624132514195374,6.469038023738882,0.12490826178405538,12.31504130217155,8.550463604475631,36.241810860328336,924.8087623119354,72.0,1512.0,969560.878491773,0.0,CONVERGENCE: REL_REDUCTION_OF_F_<=_FACTR*EPSMCH
37,63,24525.30150948262,3.4604234022060947,3.7028317577957126,3.590583199258472,3.816874557667036,3.262887177077726,2.5752657389224365,3.613627191148911,2.750408371976143,2.905688624194363,2.9300638689704135,46.03618631354798,42.846806021017564,51.31771687887003,24.708971924578314,42.33692645433657,10.000000000000002,37.988331811540945,41.87264758197303,30.505938811317428,26.343079262720995,24525.30150881027,3.4604234120839394,3.7028317348857156,3.5905832213830213,3.8168745785132696,3.2628872274555807,2.5752657059751427,3.6136271776028135,2.750408328127843,2.9056886383095732,2.9300638644258523,46.036185516205556,42.846806789973826,51.31771663827442,24.708971970655732,42.336926084101364,10.000000000000002,37.98833142564923,41.87264765917786,30.505937749141328,26.34307926032027,1.2846285700763875,221.40733023189904,278.82330238701144,6.443464715367368,6.619115296557478,624.1028146240542,614.2742318050152,12.025449465015807,7.566205940570237,2489.703280816685,1880.4077510814989,49.22000728244143,38.10816592339078,11.006538744013895,2.6623458847199273,28.811761856917148,10.484068889220676,28.732959021297283,81.40983109619862,14.790608657880224,114.53735578208413,5.326055412605169,224.76336675373892,46.25528410937805,0.422436462079469,53.757007262170085,44.42989338689609,16.911247251733734,866.1403810977936,68.0,1428.0,960149.4631702226,0.0,CONVERGENCE: REL_REDUCTION_OF_F_<=_FACTR*EPSMCH
24,76,27500.007336127932,3.4608230433082565,3.70471618111216,3.4754195893846127,3.171950376142742,3.329841248361693,2.554359818994052,3.2993284803053626,2.869325816417831,2.964805303573028,2.930347539570255,46.2397510412664,42.604164608077376,49.56382151461349,49.3795844197755,65.4745405042331,10.000000000000002,41.1315841853601,42.13106843252039,20.79674336001384,26.24467726004235,27500.001604394318,3.4608161477580563,3.7047182565213794,3.475418099535104,3.171943825095509,3.3298456303512305,2.5543585489763156,3.2993315833909693,2.8693156846520775,2.964809879597594,2.9303471769758542,46.24009126137505,42.604162286816695,49.563794796999616,49.37961906915634,65.47467229822142,10.000000000000002,41.13162503855152,42.131192231738886,20.796790082326247,26.2446755980061,1.1232003040901828,158.36972987455732,296.60223565685794,5.658594743275056,54.29381749045085,688.5551001658408,571.7844195243597,20.85536528346936,13.980854188452046,2450.334729077902,1851.7828314107767,40.22031814485214,32.90810612110808,1.127632499814207,1.8179891247024598,19.02044538063106,3.3903546154658146,89.9209859337244,53.18809122136096,10.001119975018852,32.39261434555179,129.04088796385247,119.08796834170923,7.632409697167563,0.8524710762003429,30.143706422936525,39.62263241802263,14.927537520539914,1084.7003817558289,86.0,1806.0,982303.0091170132,0.0,CONVERGENCE: REL_REDUCTION_OF_F_<=_FACTR*EPSMCH
58,66,24050.404182044702,3.4641812571254063,3.2969791541459874,3.3004592884678017,3.448944336635393,3.4019967763062375,2.6402479463020394,2.97366119938234,2.7558528022383824,2.9575423157098384,2.9293129126434945,45.86134762152326,63.19178861708297,69.84567120758452,36.79203819705383,34.42367055808431,10.000000000000002,31.233266395321067,42.50880732188064,31.11300019689635,26.325633150215094,24050.40372300122,3.4641814800672583,3.296979323425177,3.3004596483517066,3.448944436572906,3.4019972610470672,2.640247931109927,2.9736610232893694,2.7558526989752696,2.957542613783137,2.929312850670038,45.8613238674425,63.1917852749843,69.84567000819929,36.792032101431175,34.423665985538605,10.000000000000002,31.23326215704614,42.50883376615211,31.11297381552409,26.325636667609306,1.3079543567278105,209.2911763083447,288.4244768140281,6.173184571483319,24.406835806527635,803.6643687901512,791.4808554727317,14.98243748024918,9.611229007719835,2036.4551842302265,1529.3015499830199,56.709905566040135,0.8636381308493432,43.195130545668704,67.5712692336147,91.4502504524168,12.818661783191462,14.43730684261512,31.303392594293964,46.704760286786815,5.039115690887293,32.70672198457247,49.002410837579575,8.523139711760972,0.3558372140578721,10.723681186309149,16.548880213091557,34.62091213733609,965.2211439609528,73.0,1533.0,864625.229290072,0.0,CONVERGENCE: REL_REDUCTION_OF_F_<=_FACTR*EPSMCH
73,52,25766.833408140672,3.4373408716725113,3.6255560252690406,3.612300204609939,3.3485001274857455,3.326973775252265,2.55573641320965,2.834540090287651,2.8279629346005004,2.9496490399300463,2.9313551213270133,47.049700026730804,45.20523109485429,40.51339328736885,38.170978002353145,56.19204058213582,10.000000000000002,41.815267012050526,42.22580269795458,23.954755486424162,26.404903015711756,25765.647872063004,3.438931265592229,3.623944434616196,3.6155453273222378,3.3486814127758495,3.327993655383513,2.555826084402781,2.833767374042232,2.828203981255366,2.9487748687696103,2.931446608825347,47.00468509532961,45.238774885976234,40.54386143565004,38.17268893057531,56.16797872835462,10.000000000000002,41.79354469311926,42.287047783049935,23.88816483179141,26.395698429410366,1.2700886512394551,197.90429331398266,247.98379430142253,5.7826041600938805,22.495718134874842,459.6938715274806,502.93137598680187,8.711590113798932,19.15948716504804,2439.446202705539,1827.264345903774,36.0150925456977,8.60765601217658,0.28645755561736197,11.867380001514963,41.242827855879725,6.918190674949934,60.95039989117135,59.55870104612035,8.292916891194361,0.83656564382335,287.6610313345815,178.0448302197232,1.1140102598382224,3.1570137231069326,64.96276562353619,23.17470153384326,25.078362568357917,750.2036957740784,60.0,1260.0,928836.6502271309,0.0,CONVERGENCE: REL_REDUCTION_OF_F_<=_FACTR*EPSMCH
6,136,23842.772555607382,3.4620658966781495,3.627584012488827,3.565346444998297,3.486317074718914,3.5477812092028636,2.5783423574560356,2.888756736512047,2.787725244827724,2.943917320166378,2.929789536687251,46.0433845722625,45.12664613520882,49.25855941814798,33.74603688826857,41.11780155560082,10.000000000000002,31.204079866820212,42.158952847970006,24.391134974385885,26.310416554959563,23842.594533154122,3.4617639140775296,3.62900432119508,3.5660232053648433,3.486915670079412,3.5461002637939885,2.5794347205626753,2.8857537892076444,2.7864083034890323,2.945238803289696,2.9297518268608664,46.06089172931151,45.10487509589174,49.19593151883802,33.798099371502886,41.147357823144546,10.000000000000002,31.30123754868433,42.12697783501041,24.433895782148973,26.309155789525427,1.3056948518556988,221.1118646682659,285.2258100832854,6.366904892427296,17.511015241409755,626.1400368362147,591.6566031207477,13.893323278138443,6.974025596236088,2384.25957608361,1803.5258294421124,46.706058303657564,17.115315030516072,1.9477594124972775,5.971725866472681,33.61711594670285,10.082447563719143,10.252079532290615,20.523574173292435,23.13985314051525,0.5826364992353384,104.43049139205141,55.4443224239477,8.861137894630417,0.4405462212775497,23.869074993317007,19.94742250932026,21.20700210010888,1825.0505149364471,145.0,3045.0,985117.7862373693,0.0,CONVERGENCE: REL_REDUCTION_OF_F_<=_FACTR*EPSMCH
19,137,23775.89226309887,3.4662960919231116,3.596974487691236,3.588733495685225,3.8330568389597186,3.4176587121283966,2.5853067784823436,2.763232227039443,2.7556648290093695,2.9097579030902025,2.9294747337977203,45.88037578301118,46.25937263725233,53.31465658042145,23.673324255330876,37.31970556284922,10.000000000000002,23.501560924956927,42.05548874569288,29.322952083714497,26.29482049621142,23775.892262638754,3.4662961226201263,3.5969746266933047,3.58873369195497,3.83305698823669,3.417658469831038,2.5853066965347367,2.7632323554612577,2.75566495771956,2.9097578365217656,2.9294747319030723,45.880375749808714,46.25936830593289,53.31464861893913,23.673323058995162,37.31970489400915,10.000000000000002,23.50155539051892,42.055487849415066,29.322957192218094,26.29481973031513,1.3302041351884535,232.06048316423818,291.56457572125584,6.526328541314255,9.590593157663903,646.1195558931688,609.8322446944876,12.889829750335753,5.587571642588828,2340.2422065849833,1772.5919468824372,48.51790540816191,12.57679831508812,1.6927160111583701,9.862474774897942,38.500424089072304,7.374223381353604,20.158996484536438,53.66966135446563,14.034200636081922,2.7658516175517556,128.63138696631316,68.93523430126501,8.143065372218688,2.8637485170633536,51.06124356650245,26.96326304018113,29.226265265289975,1845.5299425125122,141.0,2961.0,985215.2476950728,0.0,CONVERGENCE: REL_REDUCTION_OF_F_<=_FACTR*EPSMCH
52,129,24033.950374442655,3.4611970516766233,3.7622221778528546,3.625935565808138,3.4330707123006095,3.7256391580218824,2.5723631894471217,2.9563232738098204,2.8012210157646864,2.9149537445304725,2.929965077008609,46.16645772747008,40.79711458035592,45.08348541760447,34.55201007756761,37.40009582982873,10.000000000000002,32.94818128511738,42.3163352126116,22.27974279330101,26.286412188219828,24033.95035580275,3.4611972188635605,3.7622222908189515,3.62593616723402,3.4330701421256,3.7256384529945317,2.57236299440718,2.9563232973837135,2.8012210608520283,2.914953434361313,2.9299650588145876,46.166448495118836,40.797111376469125,45.083475956322445,34.552030567456036,37.40013047757559,10.000000000000002,32.94818167024524,42.31633679547153,22.27973179037104,26.286412532138772,1.3005690302919763,221.61578912344282,286.4888832759573,6.366156158857208,19.412483339215893,563.288379676385,516.8561239500258,12.064566426616864,8.538354856954546,2333.7062085867665,1766.1609412812272,42.47309755763347,80.66704694980402,1.958667447036371,4.690756612093504,6.0186218914024385,9.772261283404035,9.031583572125916,22.407712690246008,19.2598671256578,2.2174184264784906,33.015167041972134,39.00965721469171,8.931534508242986,0.23222821802968074,13.062099383774694,9.174534093268688,23.51032147134895,1693.3221521377563,133.0,2793.0,977855.034079269,0.0,CONVERGENCE: REL_REDUCTION_OF_F_<=_FACTR*EPSMCH
69,105,24055.619997727208,3.4585245682595183,3.6664357665391876,3.667339355874742,3.3778682401284925,3.7686919918503046,2.5874562331399193,2.7658119390623632,2.8026064053149025,2.9052792267598897,2.929821320942633,46.18001795791895,43.64411884374636,43.54985492017657,36.68196473473872,34.92583694484179,10.000000000000002,31.472308543342415,42.442946228521905,22.648919497993607,26.316685024713614,24055.619762097434,3.45852411582005,3.6664361650995003,3.667340353463569,3.3778696643977835,3.7686908315151673,2.5874554963810232,2.7658111795710525,2.802606956807408,2.9052787634841675,2.9298213759896976,46.18003156344689,43.64411223967937,43.549828119240395,36.68197891573638,34.9258345308982,10.000000000000002,31.47228831548413,42.442911659350365,22.648929719669223,26.316688135587192,1.2848949178161657,200.80074575039873,282.6667252460665,6.01700731841203,24.638975450643684,612.2268666225382,572.1603142029371,12.749267975446937,5.90916536538469,2283.318242367282,1726.2135953428428,45.537546494697054,37.68290577210646,12.045401227212082,4.806922464367814,16.415027338891136,9.20877578548755,7.615973369503793,24.024491906465787,18.564256402465496,0.007717199735644174,42.03716333726792,47.441116868807846,5.053166188033384,1.0777271844331822,14.693771643762393,14.310130200245073,23.50906352730849,1474.0113680362701,110.0,2310.0,976531.6828342441,0.0,CONVERGENCE: REL_REDUCTION_OF_F_<=_FACTR*EPSMCH
30,147,23650.471709320766,3.4723942611279996,3.3752991937835617,3.344841020827851,3.4724016660732993,3.6614657182020194,2.6173217970135547,2.9004220936200937,2.753741673215973,2.938893313009194,2.9288589712260826,45.5768076958875,57.36118145662402,65.71512458409073,34.70112565994886,33.638630647175496,10.000000000000002,28.119275992959153,42.245032885391325,25.577668003293468,26.28366754953433,23650.4712269767,3.4723937935909754,3.375301959515309,3.344837537064606,3.4724059658750877,3.661473727655116,2.6173223056627504,2.9004168041271723,2.753740476652566,2.938894408554877,2.9288589295486345,45.57679952901646,57.36100901894911,65.71517563233313,34.70091809917362,33.6384369215115,10.000000000000002,28.11922180508071,42.24507556676157,25.57764837985652,26.28367684385743,1.319339494505491,221.24594531111512,302.806120740396,6.4091370173970965,18.331199372520086,813.754151202007,743.5921120991184,17.217439908214523,5.974182173892595,2182.723945855277,1649.1496479763346,55.692099072639124,0.4458652110868996,42.121468694695935,66.79360324179947,72.12820538703683,11.279678359842293,5.899502638801042,12.664780048507193,27.987411584016535,1.0186044852611094,125.81067715218603,77.28831826328668,1.3811696498157953,2.8529848236145363,14.379684768421304,19.390143656847336,32.221560642448615,1989.69166970253,154.0,3234.0,952535.6824173554,0.0,CONVERGENCE: REL_REDUCTION_OF_F_<=_FACTR*EPSMCH
51,152,23626.867461090256,3.4681400005834337,3.595055992388651,3.345946334037191,3.332723301405264,3.5275732650045795,2.584871238278264,3.111723285355799,2.792763435453278,2.9478053160150863,2.929532589164137,45.87012096117551,46.41894875530613,65.37480956879284,40.87695164529215,36.88163685635076,10.000000000000002,32.16243163189703,42.152448293323765,27.008882115893517,26.26027854345487,23626.86744893611,3.468140411356309,3.59505667577841,3.345949470359585,3.3327218064671222,3.5275729874866126,2.5848745391355097,3.1117104380656846,2.792760899267524,2.9478056254749325,2.929532278428664,45.870089988250065,46.41890545306383,65.37475555222406,40.877166094569795,36.88156338324377,10.000000000000002,32.16240920362257,42.15240190090314,27.00891016508826,26.260285322543425,1.271284982531196,212.78687223769478,299.47529787365085,6.344646494383427,22.825388026782225,687.4711352029759,621.5891376836905,16.75417228266741,5.552897426197493,2284.033503150531,1732.2367063107756,46.52287372271482,10.913852220477963,0.6448714797739734,11.087411932253822,45.47364065870254,10.651633144934891,11.325242954510383,8.233809400732161,35.97466555162814,8.239574548797451,63.92045773815468,62.471872736466594,7.481548959485351,0.21454312021148958,16.742314399216284,15.286623392898107,27.1774902699572,1956.680314540863,156.0,3276.0,955679.2600807216,0.0,CONVERGENCE: REL_REDUCTION_OF_F_<=_FACTR*EPSMCH
66,130,23589.06475828669,3.4706648638443256,3.580288181386051,3.5259949811284637,3.313869579374751,3.803887656959658,2.5868608981570347,3.03135663948881,2.802014124089798,2.918925927490479,2.9291756900906094,45.74298207015222,46.88577057300477,50.23826581242598,39.987127024597946,37.2673608854632,10.000000000000002,35.67759714600587,42.28331273818955,20.634713070165624,26.255111376156382,23589.06447032038,3.470663839248378,3.580288265815682,3.525994485398474,3.313872456188642,3.8038829021090703,2.586860626455576,3.0313571289036805,2.802017625049849,2.9189255138423107,2.9291762972924524,45.74302796461479,46.885697860203464,50.238265244645746,39.987138830274716,37.26735297028043,10.000000000000002,35.677660241927455,42.28331805947816,20.63486017273577,26.255120921180897,1.2778201044746784,208.56373608653516,304.64870395952187,6.264791348109436,27.94080204548726,717.9073620992502,616.939358888548,17.918379565142033,5.179399532940687,2313.54034475162,1755.0057034094468,48.97287678667507,10.106653379219182,1.9180845229756966,13.249272452551729,40.06328773671158,7.537149676890849,7.6965267719602695,25.041247929001933,19.825878912184837,4.435628333656723,15.546414543102614,18.372668681630884,9.782029008751978,2.226464972915335,21.52722161736118,18.146114885481417,22.16651845780257,1782.0649318695068,137.0,2877.0,953607.1036158717,0.0,CONVERGENCE: REL_REDUCTION_OF_F_<=_FACTR*EPSMCH
75,101,24187.008277603374,3.467197160982049,3.719893594675195,3.5150867130569297,3.8523065303930384,3.373981764908396,2.576699576682911,3.005091635338564,2.7616810475607867,2.928275396550485,2.9297513787493674,45.93425699198041,42.078791855362255,48.171152616686435,22.75009973144666,49.043742108885446,10.000000000000002,38.910014186303954,41.86382817713292,25.270129965708634,26.264356621603167,24187.004824205396,3.4671920151067015,3.7198921381898495,3.5150997230249987,3.852307403478182,3.3739871384711613,2.5767076337265706,3.005104841302665,2.7616759077567594,2.9282839112732075,2.929751121675444,45.93445066405258,42.078845971102545,48.170907148978436,22.750155881230896,49.04371988725603,10.000000000000002,38.909945342286456,41.863802267091714,25.270179480448757,26.26436832163347,1.2971430279147205,231.21989082446694,295.33414528976226,6.601517175008825,10.015109200710963,641.5443775457663,608.9042434428112,14.052032928369027,6.861429557276164,2324.2527970900996,1762.6122727208594,44.8898379520715,53.991286778741426,2.261670028774669,1.4440421639656216,12.660367879668112,3.145848781789632,26.79935883505384,102.48262420670927,2.018082429256655,2.060834138716789,158.32965763855353,79.05730843896794,4.186407215138668,0.37482730728674585,38.466780233498774,15.021730007973286,21.043676351592413,1424.62930226326,113.0,2373.0,971395.4385474174,0.0,CONVERGENCE: REL_REDUCTION_OF_F_<=_FACTR*EPSMCH
3,159,24130.94591194696,3.440787326614271,3.4328106824889835,3.564270839109537,3.383087721632964,3.7991606409812344,2.6078675403024314,2.9396501796213665,2.7654914923846894,2.938081508619529,2.9315872025519023,46.969021924752624,54.05490123062083,48.93737159890729,38.43040615884767,40.493935882696604,10.000000000000002,37.167204792033324,41.60972366289127,18.740805498020762,26.375848195744144,24130.94552485278,3.440787668546959,3.4328091445780347,3.5642707581217814,3.383086024282597,3.799159244396843,2.6078676708287656,2.9396506743708724,2.7654922196153793,2.9380816645276946,2.931587169488644,46.96900762439821,54.054980047678065,48.93734085377074,38.43046243990252,40.49405652376285,10.000000000000002,37.167184252834865,41.60973538417873,18.740788343578448,26.375847124382982,1.2287415741831673,199.91901452543988,253.2205429252526,5.98096529322363,17.522766029748773,656.092761807443,815.345012681881,13.457874981477843,4.7924023929769906,1958.225113897095,1478.6215596691527,37.77717952968012,0.1985543166792623,25.658513409457516,55.84687525984317,77.22420619189197,8.01943458169118,12.9926867729657,38.70099192851394,13.202284279189094,2.129538295537006,15.424890613646252,13.026278659304442,11.204200099651668,2.316432268482928,45.34455457638495,53.05375369191637,12.940490121524594,2200.9640159606934,165.0,3465.0,850392.2548661425,0.0,CONVERGENCE: REL_REDUCTION_OF_F_<=_FACTR*EPSMCH
13,178,23585.730844862133,3.4617012247354384,3.6081874857918543,3.5626369491210874,3.401800652801799,3.8031655891686658,2.590552347027036,2.9748475357164943,2.791886872732197,2.9183561906623723,2.9296259344349425,46.084266191113045,45.8730298107889,47.96629311161255,35.83150843596392,37.865383604352616,10.000000000000002,36.44301560483291,42.266879503488305,20.299747037020584,26.29581597966606,23585.73045039567,3.4617020632647226,3.6081873776015287,3.5626362244263476,3.4018020362774575,3.8031614764006214,2.5905508345360397,2.974851209164466,2.791888332280627,2.9183562758251296,2.929625999377376,46.08427867015184,45.87300916230435,47.96624246329334,35.83141916458,37.86538715680624,10.000000000000002,36.44300183436065,42.266876553195495,20.299839418771988,26.29580553588378,1.2978648823622132,207.30206430684012,288.4572175058901,6.121280466734404,22.49929327169152,649.3198141231184,617.1282666335587,14.344032833634184,5.3320933049292805,2240.4310295024748,1695.7505747884857,45.632873688645724,16.815939580035284,2.7410950761372614,6.4560262116564155,36.40610427306796,7.373504522683223,7.938085523307425,29.656994991394107,14.969227187192555,2.41151147987803,14.848257829017092,17.586742422899825,9.82151605900059,1.4421245630266473,16.182777490307195,16.918677834664123,20.384434085440333,2255.0413773059845,182.0,3822.0,943639.4049237561,0.0,CONVERGENCE: REL_REDUCTION_OF_F_<=_FACTR*EPSMCH
32,174,23569.547269616538,3.4638376952559122,3.4983117337997456,3.4726641559426725,3.4619992609293067,3.8245368700828095,2.6010423953950785,3.063950987837515,2.7837419928558917,2.903511741136908,2.9295802368746426,45.966374696449435,50.53424288047193,53.8427476298623,33.60630965991119,33.84389563351796,10.000000000000002,36.55031034697102,42.28945583213235,22.029122169115016,26.29874427387178,23569.547264352488,3.4638377538756733,3.498311974357918,3.4726641577001693,3.4619996861987374,3.824537457595371,2.6010422654458294,3.0639517057842185,2.783742279569301,2.9035113108724513,2.9295802641094144,45.96637562478458,50.53422596285043,53.84275122744766,33.60629165866971,33.84385792785694,10.000000000000002,36.55031845367803,42.28945034866219,22.029132174835162,26.298742553862883,1.2848493135723484,207.93263118041847,290.48493200646215,6.195903664554634,23.11619756971313,699.2086461979698,662.3381923677066,15.35730121015051,4.595122361480217,2202.536599344441,1666.5790489600595,48.454728650459984,2.8190671404209504,5.5824226246437725,32.77242257363695,55.361507994948326,8.384367365345636,5.305604228478806,23.964508037095648,16.402923453213127,5.222507487834834,20.527038562113262,18.489934885307036,8.982674674995557,4.664096780304276,31.566311542635976,21.717700385823274,26.520224159694305,2273.5757133960724,178.0,3738.0,916372.4975781178,0.0,CONVERGENCE: REL_REDUCTION_OF_F_<=_FACTR*EPSMCH
57,159,23916.437007208347,3.465245999522742,3.6510627490163956,3.5762308698094527,3.3122663188049413,3.700531320400182,2.584901819590633,2.9085077068028227,2.807870689114104,2.918213665281994,2.9295222125296143,46.00812433063468,44.29970107126919,49.17918381649636,40.7339987670304,35.14002314526431,10.000000000000002,29.064407709600143,42.188297511762705,24.01012410076488,26.260445018706122,23916.43692563647,3.4652464666430367,3.651063090907281,3.5762330084508624,3.312265312998688,3.700533690052719,2.5849004080717974,2.9085063922953647,2.807870187386785,2.9182133585363608,2.9295220881682615,46.00812601363153,44.29969479094811,49.17916660021195,40.7340133207448,35.14001396143328,10.000000000000002,29.064360653681977,42.188369193912,24.010055030138602,26.260440080270005,1.2840240184194167,206.8101672235976,296.9243435801717,6.16683264633089,29.388143469636553,683.9375639453423,622.715513523443,17.26158108021387,5.800159146574247,2238.907489891804,1697.3507451120286,44.207943851418186,27.462000376678937,4.329939077284125,2.44721456119086,26.2544673830816,9.967440329997364,6.591363830905682,13.804248005122302,26.841494722946457,0.8956657120693592,61.203366735623455,49.39835564700479,6.934725149716435,0.9616345415477559,17.926464322491498,13.969515545791412,26.80165004357644,2145.6107964515686,164.0,3444.0,945097.6160507172,0.0,CONVERGENCE: REL_REDUCTION_OF_F_<=_FACTR*EPSMCH
15,175,23641.323025204954,3.460116164700106,3.4592749359502584,3.475873982367564,3.41583066138962,3.8165606335136286,2.604638241789377,3.2038472216657614,2.7868393383497003,2.902268142533677,2.9297637890023576,46.105687278765544,52.47153381334362,55.03357934985766,35.632139553525526,33.73506558726637,10.000000000000002,36.070471171632725,42.319623691972595,22.205805597876108,26.318290621229764,23641.32295820808,3.4601166138091983,3.4592732022429433,3.4758721744785785,3.4158264607755195,3.816561800778902,2.604637626070126,3.2038463712712693,2.786841043086749,2.902268618862553,2.9297640440321606,46.10569491678205,52.47160590271494,55.03356756781068,35.6322273187657,33.735113117275674,10.000000000000002,36.070439519146454,42.319578728917335,22.205756485607917,26.318284144765023,1.301412729136352,211.3351143501976,283.2885257248337,6.182566984674711,25.00950842200519,688.9678262341943,673.5322630111259,14.76947537186853,4.547129479403816,2163.4500051222267,1635.5185301188724,47.52134607570082,1.0434010299453444,15.411651084183157,45.58673851785949,60.43784644457722,9.404604564541048,6.159072775069756,23.680498624415453,18.365440794458856,17.4732851236771,11.675417091177662,28.67757279035406,13.224267908556154,5.892708420894146,36.1234187112624,25.11664080671199,26.98839027854014,2460.655633211136,184.0,3864.0,917563.7174254648,0.0,CONVERGENCE: REL_REDUCTION_OF_F_<=_FACTR*EPSMCH
2,193,23667.97533573499,3.4629387032320507,3.622266343079458,3.496884383409264,3.364276480895125,3.6943275313721218,2.588604262189647,3.281640598757197,2.7878921906491594,2.919765895349493,2.929606674828618,46.05342505261296,45.37728707191268,58.87429644150788,38.31175005165259,36.298198282795944,10.000000000000002,25.82634031174248,42.08839887033736,23.496237576377656,26.292346593332073,23667.974384924142,3.462937744318,3.6222680942573455,3.496891139145945,3.3642795525640956,3.694327574549579,2.588604898197154,3.2816468926965205,2.7878916944699954,2.91976246347615,2.92960709325422,46.05345574198597,45.37724765846353,58.87424174901494,38.31161072676732,36.29800407604003,10.000000000000002,25.826294723901146,42.08840172221688,23.496322302968114,26.292357294616632,1.330591079613539,225.11386790501666,288.49177143217184,6.361846481408311,21.464664436165542,675.8023997671808,650.0181656972264,15.886246954566438,5.47571632998881,2244.0725884832755,1699.3660412444349,45.297663527766574,19.23858132701997,2.721733785812009,4.8201014988037185,35.51853016408116,12.230682018630139,11.713502128079561,20.791094589101817,23.247761119449933,29.816892155994456,40.5774030596599,51.50888790860819,7.064529610247882,1.4815157454363521,22.800881336741888,15.297437986000396,26.47238294847714,2613.435906648636,203.0,4263.0,944631.7000787843,0.0,CONVERGENCE: REL_REDUCTION_OF_F_<=_FACTR*EPSMCH
12,209,23357.656626897984,3.4620144612369796,3.5886094672047095,3.3806126106208816,3.5237767320264712,3.6449826414015964,2.5907019082656904,3.189926418336786,2.7777011352582925,2.919735369955301,2.9295613797995483,46.04075908889555,46.59632665114843,66.97680695562683,32.13942507595188,35.27894781935373,10.000000000000002,25.820045225956694,42.18099917142868,25.1019592665702,26.30925033058368,23357.65658195758,3.4620145408434357,3.588609565199947,3.380612652374078,3.5237771694730324,3.6449831422418,2.590701850388018,3.189927202704726,2.7777011486601415,2.919735469560126,2.9295613730195544,46.04075828402478,46.59632067956912,66.97680764242057,32.13941527521555,35.27892920652098,10.000000000000002,25.8200466960697,42.180998353713804,25.10195964383004,26.30924954687288,1.3272568233527728,219.46391297876383,286.21888478898455,6.2700133832029605,17.258291538852923,652.3043695993326,630.1956415068538,13.895827112990018,5.284698868252922,2276.073025534559,1722.1278859869049,47.146898453067806,12.747150560626018,2.2114724595332897,10.094326517373608,39.00190707692389,12.038622885781157,7.824951575850453,17.292252851370154,23.40535630227527,13.018256814700209,90.43349932311173,59.927998931420255,2.1598487672591853,1.908771958586021,25.940730475064896,19.517100938174195,27.22588475142316,2591.0194387435913,214.0,4494.0,956500.2064243336,0.0,CONVERGENCE: REL_REDUCTION_OF_F_<=_FACTR*EPSMCH
38,191,23391.83322890415,3.4627592191802776,3.445360282751198,3.3811233269442234,3.559696229393329,3.4824020719342808,2.605908041741217,3.046293406903158,2.764417180389414,2.9412199794757172,2.9296266451127617,45.97858192383468,53.20309419587702,65.17937834541404,31.8244730685199,35.005120634030824,10.000000000000002,28.04251557462051,42.14304517657524,29.017528814446294,26.318592633910967,23391.83305981529,3.462759317414138,3.445360742535989,3.381123761617313,3.559687495687704,3.482401994402588,2.60590819272754,3.046295725736603,2.764416123822272,2.941221724687315,2.9296266822202153,45.97857916762688,53.20306703630787,65.17941106522338,31.824717882066334,35.00523480999524,10.000000000000002,28.04257242169976,42.143059363717676,29.01748067734815,26.318590678743483,1.3154922180888864,221.14498648289856,285.5332119326177,6.3505314680577705,17.49727641832212,717.8881776355297,707.099232564192,15.058219353112428,4.602341969581933,2192.211685192178,1657.272304228078,49.68765838101561,0.6885146281274765,20.178693339104008,50.239549231213225,62.13373998460989,11.75293758704386,7.59768038588654,24.414801467082548,33.92228536331947,5.297637465147634,73.75866688013872,53.80892132824603,6.663862327686181,1.8044389712694977,24.24168032847956,20.598704153966015,33.922113385786616,2523.4748253822327,197.0,4137.0,920779.2179338776,0.0,CONVERGENCE: REL_REDUCTION_OF_F_<=_FACTR*EPSMCH
70,160,23833.7926697458,3.4600426607074164,3.5889662639906375,3.5734091188281782,3.7554257063373053,3.4432882616674316,2.5840505885433447,2.9850585322055245,2.770604372750461,2.9301577256608127,2.9299270588704553,46.1548781860179,46.5734265707786,47.938131237373945,25.5858263797065,43.31467578472873,10.000000000000002,35.10031218793165,42.007728099629084,25.85528045791427,26.305111433899,23833.792654658773,3.4600427018591113,3.588966357059065,3.5734090543586614,3.7554256338584913,3.443288184159823,2.584050620033651,2.9850585378861427,2.7706043738466626,2.930157808954872,2.929927070327594,46.1548775236525,46.57342680093129,47.93813147688864,25.58582604062196,43.31467539864859,10.000000000000002,35.10031181403872,42.007728184574255,25.855279931567345,26.305110162053687,1.2881414674755376,211.68778499508548,284.16972204313333,6.219761232817138,13.158638335920704,623.2350661222979,623.128459736042,13.106802090942711,6.3133703721385235,2282.533982287256,1726.8291257240394,44.547602392490425,10.40468370634273,0.8936144150076399,12.040631779775826,41.33613600196611,6.874219539903134,11.470427630211923,56.621725962597914,12.250640016733671,2.208223560775918,99.22110013765274,50.2929939726793,11.67033858601565,2.198981248777093,53.95306563931987,28.696708862294173,23.42091038431777,2243.589466571808,172.0,3612.0,948620.7076845062,0.0,CONVERGENCE: REL_REDUCTION_OF_F_<=_FACTR*EPSMCH
20,215,23818.097687709243,3.4657188640680543,3.46995499366657,3.4525027471710605,3.6567111968496784,3.724076035665624,2.6107101421974512,3.032286502575523,2.7738402550588064,2.909941310097342,2.9297083389300127,45.91153610320062,52.01003650978124,54.388030088247234,28.147225045449275,35.43118530155065,10.000000000000002,37.89243833411686,42.24646703468956,23.1667015899458,26.286930710055632,23818.09695587201,3.4657184421377307,3.4699505318809236,3.452506725375279,3.6567080503482274,3.7240685001676117,2.610711801005101,3.0322809624051015,2.773837304696447,2.9099430862837377,2.929708125310173,45.9115310852944,52.01028049997813,54.38783695989809,28.14725308706133,35.43150071035025,10.000000000000002,37.892336220567536,42.24648206178293,23.166688549915353,26.28693434515804,1.2588181975797537,208.51713792462823,293.43774736552393,6.297860230677031,22.755793274181556,738.1800300639281,706.8380513206814,16.178678554659314,4.686543621453536,2116.9688851445035,1601.4406564987125,48.91224548128572,2.305838875800183,8.795934739454903,36.94029060673141,58.656201853091204,8.998625636925409,1.867043993352628,20.405699831756785,19.334838956734934,3.125755414565749,34.11917092987631,27.711011428171968,7.958649165088405,5.115427043758902,35.68637208499521,28.952564030205867,26.551265492350673,2790.149291753769,223.0,4683.0,924707.253011376,0.0,CONVERGENCE: REL_REDUCTION_OF_F_<=_FACTR*EPSMCH
59,196,23640.68152304468,3.472302174979629,3.6318679462848062,3.5201331231689577,3.6107789790552145,3.7854776581508824,2.588110216111245,3.1107051612566634,2.7819669658958994,2.905792850277816,2.928973931705835,45.66981638107583,45.02300141382022,50.99139760197805,28.851427534567588,37.216621023477266,10.000000000000002,36.76219818805379,42.17245466002613,20.87354603582381,26.243146116254536,23640.68146978776,3.472302701264392,3.631869267994458,3.5201329732444075,3.610779763157057,3.785478850799673,2.5881103056617274,3.1107077847999025,2.7819673429596654,2.905791275150655,2.928973835666508,45.66979671637394,45.02296119316473,50.99142503936424,28.851393240975636,37.21653090936561,10.000000000000002,36.76222446434863,42.172494185117,20.87356965395648,26.24314518008291,1.2475440763369714,191.91262166709086,310.68145844293304,6.047616301099582,20.061816751028935,720.0533491703732,632.17780485577,17.184961813513322,5.00451060877422,2322.7346909795815,1762.3950964188166,50.179723374991305,21.89521774286985,3.2534633972288285,3.67084023481116,32.89982429048082,7.862014536534207,7.362433910456872,26.150236074727466,12.327230563648337,7.157893906681316,14.647513543512321,16.473583039977758,11.13290189807073,1.7912322177728015,18.95855386761053,21.57098010860447,18.729642296141073,2557.7786667346954,201.0,4221.0,963825.3135426816,0.0,CONVERGENCE: REL_REDUCTION_OF_F_<=_FACTR*EPSMCH
41,190,23646.68967615969,3.4619179401589033,3.469390900166371,3.4987920008916924,3.5159819916900577,3.4325174821649913,2.6035426860352544,3.065622805476159,2.774029825784443,2.9483137419209324,2.929783644818385,46.040551756389576,51.92822062909346,56.622886471872576,33.36576873139,38.403665469621494,10.000000000000002,29.779209919196447,42.146694370781766,28.521941322361876,26.310861359096553,23646.689112128937,3.461917844933917,3.469390122257194,3.49879809130028,3.5159924205426907,3.4325194701821706,2.6035420641437974,3.0656296482747667,2.774030057710795,2.9483157619660254,2.929783402988153,46.040520082658055,51.92821007765203,56.62274122140779,33.36557254047987,38.40334118661384,10.000000000000002,29.779176377962767,42.146720994658274,28.52200507843566,26.31084873077875,1.2912676480666068,213.97079626124622,285.7234749379103,6.277083890432045,20.32926771581795,708.6844521457738,699.8983197568999,15.466832436904587,4.553780395525932,2174.4233064593045,1644.515888521164,47.88728639069673,1.4773885829329707,12.894661158082513,42.309998749935616,57.37121611622043,11.225017471673397,7.757083763566863,24.74615665471024,33.212632218382566,8.301777431895337,53.653822776193294,47.572206438673064,18.268249924241474,1.1412507661337181,29.05525541759302,23.452089171121173,29.90814945015415,2724.0848746299744,208.0,4368.0,935657.060517289,0.0,CONVERGENCE: REL_REDUCTION_OF_F_<=_FACTR*EPSMCH
100,59,26694.083471578862,3.4609112579348924,3.5680159548468806,3.672522346329915,3.329784445594082,3.292679387423885,2.573237824999906,3.1410770878168917,2.760284511189888,3.0222000950921286,2.930267421146098,46.14805065266348,47.57616866073372,52.25306881017052,44.21307508236606,62.56210821796101,10.000000000000002,27.38963624264122,40.73496798960272,22.918692803707124,26.30221091549975,26694.083231294724,3.460911704761138,3.5680160353258064,3.6725228260868166,3.3297843982843593,3.2926796666117113,2.5732376622815547,3.141076978749999,2.7602849680278414,3.0222002659974843,2.930267417114065,46.14802264746945,47.57616321434673,52.25306655636999,44.21307780742576,62.56210051657761,10.000000000000002,27.389634332066326,40.734986157164606,22.91868657446785,26.302212814282537,1.278796599205615,226.54152393550987,282.90097810003493,6.534977319340858,14.497797375768181,923.1865742668897,938.3034637364509,28.342453805545173,8.288760107982334,2357.8018957935724,1783.6977362306386,43.60328178676857,2.8147324074063578,8.80092201382846,28.483973017811245,67.95790533048708,7.935756095365434,165.39600813191612,32.434611280443356,22.8801836192321,25.948125581912095,39.466135408151835,128.8583696539075,38.17587143789929,1.0163675500712561,66.17920405620086,68.55622663291767,11.419423947436357,823.795262336731,65.0,1365.0,948663.3084187246,0.0,CONVERGENCE: REL_REDUCTION_OF_F_<=_FACTR*EPSMCH
48,118,24194.157691122782,3.4541242798945855,3.3719720575032093,3.585251236200161,3.43738789521991,3.7510919990474,2.615918081585458,2.631498198403857,2.767394443636993,2.9452364245016853,2.930239976636372,46.211902007306904,57.45145163436256,46.110861059572294,35.571486870552405,36.863064084622565,10.000000000000002,32.745450526349344,42.17132830832418,22.01693614587704,26.409923921500837,24194.154186344385,3.4541221737114998,3.371972381720596,3.5852434828800064,3.43738998766634,3.751096101518999,2.6159183384855678,2.6314992134659643,2.767397537245641,2.9452319817292336,2.9302400879911747,46.21205744005942,57.45144024909655,46.11087667242384,35.57144101509753,36.86308457486593,10.000000000000002,32.74529792606091,42.1712838845392,22.016815662539987,26.409896516734154,1.4034612302573113,266.57028297827117,261.05866860055664,6.864176093499587,21.113730216721038,734.9628396880661,776.7240981763638,14.821864679814261,4.956035638350049,2196.548430882511,1655.024849368634,52.255467715407754,0.55277243455122,48.57128911640394,70.17133288269574,65.95094919980531,7.2948217214828865,1.466836248742135,17.625632816278767,23.571379257853433,0.11136185217872681,73.04618825187784,81.67581458764666,2.5639474509761344,3.2177307608560275,19.42567229148638,19.960858545720207,29.556779539032284,2729.5951867103577,128.0,2688.0,943123.4667404225,0.0,CONVERGENCE: REL_REDUCTION_OF_F_<=_FACTR*EPSMCH
77,162,23805.281609207545,3.452768156459766,3.5975039641448046,3.5570761937765143,3.500167050051306,3.6646246660738777,2.5862100314973766,3.1431398812413653,2.7879551051610436,2.9328217510857675,2.9304398739435196,46.414968955540004,46.205311295171974,49.95777076047094,32.63867698294686,41.328238841836466,10.000000000000002,32.16244467789047,42.021804724156176,21.71669965404628,26.350359304153617,23805.271889040774,3.4527687849427724,3.597500692624676,3.5570663849733593,3.5001641922349602,3.6646312698737575,2.5862086077453754,3.1431407641327858,2.787957458995309,2.9328234728165303,2.9304402361405115,46.41488387404851,46.205267181191914,49.957835512512524,32.63851377181006,41.32818227264644,10.000000000000002,32.16249821514411,42.02179660659237,21.716734845430903,26.350347396853106,1.3041792016540779,219.9421788546651,269.2389043699007,6.267256648162271,19.38921897563079,621.8597723628527,656.0772799421967,13.577378443208733,6.655122931627684,2255.4795344219,1703.0176208608484,42.968716049170666,13.510852358509082,3.140651626350149,9.662004800793659,35.728612864644894,9.45021398909199,10.662283709424125,26.306752060340358,17.86197690748804,13.743987916473838,34.456437511719926,39.13136042603653,12.5804985627448,2.22606284432302,32.63119053286112,16.198778932361556,25.609066875002135,2103.007643222809,168.0,3528.0,967277.2826868065,0.0,CONVERGENCE: REL_REDUCTION_OF_F_<=_FACTR*EPSMCH
28,129,23821.557193481094,3.4659341934831174,3.504197601907493,3.343111740890299,3.243249246904307,3.7774034450253096,2.593418366730906,2.993400518040747,2.804678113321012,2.918707256467981,2.929619000070469,45.900833074347325,50.15608334779391,63.412447125998035,44.92780010625305,34.11605364584566,10.000000000000002,33.09745936142154,42.084993201928015,22.794521160988264,26.298084444248605,23821.139862321223,3.466348730553874,3.504698107010427,3.3432211937885006,3.2432997023935513,3.782791959240646,2.5934226025027893,2.992456979385241,2.8041961492045693,2.9181103593143347,2.9296416487119563,45.886054236524785,50.14418834626861,63.414370813115426,44.89510375453883,34.10462284557387,10.000000000000002,33.06494686232726,42.0971327855499,22.66828692777683,26.29189008760595,1.3319272429547704,238.66700791282088,289.69832197810183,6.640864142481654,33.13032526295233,775.818178507378,715.1889636301397,20.8341458576236,4.881325449123692,2258.4804226220176,1710.521264811877,48.25153649331485,2.2867361385104634,7.3443011132039056,35.224965124479304,52.698619865446744,8.090278431085903,8.387993568056144,17.334971658706785,26.927275695659326,1.6063348452895803,71.88779424490329,39.60689572775597,2.028531777189021,3.052938052127317,23.48654207979496,25.818544397729543,23.494781529081912,2957.790862560272,136.0,2856.0,940396.6559525513,0.0,CONVERGENCE: REL_REDUCTION_OF_F_<=_FACTR*EPSMCH
47,213,23582.61453140866,3.461465115802986,3.612396015043749,3.5176767407997893,3.3718193279448574,3.828312148040813,2.58869146072076,2.886471002505468,2.7939470223974574,2.9212296518411494,2.9298513678713856,46.11246965573447,45.72077373028637,49.28714339571465,37.195471455588375,37.654961433415615,10.000000000000002,38.65053873739921,42.15555624451019,19.891347037102793,26.299270794193887,23582.612310372162,3.461463533774009,3.6123932112689596,3.517680385249947,3.371822507429814,3.8283133637893103,2.588692066915877,2.886472005958053,2.793945665357056,2.92123483350901,2.92985119996254,46.1124741465055,45.72070330735893,49.287261763847155,37.19542183968975,37.654848401324664,10.000000000000002,38.650708006994144,42.1554868317173,19.891460965743033,26.29925773143625,1.3118075304920627,223.41637018338935,285.47483867457805,6.376540257800123,23.489613351099234,662.620984322859,637.9038688043227,15.429687513217,5.571504936918764,2233.982756588721,1691.1808584663231,44.65794480102349,16.97970726099409,2.4449018609770556,6.202964175144858,36.47625315504914,6.263501678757196,5.7830818930914845,28.830917618289625,15.372247671988367,0.23536304926994425,15.133569334999832,22.32189196993041,6.509947814206546,1.010151283432451,12.351505384790013,15.751520062086321,19.14141561323039,2871.6144144535065,218.0,4578.0,930730.5457204438,0.0,CONVERGENCE: REL_REDUCTION_OF_F_<=_FACTR*EPSMCH
35,220,23518.506135246655,3.46596044767787,3.385659624135502,3.353916668012814,3.58951165572265,3.6114584572280344,2.6206655678584356,3.0415431519526877,2.752258513455654,2.923518836260644,2.9294894281534307,45.83707951057338,56.82662935882829,69.55266214211012,31.168059633764482,32.28679146243911,10.000000000000002,25.46812042378268,42.107613212499786,27.26184460069676,26.30865604508142,23518.50592073112,3.4659601935208473,3.3856613550628847,3.3539179751776587,3.5895130392992907,3.611458829543373,2.6206671143277003,3.0415453771890903,2.7522618460318515,2.9235187290808753,2.929489041224716,45.83708360297296,56.82651166654657,69.55267231426029,31.167907856390645,32.28673537650463,10.000000000000002,25.468019735138007,42.10757301149144,27.26188462567633,26.30865433924164,1.293673527078761,216.51238474161525,291.0332051078021,6.357585519010214,18.545796343667654,803.7306195710738,786.9352333979166,16.987105505892835,5.7786524574683495,2117.7268181233258,1598.3721301578207,52.85438356225987,0.3318374093779531,32.41054078482561,59.83877915208252,73.33453689582113,13.483053874826556,5.526398101301746,15.31167493571435,30.19199092201822,4.302179851737326,113.80220705736525,55.667739290439386,2.3017863086279284,3.442732549126602,20.276721499460585,28.86192962055693,29.786231924326596,2957.712171316147,225.0,4725.0,908025.0092183211,0.0,CONVERGENCE: REL_REDUCTION_OF_F_<=_FACTR*EPSMCH
44,224,23582.944401638724,3.4643233116508365,3.6061611196864014,3.494528107133025,3.5667691773986347,3.7544361438350693,2.588410159413861,3.229768256470584,2.7836444723333593,2.90401366391275,2.9295807810737435,45.97205074193971,45.938539049437345,54.388587800131546,30.481403991396622,36.0724060232916,10.000000000000002,33.969683032901365,42.12689940276746,22.145537754037118,26.290185328690736,23582.94313012589,3.464324089710143,3.606162123978398,3.494546979930926,3.5667737236796793,3.7544291165237693,2.5884107380313344,3.2297771846738144,2.783632444655183,2.904021495371181,2.9295819616927403,45.97202551390865,45.93857395446318,54.38863096231683,30.48136982201571,36.07230746629366,10.000000000000002,33.96980050967671,42.126927453856965,22.145735374976756,26.29020546940612,1.2902138324156236,211.34840127556222,291.67500066881144,6.242788973552426,19.68102156969737,677.1208402774469,640.7452434453639,15.531869492896654,5.388476371867662,2284.130347522342,1729.6262623550922,47.06385724180057,15.546684698637794,2.311528820037632,7.292333431310642,36.99148225197656,10.351175715963858,7.796925409299142,22.514580691060118,16.767047608722308,18.214158536051333,21.603169358705433,26.9103517264355,12.04801947337604,2.6940106038122993,26.2038553664012,24.405120943960952,21.045153698672053,2961.7209918498993,232.0,4872.0,962404.428080373,0.0,CONVERGENCE: REL_REDUCTION_OF_F_<=_FACTR*EPSMCH
45,216,23715.13930117624,3.4584789807987306,3.596414914906641,3.532916770813804,3.673159677156259,3.376970834164477,2.585416186735985,3.0471919516809356,2.7791321981398913,2.940322237909454,2.930005420540404,46.1961788835267,46.30090981066564,51.62782313138634,27.62162890034458,44.6909967037382,10.000000000000002,33.34834732856528,42.04563597125211,27.061778914003956,26.312238182335413,23715.137997354075,3.458478679919369,3.5964157841185713,3.5329146241754827,3.673173679443777,3.376963001899636,2.585404777774543,3.0471995048725,2.7791214796340586,2.940320254090225,2.9300057466908362,46.19629193411556,46.30105099814957,51.627656186824616,27.621775381975,44.69118391223014,10.000000000000002,33.348450035628886,42.04536723698154,27.061719221044008,26.3122423730576,1.2571126071392433,196.78233008370012,282.9210144037015,6.020778992434109,16.327910134031274,632.8918675059056,636.1406237913669,13.7170792078867,6.223330811692984,2284.7869687661046,1727.5112814947904,44.83214510622752,12.233578846933522,1.215477141634554,9.97496072870626,39.99744051172127,7.287445984208577,16.123920169098053,56.54858695154179,15.5859576909595,5.060681555529897,92.81283996076736,55.881663367793884,14.023221393430676,1.0378726228062887,46.367883202054216,20.509298345897893,25.991210984598148,2977.611965894699,234.0,4914.0,948304.4581690839,0.0,CONVERGENCE: REL_REDUCTION_OF_F_<=_FACTR*EPSMCH
18,249,23557.138949459535,3.459117196452397,3.5813281450756684,3.4418614789590563,3.500531619852507,3.797436588574685,2.592992808553461,2.8849230986842023,2.77180017370258,2.919426891317266,2.929995981713124,46.220857613024464,46.91985612592637,54.75840032793704,32.769948389447464,34.42010440507119,10.000000000000002,35.16313020300796,42.05898774155151,22.264300427959256,26.294158059618162,23557.13659046233,3.459104712176715,3.581332218220426,3.4418531356574333,3.500532017186675,3.797450132939181,2.592988241770047,2.8849166913673803,2.771800159105498,2.9194200897940696,2.9299901501307826,46.22098491427092,46.920028521583795,54.758322301136126,32.76996245485686,34.42029295209324,10.000000000000002,35.163038191915696,42.05891044968712,22.264080261026013,26.294255932277522,1.2607985077207906,198.61620720001707,285.5478168636859,6.040205047565359,15.54481192253958,632.8816938135784,644.3772768217291,13.222015548760703,5.253290709086178,2167.5820107804498,1640.5032235160127,43.232142127876415,11.684105114344508,1.375212618488078,11.027403259545242,42.14321688506032,8.396153887043504,2.8971742126614752,18.72974400938041,19.031330287114415,0.16509114818509218,54.16932956862968,36.486808536746466,3.8110922242527017,1.2419365426700626,13.469235588638078,17.358299552598506,22.475991961642496,3269.9971930980682,257.0,5397.0,909858.768918583,0.0,CONVERGENCE: REL_REDUCTION_OF_F_<=_FACTR*EPSMCH
80,174,23772.320828484364,3.4639981979503567,3.4274225039127733,3.5136852078207155,3.4121879321160797,3.837876098817058,2.613253710207556,2.9557344588281795,2.7826589319702104,2.919647515852899,2.9296502232366004,45.92624559159533,54.28445285624774,50.61813918501789,35.7755427304133,36.018183594715,10.000000000000002,39.646317067793724,42.376748394228215,20.502165811574333,26.31456078525459,23772.32081710331,3.463998196455159,3.4274225113193917,3.5136851833157317,3.4121879666864556,3.8378760980474618,2.6132536959770807,2.955734460127937,2.782658938583479,2.9196475014137184,2.9296502233290855,45.92624552245258,54.28445214317198,50.61813936318407,35.775542208556864,36.0181823736208,10.000000000000002,39.64631766305022,42.37674846621949,20.502166128590474,26.314560842513487,1.2983469099420686,219.08573537938483,287.44031407479633,6.375321220529713,27.023370288118205,744.8610634319899,707.6836088494391,16.169063192967336,4.910318884843269,2147.4064252729167,1622.449834268633,50.87284754736904,0.6437578140792536,21.701488334645557,51.1710326724839,65.6800675748082,6.308655699105866,3.1497522899131227,24.978885070742052,16.65893474724948,2.1565067432595058,8.559545199116911,15.387603120301232,10.574442258309922,3.840068082668779,27.218647306626504,25.947058168575968,23.095895013819636,2270.923906326294,181.0,3801.0,901855.4697530129,0.0,CONVERGENCE: REL_REDUCTION_OF_F_<=_FACTR*EPSMCH
14,254,23662.53199544933,3.4633276509346307,3.50943230659774,3.498577538707686,3.683714871328037,3.350701624358562,2.592869120707142,3.0826599464659985,2.7640647213267506,2.931983479106729,2.929597692794022,45.99795106089137,49.9728173473237,55.15380513474562,27.90167034000835,41.322422061241056,10.000000000000002,32.50536250618029,41.80354241449598,29.056300657793837,26.30289805118145,23662.52954976772,3.4633308100888307,3.5094277980265676,3.4985722024621326,3.6837292457270094,3.3506992571598566,2.5928714431445457,3.0826467848526597,2.764069269547012,2.93198486084983,2.929598858514954,45.99792512312349,49.97311698728618,55.153918842923304,27.90149484784107,41.32205265819815,10.000000000000002,32.505637283029415,41.803456107304505,29.056516379538436,26.302869157097703,1.3195250571105537,222.29828696504867,287.9610236565052,6.3549029625659585,15.377457621354129,735.6993325020312,728.8590214508641,17.202016080785384,5.025703594155613,2254.6135422965344,1706.5522661026955,47.37004115681002,2.2314491250645405,5.420343241024627,33.743038838153325,56.65322671166278,9.78776911767996,17.957994816946098,46.66077690203403,19.360592994401614,6.090608296316626,60.374439164197284,52.189940541101976,16.531775880029418,2.403059446993276,57.06901117398718,34.80083395513673,26.86300444109671,3357.5043654441833,262.0,5502.0,986287.7239075024,0.0,CONVERGENCE: REL_REDUCTION_OF_F_<=_FACTR*EPSMCH
87,160,23702.762140395076,3.470195079572374,3.3767971758213737,3.4282489682259505,3.4740003724674944,3.6493491926533776,2.621540214059407,3.1104365606976607,2.7729143412483075,2.915026883234976,2.9290639615324054,45.659528158258674,57.39982398672901,61.027498491848846,34.843431158269844,31.568385251947294,10.000000000000002,30.362217969223604,42.44287265493986,26.834433706399953,26.293610627858527,23702.762137863803,3.470195074185323,3.3767970805025294,3.42824885648706,3.4740003761616114,3.6493492879164102,2.6215401831377734,3.110436443029308,2.7729142275821763,2.91502710613589,2.929063964359933,45.65952777996297,57.39982948548216,61.02750175085356,34.84343708450144,31.568396046732264,10.000000000000002,30.36221923407129,42.44287217039158,26.834425687854196,26.293610864687036,1.3089612985461734,218.47943384931807,298.7193707123398,6.3770838203496565,26.606387541257014,806.4786915342956,733.3949934185625,17.397548215826113,6.351878320507676,2144.879733591907,1618.8853347168772,55.23614104225919,0.3312240912975025,35.22158316016709,62.17541853901398,76.18334394048745,14.43802908614315,4.579515602350384,11.40790788456292,33.03700938567627,9.43162029312408,50.20287842958298,38.943647551247615,8.807145594870988,4.7762945939246615,21.82771029737526,26.831254550518,31.493929532452405,2101.9855654239655,165.0,3465.0,895618.4821568416,0.0,CONVERGENCE: REL_REDUCTION_OF_F_<=_FACTR*EPSMCH
33,265,23614.90594093202,3.465928535895187,3.593854775919987,3.4825053352925024,3.620652826875192,3.6920717151724896,2.591955094545868,3.0586412729081984,2.767680578610392,2.920281890765459,2.9294298699292307,45.89909494064045,46.41227843650539,53.448952180200216,29.130837657206403,36.28599952628933,10.000000000000002,35.03033532914613,42.10131335063321,23.496180922824106,26.2788349030484,23614.90553565444,3.4659293366583204,3.5938546028916747,3.4825044671103873,3.620657848015677,3.6920723331217413,2.591956343663746,3.0586271017281463,2.7676817102411078,2.92028080364442,2.9294298557234404,45.89907288560223,46.41231374792955,53.448972939876406,29.13074722176304,36.28593880503204,10.000000000000002,35.030368110787386,42.10133716085463,23.49616658940327,26.278839585385217,1.254702303625047,194.34406729773337,297.13303022035217,6.038320937408494,14.940054867138862,681.3982627073689,646.005511932642,14.679345039773235,4.984774394426661,2273.3552091643282,1721.799954441372,48.29556228172896,14.12877829204668,2.3275416259592667,8.668828237099689,38.61770990982048,10.108270591956307,3.792078507987517,20.894731567222582,19.65185157922653,4.82062694215695,44.19489724302619,25.594778418989563,10.183810908864253,1.7170729030708738,22.673067181646033,19.570099896107763,24.364611616975985,3409.0483388900757,270.0,5670.0,965396.4839179328,0.0,CONVERGENCE: REL_REDUCTION_OF_F_<=_FACTR*EPSMCH
23,277,23531.925242018595,3.463802910110344,3.550923263708615,3.5019121179588697,3.4768320070470176,3.8132606073108617,2.5979958858411383,2.995947991683408,2.778475252344548,2.9091717014355734,2.9295414668403437,45.99455976706755,48.14416398258805,51.775055908259525,33.12353669710541,34.033224651436974,10.000000000000002,35.729062473708886,42.28385758379049,22.19725531974517,26.291667023911007,23531.92518316344,3.4638030562586297,3.5509231999352346,3.5019122395543745,3.4768304714413096,3.813261150406233,2.5979959321756296,2.9959484462613033,2.778476209154592,2.9091723738126376,2.9295414648627816,45.994557315711845,48.14416777745185,51.77505788396375,33.12355644999686,34.03323950003794,10.000000000000002,35.72906269956829,42.283869408463204,22.197246005328818,26.291665246867368,1.3019943075211653,212.78302816942,290.925218060517,6.229684786649794,19.469004096922205,665.7015634077044,633.4036925010569,14.023595351387955,4.6756608618533955,2197.213867357614,1663.387704276321,47.083367768839544,8.42710907434832,2.145634360818424,16.86087413694785,44.307815161721365,8.646057352860986,4.458180605180554,21.85247955483169,17.629503768176345,2.842290493167662,25.151779731614262,20.195259903663235,8.55520830928214,2.657551882778868,21.68921536667178,17.960577966224776,25.330977019515483,3496.2985441684723,284.0,5964.0,927997.0774309826,0.0,CONVERGENCE: REL_REDUCTION_OF_F_<=_FACTR*EPSMCH
29,165,23696.01980187595,3.464657866479634,3.406423158632657,3.379778091078724,3.516546992126842,3.607891758412758,2.6125401499093224,2.850705018007511,2.756050348617727,2.9349814470611655,2.929517623297919,45.91914781403752,55.46132372842134,60.488226885302446,33.47219796979636,31.84048848833734,10.000000000000002,33.93646482072729,42.2018697962525,27.706831581490384,26.3000055186223,23696.01967133841,3.464657891759362,3.406422251293651,3.3797780763518874,3.516544682035802,3.6078946481317784,2.6125398610428303,2.8507044258121117,2.7560502859906744,2.9349813236407227,2.9295176558650797,45.919150416730155,55.461370123993504,60.48818716514856,33.472265121745586,31.840557295017387,10.000000000000002,33.93641185299406,42.2018494072023,27.706739972497846,26.300004421453423,1.2839937190544022,207.8976885956621,291.43552008385313,6.206987529311664,16.23284706535388,725.2658450150235,709.1241771285503,14.486745180363828,4.8382081616718295,2135.3076292946075,1613.9922892217387,50.19794757056467,0.31059142606504514,31.930639298898665,59.96817129340022,69.70082205317968,12.650266581204587,5.807105868455863,12.875543013200579,34.064773276083834,0.08549943402048324,71.73278050205649,35.071423171884,6.434420087068589,2.1913120647666515,14.113188943323278,22.231458432736297,31.577421597380837,3539.092128753662,170.0,3570.0,880675.5925087142,0.0,CONVERGENCE: REL_REDUCTION_OF_F_<=_FACTR*EPSMCH
55,250,23531.95161458457,3.462872653109996,3.621339995582699,3.483983960777008,3.4744120219310344,3.774653526421578,2.587612964598584,3.1569589010314774,2.7888296248046727,2.9087633178571126,2.929755358878119,46.02901331859804,45.38249634446536,54.17800165483926,33.36789030473456,35.80757539218457,10.000000000000002,34.36610321825548,42.227334437132775,21.93490206657182,26.29803115174872,23531.951598995274,3.462872645689057,3.621340978850755,3.483984341011421,3.4744130111989535,3.774655947420012,2.5876121511486576,3.156964106772451,2.788831423375191,2.9087639106551273,2.9297550591254278,46.029011984586795,45.38245506410154,54.17803735832538,33.367797240005224,35.807527519874974,10.000000000000002,34.366140261330585,42.22734827637591,21.934893879629076,26.298025032400933,1.286453014015434,213.00210744144337,288.4333162369225,6.275292266930077,20.64713872923234,650.9951743086965,613.8639851621788,14.484365202617765,5.574316817138454,2283.0277782700027,1728.1980389416394,46.432889517556006,18.9999222302451,2.9246237518020552,5.075437815460825,34.17410898106393,9.627723226627582,7.388855707892947,23.014626396594046,17.68794872156373,11.298286875169094,23.51969109904522,22.65351946203957,10.131425875845874,1.8356620592593433,19.275970930179774,18.4086086973193,22.05638835317859,3387.339339733124,253.0,5313.0,956009.6613344965,0.0,CONVERGENCE: REL_REDUCTION_OF_F_<=_FACTR*EPSMCH
81,207,23659.887128573362,3.4556749300960448,3.5900765101493546,3.5028746631176015,3.6824415969182738,3.733733862429083,2.587721223797837,3.179516656985969,2.7804896121839096,2.8987029253558614,2.930171821244742,46.24922454338761,46.53362651469627,53.316742867006205,26.874283013884654,36.134746059593596,10.000000000000002,33.56183823009801,42.29172194847694,22.594516664080817,26.35210432320476,23659.88660338387,3.455675859705954,3.5900746044608693,3.5028747808337286,3.682442203875018,3.733732792533902,2.587720728907887,3.1795118012315644,2.7804905878532,2.8987036059593683,2.930171744106442,46.24923488332482,46.53369865224991,53.316697887645695,26.874312591781592,36.1348507330551,10.000000000000002,33.56177067576862,42.291742747915805,22.594455413731435,26.35207957612656,1.3025093806678314,217.48075270059084,272.9830402516772,6.26398103929979,15.777774275118098,591.0153374919882,591.7466232972978,11.378053398318695,6.059077183996747,2315.0528848244444,1748.1073447087374,46.31004717500697,11.951603017116646,1.6551592150928653,10.648217608279548,39.63703161208498,9.121978087521418,5.7979373541470975,22.82040678318394,14.320890031825096,11.763646162717396,30.659528973421146,27.206291794224235,9.943342439041361,4.49972947984158,39.54453405380424,24.77517507460064,24.353420895628,2678.05526137352,213.0,4473.0,963244.2555350519,0.0,CONVERGENCE: REL_REDUCTION_OF_F_<=_FACTR*EPSMCH
34,255,23519.708292017913,3.466705688628396,3.596675190033312,3.462777957523807,3.4729435509165945,3.77826331293055,2.5900636294923665,3.037021574748293,2.783157117129325,2.9185436912642535,2.92944164837441,45.87815947321399,46.30079726726399,54.39141820566752,33.575759848791826,35.77996624020614,10.000000000000002,35.27286483042065,42.21703228778821,21.906177121106786,26.280466507744233,23519.70817270442,3.466701537629569,3.596687299529391,3.4627712740877055,3.472942864220526,3.778259896422621,2.5900635680599047,3.037019722199441,2.7831556630259318,2.918549195493141,2.9294414684649617,45.87815313153214,46.30080296103893,54.39139387212997,33.575676063248274,35.78006740042965,10.000000000000002,35.27291533740675,42.216990338017915,21.906210671362164,26.280470051972088,1.288316505723715,212.3192284667506,295.80728434559757,6.283768306899786,19.85085235466576,680.3431671237536,625.5131556928603,15.351709924371185,5.099498179040205,2283.609021019786,1730.1453888755066,48.14992554780709,14.010948763856465,2.0722432131457498,8.628430166764296,38.61326551802803,8.612865158963253,4.125912200322032,20.504824577186504,19.0652125689277,3.87992336356335,32.87024025616923,21.384035701426566,7.65507176036906,1.4159952374367317,16.02507515774803,18.333029085625082,21.796825004959604,3640.0314860343933,281.0,5901.0,942775.0574905433,0.0,CONVERGENCE: REL_REDUCTION_OF_F_<=_FACTR*EPSMCH
56,283,23410.004401942828,3.463963774682395,3.561541553324421,3.369193234725108,3.4712285452090748,3.6525480584794994,2.592689166360559,3.2846024224755666,2.7805444417011147,2.9214447527698257,2.9296257112955892,45.99802448223312,47.73070010728579,66.61382827196492,34.47329676082777,34.85011410688471,10.000000000000002,29.322519738119432,42.172376141177566,25.06541694917901,26.286870569824657,23410.004351133048,3.4639638000879316,3.5615418626725055,3.3691926695953094,3.471226885115554,3.6525491907700114,2.5926893845640517,3.2846011780274234,2.780544743641557,2.9214447132146266,2.929625740583504,45.99802386157401,47.73068907395177,66.61382160763368,34.47333520096461,34.85012027597407,10.000000000000002,29.322513641546973,42.172381451905935,25.06539270250055,26.28687419673325,1.2825969765883767,208.46020162259535,291.82528330472394,6.206079031923751,19.317062677823085,670.8103260973281,639.9937514894771,14.867314056417696,5.010356057720308,2231.437097613262,1689.8144361002028,46.50641428321077,7.940431358608152,0.4229810401732254,16.231811208351626,47.52624020790658,12.86417928528352,5.811921170098447,14.475733487364497,27.499744462304896,26.30477477964721,54.24478237946533,66.28945312250491,5.348144286110624,1.9521757946681735,24.63571204196807,24.344602677811714,24.892888553637015,3664.3859102725983,287.0,6027.0,965707.021806308,0.0,CONVERGENCE: REL_REDUCTION_OF_F_<=_FACTR*EPSMCH
9,282,23353.640636058106,3.463177732040801,3.5142112720833953,3.377359303659489,3.6153451745531573,3.538706521769207,2.5987197281702876,2.976054513365028,2.7626807218426124,2.932852204087059,2.9296278952349857,46.009807538280256,49.77663698667843,64.22382805206206,29.814375573584446,34.842483543262226,10.000000000000002,28.456927242584467,42.17534315513158,27.752648537567737,26.298175013882187,23353.63908033297,3.4631758924832203,3.5142198909022575,3.377363854869859,3.615349584510641,3.5387119212422253,2.598719358704563,2.9760580285006504,2.7626841691087827,2.932847898161617,2.9296279042191014,46.009772751201744,49.77642967659664,64.22395693073727,29.81424645983633,34.84235221522233,10.000000000000002,28.456825647595235,42.175403276191005,27.752689329196386,26.298195874229805,1.298253974870933,213.39112193566893,289.131148847926,6.249972094430618,14.158966573790181,660.4877407426451,645.2229593156652,13.174680166907416,4.663250255842142,2198.381231639396,1663.8170423188103,47.282283204439715,3.8153205318795433,3.499012385200949,28.29978899065518,52.65855911990191,11.404137268196735,5.719086893425704,25.33702007899404,29.484736641438452,1.280982411902223,110.41669371835037,51.05136442212973,4.350017507696214,1.6698977306790872,25.224561999542882,22.1587219086955,30.104233243910638,3970.282305240631,301.0,6321.0,927878.4429354355,0.0,CONVERGENCE: REL_REDUCTION_OF_F_<=_FACTR*EPSMCH
40,295,23511.765728039318,3.4590291733277745,3.610977451442894,3.4936211652278115,3.395204485966378,3.818955440150382,2.584944612249723,3.0404272548855378,2.794345677085084,2.912922127348553,2.929980925445113,46.21609635269686,45.74164838823902,52.21677788727524,36.35565227160071,35.85140318083607,10.000000000000002,36.459430169535224,42.16082944975207,21.00887810454409,26.303380549369308,23511.76560834868,3.4590287314550547,3.6109801130936594,3.4936137606639117,3.3952120605742615,3.8189614197345727,2.5849445126563433,3.040448071576453,2.7943524089472738,2.91291920798525,2.9299790996482624,46.21610413062138,45.74187000662298,52.217148551091,36.35548928097308,35.85105518152935,10.000000000000002,36.4600217338668,42.16083521257501,21.00877964920519,26.303359385350316,1.296279655135048,213.7773347653821,282.9359941483474,6.221464107850395,21.678248756510826,626.464352996799,613.8796366878839,14.084041729148266,6.310230712207311,2244.895815271384,1698.4723362550098,43.26313868655494,15.498244963042909,2.182858659918939,7.265602998007173,36.04729289070655,7.61421285334042,6.020649320690396,24.603455791511685,17.14525551208421,3.9149587791979172,17.153951458240282,15.658009935343031,9.17629512263725,1.5421884150531293,15.64781212911883,17.66592998750863,20.503060147222165,3786.3534965515137,301.0,6321.0,933736.280359085,0.0,CONVERGENCE: REL_REDUCTION_OF_F_<=_FACTR*EPSMCH
78,234,23680.184298965036,3.465285864761598,3.426280094717178,3.424498260564053,3.4917816699083675,3.743477768717611,2.6096435032296013,2.975818660135428,2.7676201105791876,2.92444878406154,2.929414067529449,45.90626282096823,54.246396896288225,57.107492492093584,33.30934994581112,34.35217569842241,10.000000000000002,34.66219584939617,42.348966424844164,23.406385176655494,26.307264162487098,23680.183520045437,3.4652854957782124,3.4262788206901402,3.4244975477568635,3.4917858580916175,3.7434830460838846,2.609645250889031,2.975810170461344,2.767620749880164,2.9244466298726883,2.9294142018292044,45.906266502709194,54.24649975425487,57.107505946377024,33.30918159073386,34.3520673013964,10.000000000000002,34.66223770258818,42.34893736879757,23.406318360746713,26.307263462031372,1.3702614931007544,244.2651284588261,288.0806028665157,6.623484379577611,18.912954590915007,700.7856413446461,667.2780682075727,14.053215564292353,4.688310864667733,2146.934656369983,1623.6973443832962,49.695280029343934,0.5523232840148925,26.301601404766277,54.81121616920314,62.2919829045707,9.738569844384552,2.9113397954147766,16.998873917247156,22.444828181950662,2.345736720119102,53.001934411328776,31.058367609829865,5.819450149895178,3.9604205062292674,23.65288169905576,23.936728065959855,28.058750072037498,3055.8961606025696,244.0,5124.0,922158.0119790295,0.0,CONVERGENCE: REL_REDUCTION_OF_F_<=_FACTR*EPSMCH
91,163,24000.437936438713,3.4736006024182475,3.4340407949495937,3.557386632219889,3.6234113698532004,3.6027412942469654,2.606305359539159,3.159949151250551,2.774506639074312,2.9343184327495475,2.928934312525354,45.577494545251945,53.774452448149084,50.85771252455809,28.985472739235586,43.219618860638796,10.000000000000002,32.12686431933827,42.24223263798709,22.106312597124457,26.26147120154339,24000.43786309282,3.473600620135453,3.4340409170437884,3.5573866804653527,3.623411335371272,3.6027414997535665,2.6063053146337714,3.159949987049915,2.7745067000860093,2.934317949274142,2.928934286464785,45.57749544986568,53.774444698245446,50.857714835452455,28.9854728545593,43.2196104869768,10.000000000000002,32.12686080265738,42.242232697018125,22.106308981805963,26.261471229300074,1.2900091427580054,214.7560667205436,307.3743285292159,6.372409855672355,23.334876615609858,797.1292131465839,705.7440099946756,18.739611676156848,4.889306149036566,2220.7725514721915,1682.1185763863523,53.23133012808691,0.5453737845234362,25.687578096884835,54.61963584786831,61.07305508840142,9.12370077778995,11.403632692375437,37.2713143655901,14.543054226438418,15.537963672987464,49.47876108294149,42.24068949092645,14.150749431154496,6.640431044713326,54.579955603895314,34.34595667662478,27.547764015591188,2071.7619936466217,167.0,3507.0,942948.1889116747,0.0,CONVERGENCE: REL_REDUCTION_OF_F_<=_FACTR*EPSMCH
27,252,23638.03571019834,3.466475404188296,3.6059260849915553,3.521611627073527,3.526957413593041,3.588823044979164,2.588540473913736,3.071364858665222,2.7787621923339567,2.9302806943038933,2.9294197307111567,45.85539057052086,45.94048027311929,52.505294103889625,32.34911855064916,36.98861251666565,10.000000000000002,32.6673477652237,42.12563441338606,25.490388427422797,26.29144073196046,23638.017400373137,3.466493238750719,3.605921292455781,3.521630132175944,3.5269759837083203,3.5888423674742387,2.588553712214887,3.0713778880848737,2.7787716632619333,2.9302920079263832,2.9294310338630254,45.855826626386175,45.94012686533825,52.50502053418955,32.34939034978657,36.98894073907788,10.000000000000002,32.667562626936125,42.12553864917195,25.490516006437566,26.291578052984736,1.2894301020981587,211.88556691867373,294.3552920278854,6.2774186167155515,18.301172401318848,696.4387928180299,646.4236476525082,15.930236214879177,5.240812360526905,2332.41335620924,1766.3094859137423,49.48281122931963,15.648142773425059,2.5066637535869916,7.3030719789879806,36.52734127622375,11.837500497785314,6.1127358789394455,18.106776771950564,26.347770067627426,6.738878723380096,50.54349287343385,32.82983965605113,15.103558036459177,0.9599103589764606,23.61765458730394,18.080462664151,25.86565774246776,4004.713280439377,307.0,6447.0,982601.5416746521,2.0,ABNORMAL_TERMINATION_IN_LNSRCH
90,180,23549.276804834553,3.473618623105399,3.605567961284607,3.43915147939297,3.366088465040022,3.816778933402766,2.5894462967923335,3.045874013224461,2.7939196379836266,2.9113940366553415,2.928819212490858,45.49706995234755,45.90609972947674,55.90193634787369,37.118494008786016,34.84272098974514,10.000000000000002,34.46461397966427,42.542839334270376,21.6726558911299,26.284934263019835,23549.276654243924,3.4736181103765933,3.605568318612842,3.439149811702028,3.366091542769488,3.816778594714902,2.589448286068712,3.045875670629359,2.793918489550957,2.911391684379836,2.9288191048152608,45.49707393345051,45.9060855263208,55.90194950445582,37.118462427973235,34.842679437699424,10.000000000000002,34.46465386474602,42.54285118209779,21.672666138092584,26.284938316798332,1.286534522102439,210.0937925591157,305.40655383627455,6.311846075713654,24.35941347624569,724.7569822009486,584.2554154578125,16.263518001146192,4.970920153549685,2461.300153957262,1864.966743845604,56.838191630319855,16.680788530588075,4.534914554021401,7.435318619924165,33.14994481430593,7.734634247692423,5.206922661935992,25.2983485460178,17.941262862362365,4.107853063518349,32.06699156869055,24.837913507501387,5.444286636537949,1.573279428220481,15.871683996459716,15.70482219351548,22.856982480540125,2285.3289182186127,186.0,3906.0,1017699.7081584327,0.0,CONVERGENCE: REL_REDUCTION_OF_F_<=_FACTR*EPSMCH
22,165,23705.31782249345,3.4678264115888613,3.5579023999670714,3.531684218102919,3.4188085221634985,3.739949789673574,2.5934666110551934,3.3044890404697416,2.797546963421488,2.913482617910284,2.92933004937436,45.837621368673865,47.86158032748363,53.10664376189163,35.83576933506697,38.841808219144674,10.000000000000002,32.87576280660223,42.183119974938435,21.014857214324923,26.26822384296399,23705.316934117,3.4678281392078096,3.557900664404752,3.5316873074336366,3.41880260999057,3.7399524317969792,2.5934662122161676,3.3045015282684305,2.7975427102263533,2.9134922260780183,2.9293299521510443,45.837555065482036,47.86164431828267,53.10658356460864,35.83580520557236,38.84197205655246,10.000000000000002,32.87567860224563,42.183202600553436,21.014845704498843,26.26822354873764,1.2600255107904506,198.28121814408115,300.44470785448715,6.108095056978836,28.641785888876946,744.2583599214915,673.6051691895819,18.78820467808658,4.812329772024026,2256.394974125554,1709.8767937437726,48.569127473062224,7.8412022762820905,0.8490887436207116,16.788809643875968,46.354710982344834,10.439112861025919,14.830188026139815,26.31274261565344,18.15477710774065,32.376437178372065,12.994885792583071,36.02495556307168,15.601586490569542,3.649845569365611,34.29966955336859,30.281078841463753,20.23245748173234,4138.170225858688,173.0,3633.0,971338.7952142168,0.0,CONVERGENCE: REL_REDUCTION_OF_F_<=_FACTR*EPSMCH
26,173,23600.763618655372,3.4722290073685613,3.6271769353514354,3.4984993022385047,3.456610392132779,3.800559501842462,2.5873265740205955,3.0592629621318777,2.7901822152791627,2.9132288974325733,2.928836710595,45.60468867680693,45.23735749158142,52.11708846760061,33.75563295993789,37.770133715116685,10.000000000000002,37.25069293446088,42.416848977379125,20.27629528733254,26.27612936832193,23600.76292735375,3.4722293366824317,3.627176223373476,3.4984991183392773,3.456612956126232,3.8005657313488066,2.587327651964909,3.0592774657042474,2.790181682785114,2.9132251253851775,2.928836740173674,45.60466921305317,45.237394989749404,52.11725378775314,33.75554453956306,37.76978399129754,10.000000000000002,37.25082030606978,42.41686068217783,20.276314846196733,26.2761297703918,1.3201750218832962,219.25486897570613,303.83458465791716,6.363457290526482,22.087222160377728,703.3344647070222,588.8210105220709,15.948111406888497,5.0840339245088515,2409.02061127202,1826.206639819847,53.42607143461741,19.39050296346528,2.6459885353132537,4.725506684685634,37.38289621652812,8.123481948675403,9.745591302351642,29.767701303065138,14.508469557500387,3.8950566121990065,19.981184873131852,10.022529429029305,10.358405664332672,1.3229222775983074,15.317893753925627,20.470858387885478,17.793430776756665,4127.552697658539,180.0,3780.0,951988.8214124286,0.0,CONVERGENCE: REL_REDUCTION_OF_F_<=_FACTR*EPSMCH
112,123,23737.333728002857,3.4644898879201627,3.5085936130903823,3.444611624520792,3.357898887382361,3.7620042342145874,2.5969284360560145,2.9635194095670188,2.7847609282306482,2.9393247161751184,2.9297537605582185,45.93052359343156,50.041663666384444,56.08623035580461,38.21581100212167,39.5771968503908,10.000000000000002,31.54856292649692,42.13490130674248,20.402096815980926,26.299451940144614,23737.333441535073,3.4644891795393677,3.508595664165814,3.444613737889965,3.3579044789564136,3.762008454625824,2.5969300653987504,2.9635275711964777,2.7847583252162593,2.939322171954823,2.9297536596608613,45.93054106595722,50.04160035987051,56.08625628294892,38.21560328865208,39.577140468508944,10.000000000000002,31.548488893108512,42.134875476735075,20.402001956940655,26.299462835962853,1.2501591031463384,203.33726768656874,290.99329064774463,6.222464680183268,23.504133954630724,729.7524811304116,692.8338975032518,17.25209908174549,4.741945968997363,2251.1619648701326,1703.661747291686,49.00298346496709,2.8262411368706823,4.43534844857878,31.560483716570168,55.84589085048478,7.001088232363996,5.297923063523402,26.022857162666487,17.923810288320162,1.9657051865661512,54.092167318496735,37.90178345741978,3.991458633815496,2.4267183306849547,22.307879825069776,19.59885900747895,24.05408218456437,1650.6774899959564,132.0,2772.0,940844.7822071207,0.0,CONVERGENCE: REL_REDUCTION_OF_F_<=_FACTR*EPSMCH
85,234,23963.535001062086,3.4678639976239882,3.3810650004816156,3.50446023983191,3.6915339078537097,3.691839624981474,2.619367199843082,2.9810506261151133,2.7594761736958757,2.916669464835423,2.9293066277835096,45.792304400138875,57.049963754515666,51.97676077995202,27.315290100784257,37.21940676005323,10.000000000000002,35.418795055337604,42.24041584105905,22.881205169217697,26.28955818026487,23963.52365462952,3.4678502107460947,3.3810766956250276,3.50446285866137,3.6915272460999593,3.691853531500873,2.6193658194223475,2.981046117615245,2.7594680954914534,2.9166637457575533,2.9293041976787197,45.79235871741847,57.050007444744125,51.976701449765464,27.315439683839184,37.21947423633808,10.000000000000002,35.418767884216244,42.24043765445499,22.881193202330103,26.289471972053157,1.2979563919878436,215.53019920789458,296.11152585298345,6.331499960051237,20.30241552153524,780.9199798056114,745.7558202949042,16.457009284264014,5.6479884985490845,2103.548717490381,1588.936609180052,52.06397952518624,0.36831158432129824,36.56412514674781,62.65842662864807,71.52752685045733,8.955957095196649,4.954151482409256,24.45518147994521,15.416932710414123,2.2056106975364558,53.47032329879334,28.92928261902595,8.613806321534835,7.4857936174826145,44.98084721410055,32.34548068920161,29.393039238390735,3017.91774892807,240.0,5040.0,907110.9306120285,0.0,CONVERGENCE: REL_REDUCTION_OF_F_<=_FACTR*EPSMCH
61,176,23610.810903637026,3.464909897145443,3.56853563855256,3.5194984905662,3.325896430073672,3.852116462926669,2.5868824610495755,2.7546588868049344,2.796299515244089,2.9199615051292227,2.929575027576189,45.983690580515436,47.33839345607456,48.02431883302007,38.78272155100685,36.59889258638376,10.000000000000002,38.58646711575114,42.25049687298414,20.07620481668859,26.279586477326326,23610.810897862455,3.464909888805037,3.568535647054551,3.519498529662955,3.325896386678883,3.8521164413085325,2.586882467412228,2.7546587830175806,2.796299533128171,2.9199614869445467,2.9295750281688,45.983690408843735,47.33839280400794,48.02431661197372,38.78272259585934,36.59889244144582,10.000000000000002,38.58646552641395,42.250497309279815,20.076205732604468,26.27958668104984,1.3051714676749362,218.90660255152355,292.8290201685727,6.336502743450584,23.874699747236065,662.0323104909664,607.5838523493999,15.393156720914423,5.541490828876597,2261.7259723231678,1713.6806088752403,45.738262044436006,8.258886859467294,2.15801296779639,16.389851000994376,41.42428985240057,5.363315884119138,4.363103525565382,30.234033041013607,15.398303084547836,0.26340589101960166,22.331604332926442,42.6160684982882,2.8699872848640195,2.0648930034484856,20.424679661349003,14.878295366836781,23.02506383336826,3964.4393718242645,181.0,3801.0,914013.777506575,0.0,CONVERGENCE: REL_REDUCTION_OF_F_<=_FACTR*EPSMCH
63,322,23661.999874865825,3.4613642741812454,3.5001858875270164,3.4504703007124466,3.5205698532172076,3.724869508424207,2.6019664780305876,3.3402710384969985,2.7824554741486813,2.902253747036156,2.9299830940125156,46.11274195133271,50.46873647469568,58.615525973649866,32.70725502471512,33.300663527813455,10.000000000000002,34.55545007013335,42.06413542317949,24.22998459716005,26.288110953623676,23661.999634940246,3.4613647790507986,3.5001846754266412,3.4504727453952153,3.520569867949561,3.7248723343385985,2.6019664343796975,3.3402799274374506,2.782454794974591,2.9022525289145773,2.9299829980421856,46.1127081037954,50.46879211210885,58.61551650644683,32.707214548493596,33.300672046420964,10.000000000000002,34.555439519265114,42.06416403555831,24.229916661738823,26.288115339696766,1.2234546505550181,189.80056477820003,289.61792334673396,6.005497216492034,23.773337475706484,716.8426184842758,715.0579829174787,16.76403201746674,4.53314871402757,2128.7613709215902,1611.089468139674,45.35303664006749,3.0377081853083423,4.744427053173606,31.573555738236525,55.98213944245958,12.777079128332353,5.225894433520658,15.53115044118092,24.003412104445736,35.939934523879124,14.616505006552602,65.6240562508325,15.349988634019663,4.696513069029674,34.06516770225047,33.72484689629998,24.201847667159605,3967.563673734665,327.0,6867.0,947201.1682744316,0.0,CONVERGENCE: REL_REDUCTION_OF_F_<=_FACTR*EPSMCH
74,279,23545.73302822386,3.4654435804616943,3.57160540162638,3.5252383357589507,3.3731958326354645,3.8383352184617214,2.5926441557153552,2.922485512566064,2.788372855452632,2.913419046682439,2.9297046399411,45.94331219396126,47.20550645285536,48.94919508262239,36.44414394862752,36.135370861839455,10.000000000000002,36.787443969282315,42.28899690890239,20.67291813790243,26.284581944790606,23545.73234596442,3.465442501214841,3.5716003563020973,3.525240927654595,3.3731925695221747,3.83833043462017,2.5926430762045864,2.922482571790068,2.7883750460164336,2.913421982910001,2.929704176784907,45.943333041637366,47.20568805690796,48.949009391883955,36.44418887731121,36.13562096085597,10.000000000000002,36.787583244401176,42.28902236734172,20.67287635222372,26.284589310233198,1.281941016959326,217.23577670498315,292.5416457758392,6.385702618429752,22.199687909277124,670.909191975031,618.8522592059687,14.975102394557382,4.94852393603105,2236.199720103397,1694.0357230105913,46.96888789218187,10.983367442442558,4.847258770142146,13.884146188259539,37.29268506220887,6.877576322603284,7.154107327754659,32.04199546082209,14.35783401489687,1.0077554947580392,17.895856452512174,24.975638681530466,6.531151809380292,2.6684512996358527,28.25817580956399,13.793673823296867,26.88445113828307,3600.6331243515015,289.0,6069.0,923311.6878829836,0.0,CONVERGENCE: REL_REDUCTION_OF_F_<=_FACTR*EPSMCH
71,286,23323.498047255787,3.464013597311932,3.597009125543942,3.3520025970168166,3.547184837070313,3.5837256986239847,2.5891393526706965,3.0415423907714545,2.7677124270994735,2.927215900658853,2.9296137270973914,45.99460386662535,46.297970716020764,66.0693177729943,31.96700611059554,32.61018756105277,10.000000000000002,28.701036076413423,42.10330622422388,27.90629935701888,26.287765687180638,23323.498028835147,3.464013856570417,3.597008658471506,3.3520076738838216,3.5471750247812714,3.5837268908650444,2.5891394005396364,3.0415445457379158,2.76771318516275,2.927213529188319,2.9296140536639905,45.99459998982755,46.29794091073149,66.06923924395493,31.96722892858522,32.61023206177686,10.000000000000002,28.70107312656439,42.10331344836972,27.906258176685824,26.287776126683703,1.2872451145300494,210.18916587207968,291.63562202129674,6.2254079857936695,13.667596209124014,646.841768135424,623.1913657025912,13.509399076249515,5.336868575738681,2264.119362769249,1714.591283151257,46.486987092414836,13.566997818896684,1.6388925467104083,8.84083770244679,39.637005278756874,12.934473780227908,5.867891030599355,14.633904176871564,31.670706087203172,3.4058707658506986,89.64610892627697,53.03652664623671,3.625041616337551,0.6379129704799579,14.926075684221056,20.142935162308735,27.882102669822476,3765.4259486198425,292.0,6132.0,967070.0997821325,0.0,CONVERGENCE: REL_REDUCTION_OF_F_<=_FACTR*EPSMCH
1,332,23562.799183358937,3.4651870067731325,3.537875161640268,3.5282956478435374,3.4495189095966277,3.820465245429054,2.5950864629444936,2.971652364646485,2.7888789741242888,2.9173053383159884,2.929487785957771,45.94649697432227,48.682655885479214,49.48317355574278,34.05660974812142,36.43522595999468,10.000000000000002,37.357629780659884,42.17140186018998,20.75445663066266,26.28386175507363,23562.799073765415,3.465186820232242,3.537878105855901,3.528286163664544,3.4495123491017794,3.8204576624533053,2.5950853103620384,2.9716466288915697,2.7888883992394957,2.9173111612569835,2.9294876702380392,45.94651755900398,48.682398176989835,49.483332458138634,34.056863970963114,36.435058112463864,10.000000000000002,37.35749245225935,42.17126805506145,20.754650939380852,26.283815383828752,1.2970448848499732,212.73259154124824,293.53976388412605,6.252459573907514,24.308030547416784,710.6419924849529,667.4089388404917,16.84529535363238,4.792818315831907,2221.752646292981,1682.7366968484869,47.251320453187404,5.812857329020765,2.2105362842093905,22.082547453923286,47.38700889186801,6.636982007765518,3.693772304320995,23.357038026210137,16.28019476553694,2.3345550485840323,13.69725796420421,18.53258269445326,9.251487417389999,2.879622990205082,24.694671569216048,18.724626556859857,23.941899712698486,4388.575009584427,349.0,7329.0,938890.4962622258,0.0,CONVERGENCE: REL_REDUCTION_OF_F_<=_FACTR*EPSMCH
10,186,23444.90930491656,3.461835071046367,3.5708751584591774,3.407291139774286,3.5019736657013656,3.6346942912656925,2.5892111979934587,3.1274714007102187,2.77392871139336,2.926855279389813,2.9296597339799324,46.1059238575144,47.339623091517375,61.24989817649747,33.53419910553597,33.930362610807265,10.000000000000002,30.601631994289495,41.98199160871604,26.064073157205637,26.2885674655705,23444.90929398981,3.4618350679420007,3.570875299700183,3.407291398946767,3.5019726518946506,3.634691634638007,2.589211027854104,3.1274713399336367,2.773929053367499,2.9268551732799057,2.9296597390498564,46.105923869163774,47.339616676805036,61.24989392511045,33.53424526399285,33.930407083350836,10.000000000000002,30.601640038427387,41.98198958269083,26.064104030044845,26.28856742239838,1.3045410265830295,211.59523680443633,288.90979184334685,6.177648510031886,16.247207863748287,662.6768078949247,657.6703997170636,14.821047519462589,5.4898207745807435,2222.52303990038,1682.839347100386,44.47632617302778,8.387833166292536,0.3044703407205317,15.062853560362434,46.665390903492224,12.76662360230581,3.592974378634283,13.265665611211013,30.756908659221903,9.621711253623797,61.52023869134485,48.38112791915831,6.925614009420515,1.4867274596222249,20.196616156539555,18.73632128179712,28.683654762985103,4471.269845724106,189.0,3969.0,927429.7709840143,0.0,CONVERGENCE: REL_REDUCTION_OF_F_<=_FACTR*EPSMCH
