sigma_C1,sigma_C2,sigma_F1,sigma_F2,sigma_H1,epsilon_C1,epsilon_C2,epsilon_F1,epsilon_F2,epsilon_H1,temperature,liq_density,vap_density,Hvap,Pvap
0.3050889401387189,0.320332700961166,0.3218030550399717,0.2501242498931901,0.178084950972969,0.3202117964703265,0.5614907376439962,0.3115601705935003,0.1953084298623963,0.070005302216307,260,1350.8093759111111,9.060933318122222,22.484637819809866,1.7955976853666664
0.3050889401387189,0.320332700961166,0.3218030550399717,0.2501242498931901,0.178084950972969,0.3202117964703265,0.5614907376439962,0.3115601705935003,0.1953084298623963,0.070005302216307,280,1278.9337459444446,16.348317122444442,20.86589919699892,3.3779737810222223
0.3050889401387189,0.320332700961166,0.3218030550399717,0.2501242498931901,0.178084950972969,0.3202117964703265,0.5614907376439962,0.3115601705935003,0.1953084298623963,0.070005302216307,320,1122.7518277,57.63032533677778,16.826909737410684,11.800755104344445
0.3050889401387189,0.320332700961166,0.3218030550399717,0.2501242498931901,0.178084950972969,0.3202117964703265,0.5614907376439962,0.3115601705935003,0.1953084298623963,0.070005302216307,240,1410.1814459444445,3.062492462955556,23.94765272280405,0.5821995995944445
0.3050889401387189,0.320332700961166,0.3218030550399717,0.2501242498931901,0.178084950972969,0.3202117964703265,0.5614907376439962,0.3115601705935003,0.1953084298623963,0.070005302216307,300,1207.036863188889,32.000516685,19.03311470257752,6.6405773988888885
0.3051959279235752,0.3887187728848517,0.2802064956968816,0.3047041153628277,0.2441761527375691,0.2148697182168626,0.5685918386365489,0.294372946416773,0.149682570324903,0.0604603004984178,280,1268.9484007,18.236556806111118,19.915875792825325,3.776731781244445
0.3051959279235752,0.3887187728848517,0.2802064956968816,0.3047041153628277,0.2441761527375691,0.2148697182168626,0.5685918386365489,0.294372946416773,0.149682570324903,0.0604603004984178,300,1198.2192869222222,34.47389152377779,18.195733371844465,7.2072586184444445
0.3051959279235752,0.3887187728848517,0.2802064956968816,0.3047041153628277,0.2441761527375691,0.2148697182168626,0.5685918386365489,0.294372946416773,0.149682570324903,0.0604603004984178,260,1334.8499001555554,9.305284178944444,21.387700618851696,1.8580783858222223
0.3051959279235752,0.3887187728848517,0.2802064956968816,0.3047041153628277,0.2441761527375691,0.2148697182168626,0.5685918386365489,0.294372946416773,0.149682570324903,0.0604603004984178,320,1116.7216924333331,59.144296124444445,16.25805574910153,12.21443769687778
0.3051959279235752,0.3887187728848517,0.2802064956968816,0.3047041153628277,0.2441761527375691,0.2148697182168626,0.5685918386365489,0.294372946416773,0.149682570324903,0.0604603004984178,240,1393.4382858111112,3.9209525406,22.721005400021216,0.7440835958133334
0.3090058321649398,0.3974841380837768,0.2875326426355077,0.2694114370063134,0.1893658796429048,0.3425942128649713,0.2466744415538274,0.3153897958137491,0.3065536446401176,0.0821163305551109,300,1201.5456588777777,45.44310815322222,17.14597989232693,9.138657679233331
0.3090058321649398,0.3974841380837768,0.2875326426355077,0.2694114370063134,0.1893658796429048,0.3425942128649713,0.2466744415538274,0.3153897958137491,0.3065536446401176,0.0821163305551109,260,1351.010017811111,10.97318897528889,20.680322947482985,2.177217859655556
0.3090058321649398,0.3974841380837768,0.2875326426355077,0.2694114370063134,0.1893658796429048,0.3425942128649713,0.2466744415538274,0.3153897958137491,0.3065536446401176,0.0821163305551109,240,1418.603906511111,5.157754963888889,22.055963401222183,0.9714224599855557
0.3090058321649398,0.3974841380837768,0.2875326426355077,0.2694114370063134,0.1893658796429048,0.3425942128649713,0.2466744415538274,0.3153897958137491,0.3065536446401176,0.0821163305551109,280,1280.8808621555554,23.988119611222224,19.01949494070116,4.847511398755556
0.3090058321649398,0.3974841380837768,0.2875326426355077,0.2694114370063134,0.1893658796429048,0.3425942128649713,0.2466744415538274,0.3153897958137491,0.3065536446401176,0.0821163305551109,320,1111.3469682333332,78.55289422266667,14.904705840070982,15.382501852544443
0.3106964455036138,0.3910568578395552,0.3050376166731747,0.2532974823664529,0.1579695885531014,0.5703575265474088,0.3258052312909526,0.2803819374560931,0.1819426176592911,0.0696892569967921,300,1219.234279511111,30.941366859222217,18.825796274802848,6.548638398122222
0.3106964455036138,0.3910568578395552,0.3050376166731747,0.2532974823664529,0.1579695885531014,0.5703575265474088,0.3258052312909526,0.2803819374560931,0.1819426176592911,0.0696892569967921,280,1287.3312749000002,16.506807177,20.47515611129587,3.434425446255556
0.3106964455036138,0.3910568578395552,0.3050376166731747,0.2532974823664529,0.1579695885531014,0.5703575265474088,0.3258052312909526,0.2803819374560931,0.1819426176592911,0.0696892569967921,260,1350.0041980222222,7.767669620566667,21.922037091810697,1.5645899353777777
0.3106964455036138,0.3910568578395552,0.3050376166731747,0.2532974823664529,0.1579695885531014,0.5703575265474088,0.3258052312909526,0.2803819374560931,0.1819426176592911,0.0696892569967921,320,1140.1362934444446,54.85539156555556,16.831996869324644,11.47819454861111
0.3106964455036138,0.3910568578395552,0.3050376166731747,0.2532974823664529,0.1579695885531014,0.5703575265474088,0.3258052312909526,0.2803819374560931,0.1819426176592911,0.0696892569967921,240,1409.687316311111,3.3290978541222223,23.209769697582452,0.63317169183
0.3163378066316591,0.3445571650391357,0.2762881701276627,0.3215646242702745,0.2907377296552706,0.6224559391703829,0.5115987120335184,0.2402999387917166,0.2809229707952383,0.0435267098495067,280,1276.7869414666668,16.541152099111113,20.62178095206714,3.4539296265
0.3163378066316591,0.3445571650391357,0.2762881701276627,0.3215646242702745,0.2907377296552706,0.6224559391703829,0.5115987120335184,0.2402999387917166,0.2809229707952383,0.0435267098495067,240,1399.628995188889,3.624788699,23.43688156070758,0.6891162357677778
0.3163378066316591,0.3445571650391357,0.2762881701276627,0.3215646242702745,0.2907377296552706,0.6224559391703829,0.5115987120335184,0.2402999387917166,0.2809229707952383,0.0435267098495067,320,1129.194167422222,58.69340406555556,16.76280848623305,12.112688227122222
0.3163378066316591,0.3445571650391357,0.2762881701276627,0.3215646242702745,0.2907377296552706,0.6224559391703829,0.5115987120335184,0.2402999387917166,0.2809229707952383,0.0435267098495067,300,1208.0473740555558,33.39224569822222,18.78342032242652,6.992700903911111
0.3163378066316591,0.3445571650391357,0.2762881701276627,0.3215646242702745,0.2907377296552706,0.6224559391703829,0.5115987120335184,0.2402999387917166,0.2809229707952383,0.0435267098495067,260,1339.8356332333335,8.00251222612222,22.07626935804819,1.6077026075333332
0.337246538477818,0.3149469890150187,0.2890389790977024,0.2772887778181922,0.290757020497451,0.4968265502821735,0.4971516034463781,0.3200349933046301,0.1400489011404678,0.057733532446377,300,1193.9547748666669,37.29356475266666,18.18920262381347,7.706064849533333
0.337246538477818,0.3149469890150187,0.2890389790977024,0.2772887778181922,0.290757020497451,0.4968265502821735,0.4971516034463781,0.3200349933046301,0.1400489011404678,0.057733532446377,240,1398.4966915222224,3.783136661155556,23.07457799962923,0.7184794689599999
0.337246538477818,0.3149469890150187,0.2890389790977024,0.2772887778181922,0.290757020497451,0.4968265502821735,0.4971516034463781,0.3200349933046301,0.1400489011404678,0.057733532446377,260,1334.5016115333333,9.376485067755556,21.59510295048104,1.8736923109777777
0.337246538477818,0.3149469890150187,0.2890389790977024,0.2772887778181922,0.290757020497451,0.4968265502821735,0.4971516034463781,0.3200349933046301,0.1400489011404678,0.057733532446377,280,1269.4987899222224,19.499464094777775,20.06261594853232,4.017689859600001
0.337246538477818,0.3149469890150187,0.2890389790977024,0.2772887778181922,0.290757020497451,0.4968265502821735,0.4971516034463781,0.3200349933046301,0.1400489011404678,0.057733532446377,320,1111.6957064555556,66.34121940255555,16.024886362785505,13.352938390855556
0.3427015029735267,0.3496978793434389,0.3051066555718587,0.2681653160024108,0.2385829292512556,0.6219920201950424,0.2898083659079995,0.2104155861791225,0.2153125216053809,0.0561505687832964,240,1418.2327597666667,3.921276735544444,23.04326489772432,0.7424120452933333
0.3427015029735267,0.3496978793434389,0.3051066555718587,0.2681653160024108,0.2385829292512556,0.6219920201950424,0.2898083659079995,0.2104155861791225,0.2153125216053809,0.0561505687832964,260,1354.8751834222223,9.81523206071111,21.615945427928203,1.9510767705333332
0.3427015029735267,0.3496978793434389,0.3051066555718587,0.2681653160024108,0.2385829292512556,0.6219920201950424,0.2898083659079995,0.2104155861791225,0.2153125216053809,0.0561505687832964,320,1131.1319543999998,64.79884673166666,16.151198604014823,13.092179529955557
0.3427015029735267,0.3496978793434389,0.3051066555718587,0.2681653160024108,0.2385829292512556,0.6219920201950424,0.2898083659079995,0.2104155861791225,0.2153125216053809,0.0561505687832964,280,1285.8447253111108,19.075088142777776,20.069012787421364,3.922339531088889
0.3427015029735267,0.3496978793434389,0.3051066555718587,0.2681653160024108,0.2385829292512556,0.6219920201950424,0.2898083659079995,0.2104155861791225,0.2153125216053809,0.0561505687832964,300,1211.023097677778,36.84256773,18.219510337732096,7.605955388533333
0.3464361610515148,0.3016078763685921,0.2964872426143273,0.3310843294139121,0.2077487527482945,0.5993735876372924,0.3345583220993776,0.2563669749630324,0.264428709656813,0.0376449165252437,240,1414.8257451888887,3.704329821888889,23.684401155845997,0.7031430320366667
0.3464361610515148,0.3016078763685921,0.2964872426143273,0.3310843294139121,0.2077487527482945,0.5993735876372924,0.3345583220993776,0.2563669749630324,0.264428709656813,0.0376449165252437,320,1127.3428164777777,56.77694755633333,16.811152997684854,11.76494789977778
0.3464361610515148,0.3016078763685921,0.2964872426143273,0.3310843294139121,0.2077487527482945,0.5993735876372924,0.3345583220993776,0.2563669749630324,0.264428709656813,0.0376449165252437,300,1211.2239500444446,31.33035948677778,18.93976997499862,6.613730571955555
0.3464361610515148,0.3016078763685921,0.2964872426143273,0.3310843294139121,0.2077487527482945,0.5993735876372924,0.3345583220993776,0.2563669749630324,0.264428709656813,0.0376449165252437,260,1349.4942358555556,7.165925396666667,22.26313712067129,1.4426211156966666
0.3464361610515148,0.3016078763685921,0.2964872426143273,0.3310843294139121,0.2077487527482945,0.5993735876372924,0.3345583220993776,0.2563669749630324,0.264428709656813,0.0376449165252437,280,1283.8511872333331,17.12852964,20.695518744163792,3.540193697222222
0.3633000281832337,0.3825662529064831,0.2517724693419663,0.3435454935519251,0.2682576923402231,0.25986690831923,0.378289771152669,0.3231740740045913,0.1284352908671781,0.0456658060435341,240,1408.1597084444447,4.190868655277778,22.41076186291743,0.7935460669466666
0.3633000281832337,0.3825662529064831,0.2517724693419663,0.3435454935519251,0.2682576923402231,0.25986690831923,0.378289771152669,0.3231740740045913,0.1284352908671781,0.0456658060435341,260,1344.6607598666667,10.155027765188889,21.02109600347396,2.0226231072111114
0.3633000281832337,0.3825662529064831,0.2517724693419663,0.3435454935519251,0.2682576923402231,0.25986690831923,0.378289771152669,0.3231740740045913,0.1284352908671781,0.0456658060435341,320,1115.659716488889,64.69799228911113,15.708973612023708,13.182206690411112
0.3633000281832337,0.3825662529064831,0.2517724693419663,0.3435454935519251,0.2682576923402231,0.25986690831923,0.378289771152669,0.3231740740045913,0.1284352908671781,0.0456658060435341,300,1204.3064077,39.14426550899999,17.756556119950208,8.060157078933335
0.3633000281832337,0.3825662529064831,0.2517724693419663,0.3435454935519251,0.2682576923402231,0.25986690831923,0.378289771152669,0.3231740740045913,0.1284352908671781,0.0456658060435341,280,1278.0525744333331,20.45762261377778,19.538952641611235,4.197061947733332
0.366568907887508,0.307367114028548,0.3096620344262391,0.2618066191077965,0.2221964273997131,0.1858698393916217,0.4385983320265773,0.3161878902581942,0.293849870071156,0.082208768467708,240,1406.6423235555555,3.662930925711111,23.62409930703093,0.6949022437611111
0.366568907887508,0.307367114028548,0.3096620344262391,0.2618066191077965,0.2221964273997131,0.1858698393916217,0.4385983320265773,0.3161878902581942,0.293849870071156,0.082208768467708,300,1202.5722122555558,33.45700066166668,18.758950563396137,6.974022990677778
0.366568907887508,0.307367114028548,0.3096620344262391,0.2618066191077965,0.2221964273997131,0.1858698393916217,0.4385983320265773,0.3161878902581942,0.293849870071156,0.082208768467708,320,1117.3974530888886,60.70098965833333,16.526020533810016,12.372268426011107
0.366568907887508,0.307367114028548,0.3096620344262391,0.2618066191077965,0.2221964273997131,0.1858698393916217,0.4385983320265773,0.3161878902581942,0.293849870071156,0.082208768467708,260,1344.7132546444443,8.8144076132,22.156636599763637,1.7568287238666664
0.366568907887508,0.307367114028548,0.3096620344262391,0.2618066191077965,0.2221964273997131,0.1858698393916217,0.4385983320265773,0.3161878902581942,0.293849870071156,0.082208768467708,280,1274.9206482555553,17.42573727211111,20.55311536808119,3.600560861844444
0.3686947307708167,0.3188467257693079,0.3008936577149024,0.3047849370062763,0.1818037926644856,0.2763055769518707,0.2576153276409669,0.3268754575622491,0.2259310455547251,0.0501646424444447,300,1204.6837775666668,38.933200443,18.10098108979938,7.978780758377777
0.3686947307708167,0.3188467257693079,0.3008936577149024,0.3047849370062763,0.1818037926644856,0.2763055769518707,0.2576153276409669,0.3268754575622491,0.2259310455547251,0.0501646424444447,260,1349.4931949555555,9.053056426633333,21.62949363589852,1.8053553128888888
0.3686947307708167,0.3188467257693079,0.3008936577149024,0.3047849370062763,0.1818037926644856,0.2763055769518707,0.2576153276409669,0.3268754575622491,0.2259310455547251,0.0501646424444447,240,1412.5478278222222,3.772922527244445,23.047415954025983,0.7158146956844444
0.3686947307708167,0.3188467257693079,0.3008936577149024,0.3047849370062763,0.1818037926644856,0.2763055769518707,0.2576153276409669,0.3268754575622491,0.2259310455547251,0.0501646424444447,320,1116.4539539333334,68.273068556,15.844328297023846,13.609280665644444
0.3686947307708167,0.3188467257693079,0.3008936577149024,0.3047849370062763,0.1818037926644856,0.2763055769518707,0.2576153276409669,0.3268754575622491,0.2259310455547251,0.0501646424444447,280,1280.6423966222223,19.778017980888887,20.00919118008296,4.061147440522222
0.3742317401251901,0.3493374783568884,0.2972534901261905,0.3334129223608533,0.169711421514316,0.599043043546628,0.2540808355468393,0.1533854348844659,0.3273316115562762,0.0234194780937245,260,1339.1063409222222,7.822543923688889,21.97439522317407,1.5694897681333333
0.3742317401251901,0.3493374783568884,0.2972534901261905,0.3334129223608533,0.169711421514316,0.599043043546628,0.2540808355468393,0.1533854348844659,0.3273316115562762,0.0234194780937245,320,1132.4284592111112,52.392111812888885,17.006445708094628,11.037810363066663
0.3742317401251901,0.3493374783568884,0.2972534901261905,0.3334129223608533,0.169711421514316,0.599043043546628,0.2540808355468393,0.1533854348844659,0.3273316115562762,0.0234194780937245,240,1396.2792192222223,3.287592092633333,23.24377322672776,0.6250294186744445
0.3742317401251901,0.3493374783568884,0.2972534901261905,0.3334129223608533,0.169711421514316,0.599043043546628,0.2540808355468393,0.1533854348844659,0.3273316115562762,0.0234194780937245,300,1210.668773188889,30.430034758666665,18.89233436836646,6.404652209188889
0.3742317401251901,0.3493374783568884,0.2972534901261905,0.3334129223608533,0.169711421514316,0.599043043546628,0.2540808355468393,0.1533854348844659,0.3273316115562762,0.0234194780937245,280,1276.7308336111112,16.291373651555556,20.50828214574213,3.389962385677778
0.3745147778484348,0.3754395219500661,0.2981773161945193,0.2606847950246527,0.2237306268535258,0.1723409780520321,0.6037539127529274,0.1923167718030076,0.3324368920092201,0.0212091356865405,320,1121.472815988889,60.01733855688889,16.0806750504704,12.318215424866668
0.3745147778484348,0.3754395219500661,0.2981773161945193,0.2606847950246527,0.2237306268535258,0.1723409780520321,0.6037539127529274,0.1923167718030076,0.3324368920092201,0.0212091356865405,240,1400.734915277778,3.755844737233333,22.56867639216885,0.7121412689988889
0.3745147778484348,0.3754395219500661,0.2981773161945193,0.2606847950246527,0.2237306268535258,0.1723409780520321,0.6037539127529274,0.1923167718030076,0.3324368920092201,0.0212091356865405,260,1341.2311413888888,8.741677202533332,21.276072571387456,1.7458302595444444
0.3745147778484348,0.3754395219500661,0.2981773161945193,0.2606847950246527,0.2237306268535258,0.1723409780520321,0.6037539127529274,0.1923167718030076,0.3324368920092201,0.0212091356865405,300,1204.2900318666666,34.93003229,18.08069551249698,7.263295830222222
0.3745147778484348,0.3754395219500661,0.2981773161945193,0.2606847950246527,0.2237306268535258,0.1723409780520321,0.6037539127529274,0.1923167718030076,0.3324368920092201,0.0212091356865405,280,1275.1251022777776,18.39876677855556,19.79832074046149,3.8009835118444446
0.3754977332094906,0.3405099278782307,0.2784128391436475,0.3069767316042996,0.2769863947816872,0.4659726146662721,0.4375757350004652,0.1901867206557776,0.2098230761091482,0.0258114251332527,320,1124.0906015777778,65.14365668433332,15.756631638457677,13.276097916988888
0.3754977332094906,0.3405099278782307,0.2784128391436475,0.3069767316042996,0.2769863947816872,0.4659726146662721,0.4375757350004652,0.1901867206557776,0.2098230761091482,0.0258114251332527,300,1207.438639922222,36.332868079,17.84801896652787,7.594156412733333
0.3754977332094906,0.3405099278782307,0.2784128391436475,0.3069767316042996,0.2769863947816872,0.4659726146662721,0.4375757350004652,0.1901867206557776,0.2098230761091482,0.0258114251332527,280,1283.955432877778,19.70379885411111,19.592137340366744,4.051421238044445
0.3754977332094906,0.3405099278782307,0.2784128391436475,0.3069767316042996,0.2769863947816872,0.4659726146662721,0.4375757350004652,0.1901867206557776,0.2098230761091482,0.0258114251332527,240,1418.1181982222224,4.7025337077666665,22.4807168787286,0.8883662689666666
0.3754977332094906,0.3405099278782307,0.2784128391436475,0.3069767316042996,0.2769863947816872,0.4659726146662721,0.4375757350004652,0.1901867206557776,0.2098230761091482,0.0258114251332527,260,1355.9008500555556,10.05303955221111,21.118209675402355,2.000404398633333
0.3767255118616146,0.3973846539253257,0.2678087346221866,0.2771894606420566,0.2797367284339674,0.1717549072580942,0.6060175726099822,0.1611187108545757,0.1282833338544346,0.0661778546245342,260,1345.555152911111,9.955822135877776,20.71295840565137,1.9811935649777777
0.3767255118616146,0.3973846539253257,0.2678087346221866,0.2771894606420566,0.2797367284339674,0.1717549072580942,0.6060175726099822,0.1611187108545757,0.1282833338544346,0.0661778546245342,280,1278.429664244445,19.352913605,19.29886094574128,3.994090171588889
0.3767255118616146,0.3973846539253257,0.2678087346221866,0.2771894606420566,0.2797367284339674,0.1717549072580942,0.6060175726099822,0.1611187108545757,0.1282833338544346,0.0661778546245342,300,1204.454298333333,34.919991421111106,17.639060583278045,7.307527556111111
0.3767255118616146,0.3973846539253257,0.2678087346221866,0.2771894606420566,0.2797367284339674,0.1717549072580942,0.6060175726099822,0.1611187108545757,0.1282833338544346,0.0661778546245342,240,1406.8471650111112,4.047431658633333,22.022089623066037,0.7666530175122223
0.3767255118616146,0.3973846539253257,0.2678087346221866,0.2771894606420566,0.2797367284339674,0.1717549072580942,0.6060175726099822,0.1611187108545757,0.1282833338544346,0.0661778546245342,320,1125.7425128111108,63.29595219822223,15.670038948374572,12.997542830633332
0.3792725466311017,0.3814119865139013,0.2655014014033193,0.3214084139915708,0.2816718401869659,0.5605760727868762,0.1675148655691029,0.2707965018000025,0.1675941840445751,0.0438470874489112,260,1337.3569708333334,7.239928090255556,22.02812017687489,1.4644206065544445
0.3792725466311017,0.3814119865139013,0.2655014014033193,0.3214084139915708,0.2816718401869659,0.5605760727868762,0.1675148655691029,0.2707965018000025,0.1675941840445751,0.0438470874489112,240,1391.5125449888887,3.048737028044444,23.26494256698898,0.5820686402311112
0.3792725466311017,0.3814119865139013,0.2655014014033193,0.3214084139915708,0.2816718401869659,0.5605760727868762,0.1675148655691029,0.2707965018000025,0.1675941840445751,0.0438470874489112,280,1274.4986985,14.821457185666668,20.603993830025544,3.131970014555556
0.3792725466311017,0.3814119865139013,0.2655014014033193,0.3214084139915708,0.2816718401869659,0.5605760727868762,0.1675148655691029,0.2707965018000025,0.1675941840445751,0.0438470874489112,300,1210.4934407888888,29.078992865888885,18.96734383913405,6.1659783486
0.3792725466311017,0.3814119865139013,0.2655014014033193,0.3214084139915708,0.2816718401869659,0.5605760727868762,0.1675148655691029,0.2707965018000025,0.1675941840445751,0.0438470874489112,320,1135.2469301888889,48.348552821000006,17.214121334713237,10.3811638867
0.3810602879767884,0.3601069977133849,0.2993419829650259,0.2551618333683609,0.2570868613976655,0.3544341985800946,0.4103302815767273,0.1374379368204513,0.3317566285632253,0.0700353402066524,320,1121.304416288889,61.614153743,16.06802845352138,12.71909411512222
0.3810602879767884,0.3601069977133849,0.2993419829650259,0.2551618333683609,0.2570868613976655,0.3544341985800946,0.4103302815767273,0.1374379368204513,0.3317566285632253,0.0700353402066524,240,1403.475784211111,4.011223332344445,22.686914966237307,0.76020639555
0.3810602879767884,0.3601069977133849,0.2993419829650259,0.2551618333683609,0.2570868613976655,0.3544341985800946,0.4103302815767273,0.1374379368204513,0.3317566285632253,0.0700353402066524,260,1343.3301701000005,9.393960273911112,21.33063937842045,1.8718960241
0.3810602879767884,0.3601069977133849,0.2993419829650259,0.2551618333683609,0.2570868613976655,0.3544341985800946,0.4103302815767273,0.1374379368204513,0.3317566285632253,0.0700353402066524,300,1203.0766523222223,35.869990610222224,18.043792592028176,7.444282156088889
0.3810602879767884,0.3601069977133849,0.2993419829650259,0.2551618333683609,0.2570868613976655,0.3544341985800946,0.4103302815767273,0.1374379368204513,0.3317566285632253,0.0700353402066524,280,1276.0198883111111,19.776117215777777,19.754439924706062,4.055274161500001
0.381831582682236,0.3863962102893318,0.2672178388268307,0.2602988733671658,0.2961513959224283,0.2120737758181461,0.2873213566057101,0.2970993167234032,0.3157474796421914,0.0546749854655095,320,1129.6157423333336,56.659827872,16.34099451898029,11.877617482566666
0.381831582682236,0.3863962102893318,0.2672178388268307,0.2602988733671658,0.2961513959224283,0.2120737758181461,0.2873213566057101,0.2970993167234032,0.3157474796421914,0.0546749854655095,280,1284.4025377333337,18.885659531777776,19.9339972310972,3.902999815544444
0.381831582682236,0.3863962102893318,0.2672178388268307,0.2602988733671658,0.2961513959224283,0.2120737758181461,0.2873213566057101,0.2970993167234032,0.3157474796421914,0.0546749854655095,300,1213.4549021,33.98474747322222,18.269440392849905,7.147018104944444
0.381831582682236,0.3863962102893318,0.2672178388268307,0.2602988733671658,0.2961513959224283,0.2120737758181461,0.2873213566057101,0.2970993167234032,0.3157474796421914,0.0546749854655095,240,1407.9000901555555,3.6026362278,22.714099090372123,0.6862207605355555
0.381831582682236,0.3863962102893318,0.2672178388268307,0.2602988733671658,0.2961513959224283,0.2120737758181461,0.2873213566057101,0.2970993167234032,0.3157474796421914,0.0546749854655095,260,1349.8104698333334,9.4528269847,21.39704103224989,1.886614273211111
0.3819847449388034,0.3254952397212161,0.306643312596733,0.3076936175331396,0.1616924523024261,0.354092700786276,0.4559976063729076,0.1742134560778018,0.2450243289375472,0.0824367293786847,300,1217.1848434777778,34.84855676555555,18.48504624704069,7.229085849422223
0.3819847449388034,0.3254952397212161,0.306643312596733,0.3076936175331396,0.1616924523024261,0.354092700786276,0.4559976063729076,0.1742134560778018,0.2450243289375472,0.0824367293786847,280,1286.7831826111114,18.75535946755556,20.21829552318656,3.850539878933333
0.3819847449388034,0.3254952397212161,0.306643312596733,0.3076936175331396,0.1616924523024261,0.354092700786276,0.4559976063729076,0.1742134560778018,0.2450243289375472,0.0824367293786847,260,1352.5021053777778,8.726099346811113,21.755107681949248,1.7374848477555556
0.3819847449388034,0.3254952397212161,0.306643312596733,0.3076936175331396,0.1616924523024261,0.354092700786276,0.4559976063729076,0.1742134560778018,0.2450243289375472,0.0824367293786847,320,1130.2795992,59.32871004022222,16.407569624022198,12.176106791444443
0.3819847449388034,0.3254952397212161,0.306643312596733,0.3076936175331396,0.1616924523024261,0.354092700786276,0.4559976063729076,0.1742134560778018,0.2450243289375472,0.0824367293786847,240,1414.795985711111,3.855267434366666,23.144927070877262,0.7298887603044445
0.3901638203841949,0.3018625814013418,0.2854930890613443,0.3463347690457757,0.1744225298690754,0.4159602027048477,0.221497866590271,0.295387992297815,0.1259287144363341,0.0767324661455624,280,1280.7407457888887,18.502207308444444,19.98940518798752,3.7955207881888886
0.3901638203841949,0.3018625814013418,0.2854930890613443,0.3463347690457757,0.1744225298690754,0.4159602027048477,0.221497866590271,0.295387992297815,0.1259287144363341,0.0767324661455624,320,1116.7092694333332,64.62913874777777,15.924657665243208,12.964913006611113
0.3901638203841949,0.3018625814013418,0.2854930890613443,0.3463347690457757,0.1744225298690754,0.4159602027048477,0.221497866590271,0.295387992297815,0.1259287144363341,0.0767324661455624,240,1407.8587900555556,3.753083582722222,22.90163204521044,0.7109617053611111
0.3901638203841949,0.3018625814013418,0.2854930890613443,0.3463347690457757,0.1744225298690754,0.4159602027048477,0.221497866590271,0.295387992297815,0.1259287144363341,0.0767324661455624,260,1347.7267797777777,9.487641181011112,21.515144185461043,1.8825530057111115
0.3901638203841949,0.3018625814013418,0.2854930890613443,0.3463347690457757,0.1744225298690754,0.4159602027048477,0.221497866590271,0.295387992297815,0.1259287144363341,0.0767324661455624,300,1203.100402877778,36.25452448111111,18.154357375930022,7.450516552411112
0.392561375793427,0.3886845579367374,0.2643143069761058,0.3301772238156592,0.1938478725869657,0.37421430636273,0.2407983729907361,0.1607629558339805,0.3040153655896587,0.054604651577159,320,1135.4686764333333,60.34868225977778,15.956754572650082,12.412306192566666
0.392561375793427,0.3886845579367374,0.2643143069761058,0.3301772238156592,0.1938478725869657,0.37421430636273,0.2407983729907361,0.1607629558339805,0.3040153655896587,0.054604651577159,280,1287.0757466444445,18.443696149111112,19.54165357200437,3.824032640977778
0.392561375793427,0.3886845579367374,0.2643143069761058,0.3301772238156592,0.1938478725869657,0.37421430636273,0.2407983729907361,0.1607629558339805,0.3040153655896587,0.054604651577159,260,1354.6082587555557,9.1448784789,20.976405434291976,1.830833521766667
0.392561375793427,0.3886845579367374,0.2643143069761058,0.3301772238156592,0.1938478725869657,0.37421430636273,0.2407983729907361,0.1607629558339805,0.3040153655896587,0.054604651577159,300,1220.551423322222,35.887264341000005,17.896649869454272,7.485763963588888
0.392561375793427,0.3886845579367374,0.2643143069761058,0.3301772238156592,0.1938478725869657,0.37421430636273,0.2407983729907361,0.1607629558339805,0.3040153655896587,0.054604651577159,240,1416.5307081999997,4.259042245422222,22.29232525798504,0.8061118822011112
0.3938116237807849,0.3159950447335855,0.3217903085626604,0.2690584162989724,0.159394967725193,0.3509119773526098,0.4861338145953179,0.1998868029327717,0.1446857810257974,0.0202786722569499,240,1409.148971511111,3.092032025888889,23.44942697920719,0.5875595129344445
0.3938116237807849,0.3159950447335855,0.3217903085626604,0.2690584162989724,0.159394967725193,0.3509119773526098,0.4861338145953179,0.1998868029327717,0.1446857810257974,0.0202786722569499,320,1132.9573327555554,53.71187011844444,16.837583832862336,11.144156466577778
0.3938116237807849,0.3159950447335855,0.3217903085626604,0.2690584162989724,0.159394967725193,0.3509119773526098,0.4861338145953179,0.1998868029327717,0.1446857810257974,0.0202786722569499,300,1213.6327654,29.801292458,18.92731087305275,6.262074620033332
0.3938116237807849,0.3159950447335855,0.3217903085626604,0.2690584162989724,0.159394967725193,0.3509119773526098,0.4861338145953179,0.1998868029327717,0.1446857810257974,0.0202786722569499,260,1350.2662400777776,7.6056801375222225,22.06487741577359,1.52157149779
0.3938116237807849,0.3159950447335855,0.3217903085626604,0.2690584162989724,0.159394967725193,0.3509119773526098,0.4861338145953179,0.1998868029327717,0.1446857810257974,0.0202786722569499,280,1288.8751513,17.256172648,20.55892318374397,3.5462421620888884
0.3949091952128299,0.3026444786695008,0.2862080132481271,0.2701683556466272,0.2975297907923173,0.2559015070856723,0.6199289958517068,0.3026343955535425,0.3257333595942732,0.0279703951971877,240,1392.2311512666668,3.7020710438222224,23.152700936802265,0.7023268128666666
0.3949091952128299,0.3026444786695008,0.2862080132481271,0.2701683556466272,0.2975297907923173,0.2559015070856723,0.6199289958517068,0.3026343955535425,0.3257333595942732,0.0279703951971877,320,1124.254357788889,59.09820689455555,16.603518807759833,12.2195241935
0.3949091952128299,0.3026444786695008,0.2862080132481271,0.2701683556466272,0.2975297907923173,0.2559015070856723,0.6199289958517068,0.3026343955535425,0.3257333595942732,0.0279703951971877,280,1268.4803981333334,16.859728988555556,20.350013581186623,3.526351799211111
0.3949091952128299,0.3026444786695008,0.2862080132481271,0.2701683556466272,0.2975297907923173,0.2559015070856723,0.6199289958517068,0.3026343955535425,0.3257333595942732,0.0279703951971877,260,1334.395858577778,8.611501495433334,21.84450505237533,1.7240102804222224
0.3949091952128299,0.3026444786695008,0.2862080132481271,0.2701683556466272,0.2975297907923173,0.2559015070856723,0.6199289958517068,0.3026343955535425,0.3257333595942732,0.0279703951971877,300,1196.761786311111,32.11306519111111,18.61437256566334,6.790376653733333
0.3954734607917965,0.3408140442534599,0.2783250906320754,0.3365275451057261,0.2011857631793472,0.1953484417698277,0.6219133822596078,0.1557571473607873,0.3198013506462684,0.0711581502044336,320,1128.4967454666669,62.79892708633333,16.04508058032863,12.778107948155554
0.3954734607917965,0.3408140442534599,0.2783250906320754,0.3365275451057261,0.2011857631793472,0.1953484417698277,0.6219133822596078,0.1557571473607873,0.3198013506462684,0.0711581502044336,240,1411.5149657555555,3.5901212736333337,22.720140137009057,0.6828974837288888
0.3954734607917965,0.3408140442534599,0.2783250906320754,0.3365275451057261,0.2011857631793472,0.1953484417698277,0.6219133822596078,0.1557571473607873,0.3198013506462684,0.0711581502044336,280,1283.3630766,18.70875651844445,19.807912620880447,3.847898141366668
0.3954734607917965,0.3408140442534599,0.2783250906320754,0.3365275451057261,0.2011857631793472,0.1953484417698277,0.6219133822596078,0.1557571473607873,0.3198013506462684,0.0711581502044336,260,1349.5591874222223,8.58943248541111,21.39250579098796,1.7199419867
0.3954734607917965,0.3408140442534599,0.2783250906320754,0.3365275451057261,0.2011857631793472,0.1953484417698277,0.6219133822596078,0.1557571473607873,0.3198013506462684,0.0711581502044336,300,1212.2884103444446,36.01198331222223,18.08149251890234,7.459108864533333
0.3981795227999402,0.3873503766264307,0.2785757225818245,0.2955263925359425,0.1610037795825361,0.2730839334457279,0.2395181792134377,0.2571595936319708,0.2363387713749806,0.0206264483708632,300,1209.7134265999998,41.34501841355555,17.276866376029677,8.445063727055555
0.3981795227999402,0.3873503766264307,0.2785757225818245,0.2955263925359425,0.1610037795825361,0.2730839334457279,0.2395181792134377,0.2571595936319708,0.2363387713749806,0.0206264483708632,260,1350.2958243111111,10.514142626644444,20.50055032065202,2.0916541240111104
0.3981795227999402,0.3873503766264307,0.2785757225818245,0.2955263925359425,0.1610037795825361,0.2730839334457279,0.2395181792134377,0.2571595936319708,0.2363387713749806,0.0206264483708632,280,1282.953574722222,21.78601497511111,19.01570334389241,4.4534364246888885
0.3981795227999402,0.3873503766264307,0.2785757225818245,0.2955263925359425,0.1610037795825361,0.2730839334457279,0.2395181792134377,0.2571595936319708,0.2363387713749806,0.0206264483708632,240,1414.1506381555553,4.912091700522222,21.820341878173355,0.9292238818366668
0.3981795227999402,0.3873503766264307,0.2785757225818245,0.2955263925359425,0.1610037795825361,0.2730839334457279,0.2395181792134377,0.2571595936319708,0.2363387713749806,0.0206264483708632,320,1117.6429441322225,69.941426979,15.184963738488486,14.000063294333335
0.306762835344948,0.3755503518393644,0.2726216151615752,0.333565461931097,0.2636996070731632,0.3172220764747468,0.4594937487097624,0.2904393703174929,0.3195234835179,0.028888581832403,320,1094.338317418889,65.57322451311113,15.847687295150092,13.285486580777777
0.306762835344948,0.3755503518393644,0.2726216151615752,0.333565461931097,0.2636996070731632,0.3172220764747468,0.4594937487097624,0.2904393703174929,0.3195234835179,0.028888581832403,300,1179.3368329444447,38.60799525033334,17.95752511680422,7.911709703555555
0.306762835344948,0.3755503518393644,0.2726216151615752,0.333565461931097,0.2636996070731632,0.3172220764747468,0.4594937487097624,0.2904393703174929,0.3195234835179,0.028888581832403,280,1244.8848065444445,19.156025716888887,19.70592636142008,3.948839719800001
0.306762835344948,0.3755503518393644,0.2726216151615752,0.333565461931097,0.2636996070731632,0.3172220764747468,0.4594937487097624,0.2904393703174929,0.3195234835179,0.028888581832403,260,1312.5039188555556,9.84372087851111,21.243311581921265,1.9591580467333332
0.306762835344948,0.3755503518393644,0.2726216151615752,0.333565461931097,0.2636996070731632,0.3172220764747468,0.4594937487097624,0.2904393703174929,0.3195234835179,0.028888581832403,240,1376.1738927111112,4.179791838,22.709547888936186,0.7920911871877778
0.3128384840126471,0.3810979324523014,0.2931621798873516,0.3034708660670708,0.1746097175502462,0.2440710947656895,0.5643138359699533,0.2490878760190669,0.2578794349247656,0.0731358544521545,260,1334.237169688889,8.87124541718889,21.56972643228067,1.7704172669444442
0.3128384840126471,0.3810979324523014,0.2931621798873516,0.3034708660670708,0.1746097175502462,0.2440710947656895,0.5643138359699533,0.2490878760190669,0.2578794349247656,0.0731358544521545,240,1394.1972869777776,3.6741336450222217,22.92100180595124,0.6979872724255556
0.3128384840126471,0.3810979324523014,0.2931621798873516,0.3034708660670708,0.1746097175502462,0.2440710947656895,0.5643138359699533,0.2490878760190669,0.2578794349247656,0.0731358544521545,280,1271.1177645222222,18.209364956,20.0811496907628,3.747230877844444
0.3128384840126471,0.3810979324523014,0.2931621798873516,0.3034708660670708,0.1746097175502462,0.2440710947656895,0.5643138359699533,0.2490878760190669,0.2578794349247656,0.0731358544521545,300,1202.5151621333334,34.76010842188889,18.363961760533176,7.242813392655555
0.3128384840126471,0.3810979324523014,0.2931621798873516,0.3034708660670708,0.1746097175502462,0.2440710947656895,0.5643138359699533,0.2490878760190669,0.2578794349247656,0.0731358544521545,320,1116.9363785333333,55.58937722633333,16.44223903264577,11.589604914511112
0.313702347585961,0.3485272085485907,0.3011514547788619,0.2988756155130739,0.1519105187943988,0.3970191520230394,0.609160075700233,0.2220145569199617,0.2477564018830601,0.0178980675647688,240,1425.050410488889,4.727675825,22.412083623740088,0.8923756029433332
0.313702347585961,0.3485272085485907,0.3011514547788619,0.2988756155130739,0.1519105187943988,0.3970191520230394,0.609160075700233,0.2220145569199617,0.2477564018830601,0.0178980675647688,280,1288.235188388889,22.088724073666665,19.35284969544392,4.488928048822221
0.313702347585961,0.3485272085485907,0.3011514547788619,0.2988756155130739,0.1519105187943988,0.3970191520230394,0.609160075700233,0.2220145569199617,0.2477564018830601,0.0178980675647688,260,1356.645803411111,9.938303280988888,20.98614040602198,1.975370351122222
0.313702347585961,0.3485272085485907,0.3011514547788619,0.2988756155130739,0.1519105187943988,0.3970191520230394,0.609160075700233,0.2220145569199617,0.2477564018830601,0.0178980675647688,320,1114.5967743888891,72.21167002477777,15.25558459043783,14.339026807055555
0.313702347585961,0.3485272085485907,0.3011514547788619,0.2988756155130739,0.1519105187943988,0.3970191520230394,0.609160075700233,0.2220145569199617,0.2477564018830601,0.0178980675647688,300,1206.0678190333333,41.37581797322222,17.48833740592086,8.420331838633333
0.3144115281372226,0.3266267470432993,0.3009810828215212,0.2920315309026788,0.25729992152058,0.5221447594200556,0.5202581725417111,0.2828057569209338,0.1838653693768121,0.0725845809670856,300,1180.0355020222223,36.97052411111111,18.245947723305424,7.645542857111112
0.3144115281372226,0.3266267470432993,0.3009810828215212,0.2920315309026788,0.25729992152058,0.5221447594200556,0.5202581725417111,0.2828057569209338,0.1838653693768121,0.0725845809670856,260,1320.9748890222224,10.383825450377778,21.63379161561804,2.0549514444
0.3144115281372226,0.3266267470432993,0.3009810828215212,0.2920315309026788,0.25729992152058,0.5221447594200556,0.5202581725417111,0.2828057569209338,0.1838653693768121,0.0725845809670856,280,1252.482748388889,19.55476444077778,20.075926954105725,4.015038425877778
0.3144115281372226,0.3266267470432993,0.3009810828215212,0.2920315309026788,0.25729992152058,0.5221447594200556,0.5202581725417111,0.2828057569209338,0.1838653693768121,0.0725845809670856,320,1094.6821793277777,65.00682502488888,16.04803917063343,13.080177173466666
0.3144115281372226,0.3266267470432993,0.3009810828215212,0.2920315309026788,0.25729992152058,0.5221447594200556,0.5202581725417111,0.2828057569209338,0.1838653693768121,0.0725845809670856,240,1382.3769261666666,4.224193592111111,23.13093285381253,0.7988275943211111
0.3202488669549808,0.3616911461943923,0.3016847186563394,0.2852029908343192,0.2004332589961053,0.3287446648805865,0.4771803627598602,0.2675085781142089,0.2096660944672328,0.0374234980250091,320,1102.432018488889,74.12795754455556,15.297842617876311,14.556921237233334
0.3202488669549808,0.3616911461943923,0.3016847186563394,0.2852029908343192,0.2004332589961053,0.3287446648805865,0.4771803627598602,0.2675085781142089,0.2096660944672328,0.0374234980250091,300,1190.415350811111,43.23952192355555,17.483052066669686,8.732727326344447
0.3202488669549808,0.3616911461943923,0.3016847186563394,0.2852029908343192,0.2004332589961053,0.3287446648805865,0.4771803627598602,0.2675085781142089,0.2096660944672328,0.0374234980250091,260,1332.797138811111,10.482258138511112,21.026293321663005,2.0791941317111107
0.3202488669549808,0.3616911461943923,0.3016847186563394,0.2852029908343192,0.2004332589961053,0.3287446648805865,0.4771803627598602,0.2675085781142089,0.2096660944672328,0.0374234980250091,240,1393.5702865444446,4.216855035111111,22.4093718989542,0.7972215029088889
0.3202488669549808,0.3616911461943923,0.3016847186563394,0.2852029908343192,0.2004332589961053,0.3287446648805865,0.4771803627598602,0.2675085781142089,0.2096660944672328,0.0374234980250091,280,1263.8756057555556,21.573225792888888,19.41165264504635,4.394494243077778
0.3219055508764434,0.3529428460141326,0.2865600333980875,0.3184193048025441,0.2334022281369007,0.466758509800631,0.3744094436765668,0.2092825766868007,0.3233602595808489,0.0647585345290707,280,1259.1398373777777,23.451034116555554,19.093977804494223,4.737076968744444
0.3219055508764434,0.3529428460141326,0.2865600333980875,0.3184193048025441,0.2334022281369007,0.466758509800631,0.3744094436765668,0.2092825766868007,0.3233602595808489,0.0647585345290707,240,1398.444298977778,4.517544398266667,22.252861207782885,0.8550634004122223
0.3219055508764434,0.3529428460141326,0.2865600333980875,0.3184193048025441,0.2334022281369007,0.466758509800631,0.3744094436765668,0.2092825766868007,0.3233602595808489,0.0647585345290707,260,1332.9145567111111,11.761366016044445,20.734820323569632,2.321792635155556
0.3219055508764434,0.3529428460141326,0.2865600333980875,0.3184193048025441,0.2334022281369007,0.466758509800631,0.3744094436765668,0.2092825766868007,0.3233602595808489,0.0647585345290707,300,1179.2496335222222,43.35779873611111,17.178204717580947,8.801574262066667
0.3219055508764434,0.3529428460141326,0.2865600333980875,0.3184193048025441,0.2334022281369007,0.466758509800631,0.3744094436765668,0.2092825766868007,0.3233602595808489,0.0647585345290707,320,1084.6854444511112,79.45521192677778,14.786394296557177,15.460704068022224
0.3225614089759571,0.376130128847952,0.266461642618454,0.3325030111045237,0.254934128738254,0.2386363059425575,0.5687368653615056,0.2952884059193955,0.1258615439253919,0.0557118673452403,240,1419.0853886333332,4.213481397366667,22.63469595286078,0.7976264388300001
0.3225614089759571,0.376130128847952,0.266461642618454,0.3325030111045237,0.254934128738254,0.2386363059425575,0.5687368653615056,0.2952884059193955,0.1258615439253919,0.0557118673452403,320,1125.3365285222224,66.32062023600001,15.779344424365062,13.362041577722223
0.3225614089759571,0.376130128847952,0.266461642618454,0.3325030111045237,0.254934128738254,0.2386363059425575,0.5687368653615056,0.2952884059193955,0.1258615439253919,0.0557118673452403,280,1287.3957667111113,20.30365661055556,19.69572904580456,4.167609679277778
0.3225614089759571,0.376130128847952,0.266461642618454,0.3325030111045237,0.254934128738254,0.2386363059425575,0.5687368653615056,0.2952884059193955,0.1258615439253919,0.0557118673452403,300,1212.9268837000004,38.06560048622223,17.90386806142115,7.889649616533334
0.3225614089759571,0.376130128847952,0.266461642618454,0.3325030111045237,0.254934128738254,0.2386363059425575,0.5687368653615056,0.2952884059193955,0.1258615439253919,0.0557118673452403,260,1356.3243984666667,9.50483881971111,21.264383641635455,1.8967566940444445
0.3227805682235335,0.3581819485586875,0.2901848682314237,0.3413030864039255,0.2209495540887097,0.5293184059868333,0.4796349503727578,0.2963705638666494,0.1566957612377321,0.0322034324916706,320,1137.0051090111112,44.88227884433333,17.83422126049564,9.66815710182222
0.3227805682235335,0.3581819485586875,0.2901848682314237,0.3413030864039255,0.2209495540887097,0.5293184059868333,0.4796349503727578,0.2963705638666494,0.1566957612377321,0.0322034324916706,260,1336.7388067444444,6.902315721188889,22.743507179014,1.3934434732
0.3227805682235335,0.3581819485586875,0.2901848682314237,0.3413030864039255,0.2209495540887097,0.5293184059868333,0.4796349503727578,0.2963705638666494,0.1566957612377321,0.0322034324916706,280,1274.7722062777775,13.191421672,21.324593167560813,2.7923274235444446
0.3227805682235335,0.3581819485586875,0.2901848682314237,0.3413030864039255,0.2209495540887097,0.5293184059868333,0.4796349503727578,0.2963705638666494,0.1566957612377321,0.0322034324916706,300,1210.9897671,26.59098485011111,19.661878298229603,5.708774047588889
0.3227805682235335,0.3581819485586875,0.2901848682314237,0.3413030864039255,0.2209495540887097,0.5293184059868333,0.4796349503727578,0.2963705638666494,0.1566957612377321,0.0322034324916706,240,1395.116965977778,2.939566262788889,24.11231030192398,0.5604359935488888
0.3230135707957565,0.3983088107463419,0.306331182795547,0.2557620474934718,0.2435230678838026,0.4901430976615242,0.5420353193897823,0.2113222430192317,0.1974720718127675,0.0166626129448252,260,1298.811914388889,6.976492265155556,21.886769548244853,1.4099990649222225
0.3230135707957565,0.3983088107463419,0.306331182795547,0.2557620474934718,0.2435230678838026,0.4901430976615242,0.5420353193897823,0.2113222430192317,0.1974720718127675,0.0166626129448252,240,1354.4694495111107,3.0115397727222217,23.13766800049023,0.5751936448433332
0.3230135707957565,0.3983088107463419,0.306331182795547,0.2557620474934718,0.2435230678838026,0.4901430976615242,0.5420353193897823,0.2113222430192317,0.1974720718127675,0.0166626129448252,280,1241.0544440777778,14.689183146,20.50239250242568,3.0815100838777782
0.3230135707957565,0.3983088107463419,0.306331182795547,0.2557620474934718,0.2435230678838026,0.4901430976615242,0.5420353193897823,0.2113222430192317,0.1974720718127675,0.0166626129448252,300,1177.2432322444445,27.670883606444445,18.942766623284,5.912475744533333
0.3230135707957565,0.3983088107463419,0.306331182795547,0.2557620474934718,0.2435230678838026,0.4901430976615242,0.5420353193897823,0.2113222430192317,0.1974720718127675,0.0166626129448252,320,1105.4071338222222,48.97856926277778,17.052153465140538,10.418121690088888
0.331743445533543,0.3539895669773208,0.2977119214050337,0.2557043776126622,0.2782216870194621,0.3437851107534178,0.5738535398992463,0.2667178183577208,0.1296513723546269,0.0495973362331276,320,1109.5014080111112,61.63095096633334,16.18345210217244,12.635738792133331
0.331743445533543,0.3539895669773208,0.2977119214050337,0.2557043776126622,0.2782216870194621,0.3437851107534178,0.5738535398992463,0.2667178183577208,0.1296513723546269,0.0495973362331276,300,1196.9275426777776,35.83521695266666,18.270046015005583,7.422843258033334
0.331743445533543,0.3539895669773208,0.2977119214050337,0.2557043776126622,0.2782216870194621,0.3437851107534178,0.5738535398992463,0.2667178183577208,0.1296513723546269,0.0495973362331276,260,1331.4408367,9.388885854900002,21.55699307430577,1.8717683944666663
0.331743445533543,0.3539895669773208,0.2977119214050337,0.2557043776126622,0.2782216870194621,0.3437851107534178,0.5738535398992463,0.2667178183577208,0.1296513723546269,0.0495973362331276,280,1266.9809855555554,18.49462397011111,20.05805673420584,3.8117524227444446
0.331743445533543,0.3539895669773208,0.2977119214050337,0.2557043776126622,0.2782216870194621,0.3437851107534178,0.5738535398992463,0.2667178183577208,0.1296513723546269,0.0495973362331276,240,1394.288253422222,3.892048130611111,22.96182828186073,0.7376080004422223
0.3370682093855859,0.3148340114837655,0.3070345074382729,0.2574248480393719,0.2581723064122877,0.3605122246149951,0.4981483809453648,0.310813567091358,0.2845569484244774,0.0476344551470675,240,1405.7814393,3.527582374766667,23.864499685805733,0.6683659596744445
0.3370682093855859,0.3148340114837655,0.3070345074382729,0.2574248480393719,0.2581723064122877,0.3605122246149951,0.4981483809453648,0.310813567091358,0.2845569484244774,0.0476344551470675,300,1206.230043422222,30.37653175655556,19.146549157141592,6.4423028364777775
0.3370682093855859,0.3148340114837655,0.3070345074382729,0.2574248480393719,0.2581723064122877,0.3605122246149951,0.4981483809453648,0.310813567091358,0.2845569484244774,0.0476344551470675,320,1124.1358411333335,55.23802289822222,16.954168804221695,11.508031556755554
0.3370682093855859,0.3148340114837655,0.3070345074382729,0.2574248480393719,0.2581723064122877,0.3605122246149951,0.4981483809453648,0.310813567091358,0.2845569484244774,0.0476344551470675,260,1344.4319656222222,8.323645073700002,22.403777494777867,1.6652504960555554
0.3370682093855859,0.3148340114837655,0.3070345074382729,0.2574248480393719,0.2581723064122877,0.3605122246149951,0.4981483809453648,0.310813567091358,0.2845569484244774,0.0476344551470675,280,1279.8116046666669,17.405425845,20.820726382608704,3.591002110377778
0.3400253703853275,0.3614479339837756,0.2789939627587091,0.3177634403623443,0.2325847470392875,0.1956814297427002,0.5506148441647356,0.3316191087221128,0.1747441303602886,0.0183651142791113,300,1219.4091134111109,36.98970397733333,18.076180554676395,7.696328619588889
0.3400253703853275,0.3614479339837756,0.2789939627587091,0.3177634403623443,0.2325847470392875,0.1956814297427002,0.5506148441647356,0.3316191087221128,0.1747441303602886,0.0183651142791113,240,1429.6981959555555,3.8877313173,22.812469722633885,0.73811522799
0.3400253703853275,0.3614479339837756,0.2789939627587091,0.3177634403623443,0.2325847470392875,0.1956814297427002,0.5506148441647356,0.3316191087221128,0.1747441303602886,0.0183651142791113,280,1293.5088569666666,19.15163828644444,19.836173760450027,3.962652643033333
0.3400253703853275,0.3614479339837756,0.2789939627587091,0.3177634403623443,0.2325847470392875,0.1956814297427002,0.5506148441647356,0.3316191087221128,0.1747441303602886,0.0183651142791113,260,1364.722473922222,9.40451723741111,21.394223763268155,1.8786953215
0.3400253703853275,0.3614479339837756,0.2789939627587091,0.3177634403623443,0.2325847470392875,0.1956814297427002,0.5506148441647356,0.3316191087221128,0.1747441303602886,0.0183651142791113,320,1134.8251609555557,66.03775362799999,15.903219569622058,13.294019722377778
0.3423504811186106,0.3152653377603168,0.3021554385708928,0.2856806200857444,0.2293479396928408,0.3004145133746104,0.5938300155922767,0.2450341193166923,0.2284206523686126,0.0811791351028305,280,1273.2999611,22.368678689,19.56144931149589,4.523918431377778
0.3423504811186106,0.3152653377603168,0.3021554385708928,0.2856806200857444,0.2293479396928408,0.3004145133746104,0.5938300155922767,0.2450341193166923,0.2284206523686126,0.0811791351028305,260,1344.0115028555556,10.435655911522222,21.216782715038384,2.0696636662
0.3423504811186106,0.3152653377603168,0.3021554385708928,0.2856806200857444,0.2293479396928408,0.3004145133746104,0.5938300155922767,0.2450341193166923,0.2284206523686126,0.0811791351028305,240,1409.158300611111,4.239510013166666,22.731743245202036,0.8002429223744445
0.3423504811186106,0.3152653377603168,0.3021554385708928,0.2856806200857444,0.2293479396928408,0.3004145133746104,0.5938300155922767,0.2450341193166923,0.2284206523686126,0.0811791351028305,320,1097.1876650833335,74.40435799122224,15.248586805925427,14.570983268944444
0.3423504811186106,0.3152653377603168,0.3021554385708928,0.2856806200857444,0.2293479396928408,0.3004145133746104,0.5938300155922767,0.2450341193166923,0.2284206523686126,0.0811791351028305,300,1197.303386944444,43.43824455933333,17.60293260261548,8.719582690044446
0.3433200827379291,0.3328734247616617,0.2899930742050806,0.3178986138888259,0.2211053028041372,0.3882164360948424,0.6206412694499175,0.1668800292262426,0.2585898159182908,0.0444841758864419,240,1426.5543733777777,4.828368199000001,22.186373022066093,0.91104109221
0.3433200827379291,0.3328734247616617,0.2899930742050806,0.3178986138888259,0.2211053028041372,0.3882164360948424,0.6206412694499175,0.1668800292262426,0.2585898159182908,0.0444841758864419,320,1104.0783525744446,79.91353625855557,14.742374992419586,15.506062125844444
0.3433200827379291,0.3328734247616617,0.2899930742050806,0.3178986138888259,0.2211053028041372,0.3882164360948424,0.6206412694499175,0.1668800292262426,0.2585898159182908,0.0444841758864419,300,1204.6880753000005,46.54896379477778,17.05908201875678,9.326431447011112
0.3433200827379291,0.3328734247616617,0.2899930742050806,0.3178986138888259,0.2211053028041372,0.3882164360948424,0.6206412694499175,0.1668800292262426,0.2585898159182908,0.0444841758864419,260,1360.080400922222,12.01179839511111,20.69675938872197,2.362604305877777
0.3433200827379291,0.3328734247616617,0.2899930742050806,0.3178986138888259,0.2211053028041372,0.3882164360948424,0.6206412694499175,0.1668800292262426,0.2585898159182908,0.0444841758864419,280,1284.0729711666663,23.89747313333333,19.043103198915947,4.820206380988888
0.3442425520430093,0.3273657339106619,0.273261562034082,0.3331444224726982,0.2737243560919382,0.408753639536414,0.4625694124009646,0.3300418421988758,0.2571685895593619,0.0177723089486514,240,1417.8360699222224,3.316692454911111,23.457102380758656,0.6314262048288888
0.3442425520430093,0.3273657339106619,0.273261562034082,0.3331444224726982,0.2737243560919382,0.408753639536414,0.4625694124009646,0.3300418421988758,0.2571685895593619,0.0177723089486514,300,1215.562773611111,32.269947245000004,18.72452518376436,6.7986082854
0.3442425520430093,0.3273657339106619,0.273261562034082,0.3331444224726982,0.2737243560919382,0.408753639536414,0.4625694124009646,0.3300418421988758,0.2571685895593619,0.0177723089486514,280,1292.3159286,18.569569601222224,20.484011384663663,3.8289288186777775
0.3442425520430093,0.3273657339106619,0.273261562034082,0.3331444224726982,0.2737243560919382,0.408753639536414,0.4625694124009646,0.3300418421988758,0.2571685895593619,0.0177723089486514,320,1133.9403938,58.43544728166667,16.66811162435547,12.08216238262222
0.3442425520430093,0.3273657339106619,0.273261562034082,0.3331444224726982,0.2737243560919382,0.408753639536414,0.4625694124009646,0.3300418421988758,0.2571685895593619,0.0177723089486514,260,1357.4210969666667,8.900707459666666,22.031500847172968,1.7788902752777778
0.3511943630042339,0.3642519941273978,0.3102355771107638,0.2540736710028818,0.2003236927598838,0.3188778595752754,0.5439921132291393,0.1717957777586441,0.2905290947786528,0.0356032717767024,240,1403.0925746333337,4.388770538033333,22.475682989422644,0.8273105793844444
0.3511943630042339,0.3642519941273978,0.3102355771107638,0.2540736710028818,0.2003236927598838,0.3188778595752754,0.5439921132291393,0.1717957777586441,0.2905290947786528,0.0356032717767024,280,1272.5172139555557,20.10326730888889,19.569552354848675,4.1047749573
0.3511943630042339,0.3642519941273978,0.3102355771107638,0.2540736710028818,0.2003236927598838,0.3188778595752754,0.5439921132291393,0.1717957777586441,0.2905290947786528,0.0356032717767024,260,1339.221605933333,9.56711409677778,21.12986812517288,1.904635138355556
0.3511943630042339,0.3642519941273978,0.3102355771107638,0.2540736710028818,0.2003236927598838,0.3188778595752754,0.5439921132291393,0.1717957777586441,0.2905290947786528,0.0356032717767024,300,1194.5103196000002,38.68565202533333,17.716330554507536,7.939500796466667
0.3511943630042339,0.3642519941273978,0.3102355771107638,0.2540736710028818,0.2003236927598838,0.3188778595752754,0.5439921132291393,0.1717957777586441,0.2905290947786528,0.0356032717767024,320,1111.3144768,68.09029699766666,15.572578555754092,13.564632171511112
0.3607642060480266,0.3561689199853513,0.2790327373687209,0.3344441564598607,0.2165980562832299,0.4480636385554161,0.286769666890844,0.2314821090827346,0.1829421797510118,0.063591931950982,260,1354.3587507888888,10.455053905211107,21.264304285491725,2.074572130644444
0.3607642060480266,0.3561689199853513,0.2790327373687209,0.3344441564598607,0.2165980562832299,0.4480636385554161,0.286769666890844,0.2314821090827346,0.1829421797510118,0.063591931950982,240,1419.3160319,4.252883596722223,22.698175835955524,0.8059847578266667
0.3607642060480266,0.3561689199853513,0.2790327373687209,0.3344441564598607,0.2165980562832299,0.4480636385554161,0.286769666890844,0.2314821090827346,0.1829421797510118,0.063591931950982,280,1287.9569858333334,20.677902861,19.755959789105667,4.229689566911111
0.3607642060480266,0.3561689199853513,0.2790327373687209,0.3344441564598607,0.2165980562832299,0.4480636385554161,0.286769666890844,0.2314821090827346,0.1829421797510118,0.063591931950982,300,1210.260681611111,37.54665066977777,17.956287358512643,7.763622426033332
0.3607642060480266,0.3561689199853513,0.2790327373687209,0.3344441564598607,0.2165980562832299,0.4480636385554161,0.286769666890844,0.2314821090827346,0.1829421797510118,0.063591931950982,320,1123.7588324333333,67.76744031644445,15.76096544189746,13.58729039672222
0.3632704604404919,0.3460629630510791,0.3100206555352976,0.2790423606479242,0.1634107212025384,0.3786651746300549,0.4484970193600356,0.1920631383078829,0.1600711927863958,0.0232867290262625,300,1190.8504488,48.816353943888885,16.813796597332296,9.62047655667778
0.3632704604404919,0.3460629630510791,0.3100206555352976,0.2790423606479242,0.1634107212025384,0.3786651746300549,0.4484970193600356,0.1920631383078829,0.1600711927863958,0.0232867290262625,260,1339.5448157444446,12.46907367588889,20.44220966855139,2.4430281819555555
0.3632704604404919,0.3460629630510791,0.3100206555352976,0.2790423606479242,0.1634107212025384,0.3786651746300549,0.4484970193600356,0.1920631383078829,0.1600711927863958,0.0232867290262625,320,1086.6940950077776,79.18920699711111,14.570247080026329,15.481633372033334
0.3632704604404919,0.3460629630510791,0.3100206555352976,0.2790423606479242,0.1634107212025384,0.3786651746300549,0.4484970193600356,0.1920631383078829,0.1600711927863958,0.0232867290262625,240,1405.6837462777776,4.982651713155556,21.869219145256803,0.9372541492844444
0.3632704604404919,0.3460629630510791,0.3100206555352976,0.2790423606479242,0.1634107212025384,0.3786651746300549,0.4484970193600356,0.1920631383078829,0.1600711927863958,0.0232867290262625,280,1266.8406548666665,24.908319960111108,18.75773787596425,4.982885461
0.3672579957450696,0.320412591836011,0.2768546057735977,0.3440158889526976,0.2603857652037302,0.4037170175721805,0.559734655199141,0.243493669925853,0.1262838559362341,0.0759539535185606,240,1375.6717826555555,3.7220452715333328,22.611100455395807,0.7072174902300001
0.3672579957450696,0.320412591836011,0.2768546057735977,0.3440158889526976,0.2603857652037302,0.4037170175721805,0.559734655199141,0.243493669925853,0.1262838559362341,0.0759539535185606,280,1246.3459681888892,18.800854974888885,19.686761991706824,3.8820221201444447
0.3672579957450696,0.320412591836011,0.2768546057735977,0.3440158889526976,0.2603857652037302,0.4037170175721805,0.559734655199141,0.243493669925853,0.1262838559362341,0.0759539535185606,320,1093.4092718555555,67.66489195333334,15.700940020017075,13.577957421211112
0.3672579957450696,0.320412591836011,0.2768546057735977,0.3440158889526976,0.2603857652037302,0.4037170175721805,0.559734655199141,0.243493669925853,0.1262838559362341,0.0759539535185606,260,1317.1680675222224,9.498613770944443,21.248650410885343,1.894290123788889
0.3672579957450696,0.320412591836011,0.2768546057735977,0.3440158889526976,0.2603857652037302,0.4037170175721805,0.559734655199141,0.243493669925853,0.1262838559362341,0.0759539535185606,300,1176.8044533222223,37.78565750533333,17.86859864515294,7.782444334266667
0.3709914938678929,0.3582032669960567,0.292007905449209,0.2879858590454895,0.2404429697514938,0.2747629457307486,0.5894187811627875,0.2046812378888165,0.1351681623743766,0.0282058692865934,260,1354.4510053777778,9.370350106311111,21.040500547071563,1.868051354588889
0.3709914938678929,0.3582032669960567,0.292007905449209,0.2879858590454895,0.2404429697514938,0.2747629457307486,0.5894187811627875,0.2046812378888165,0.1351681623743766,0.0282058692865934,280,1287.4799941777778,21.58028910777778,19.44292138476339,4.399427672033334
0.3709914938678929,0.3582032669960567,0.292007905449209,0.2879858590454895,0.2404429697514938,0.2747629457307486,0.5894187811627875,0.2046812378888165,0.1351681623743766,0.0282058692865934,320,1127.218364522222,71.19260124411112,15.525686963079243,14.204309094966668
0.3709914938678929,0.3582032669960567,0.292007905449209,0.2879858590454895,0.2404429697514938,0.2747629457307486,0.5894187811627875,0.2046812378888165,0.1351681623743766,0.0282058692865934,300,1213.1380043,39.91979228833333,17.658192363741083,8.184073909788891
0.3709914938678929,0.3582032669960567,0.292007905449209,0.2879858590454895,0.2404429697514938,0.2747629457307486,0.5894187811627875,0.2046812378888165,0.1351681623743766,0.0282058692865934,240,1419.8705606,4.154533198744444,22.37067565272204,0.7872279983244445
0.3740502316643149,0.3125441572802551,0.2857327643582421,0.3219093329887962,0.2965979267614364,0.6089675709751025,0.4596784458997188,0.2566461342710023,0.2410456496399024,0.0421920814316102,300,1201.9617105555556,20.036899458777786,20.79669249665217,4.420047695033333
0.3740502316643149,0.3125441572802551,0.2857327643582421,0.3219093329887962,0.2965979267614364,0.6089675709751025,0.4596784458997188,0.2566461342710023,0.2410456496399024,0.0421920814316102,260,1317.2234283555556,5.198926321055555,23.704300757242365,1.0580627877755555
0.3740502316643149,0.3125441572802551,0.2857327643582421,0.3219093329887962,0.2965979267614364,0.6089675709751025,0.4596784458997188,0.2566461342710023,0.2410456496399024,0.0421920814316102,280,1262.4671198666667,11.1722841042,22.35735086978345,2.377693084
0.3740502316643149,0.3125441572802551,0.2857327643582421,0.3219093329887962,0.2965979267614364,0.6089675709751025,0.4596784458997188,0.2566461342710023,0.2410456496399024,0.0421920814316102,240,1369.2137529555555,2.8325707599444443,24.90221301815596,0.5397768355933333
0.3740502316643149,0.3125441572802551,0.2857327643582421,0.3219093329887962,0.2965979267614364,0.6089675709751025,0.4596784458997188,0.2566461342710023,0.2410456496399024,0.0421920814316102,320,1139.9344342666666,35.64172529422222,19.169393945751214,7.895831432066667
0.3772273602824647,0.3482388989847737,0.2698422465775083,0.2971729465697436,0.2956561195301252,0.2332767328264822,0.5564703330519406,0.2598587021595396,0.2618053697832217,0.0354520420485909,320,1129.3098135333337,59.59852818255556,16.28322312332316,12.308363877477776
0.3772273602824647,0.3482388989847737,0.2698422465775083,0.2971729465697436,0.2956561195301252,0.2332767328264822,0.5564703330519406,0.2598587021595396,0.2618053697832217,0.0354520420485909,280,1287.7882552555554,19.44635897166667,19.96701591538697,3.991409968366666
0.3772273602824647,0.3482388989847737,0.2698422465775083,0.2971729465697436,0.2956561195301252,0.2332767328264822,0.5564703330519406,0.2598587021595396,0.2618053697832217,0.0354520420485909,260,1350.7430366,8.622115069966666,21.51064016812805,1.7340650971111111
0.3772273602824647,0.3482388989847737,0.2698422465775083,0.2971729465697436,0.2956561195301252,0.2332767328264822,0.5564703330519406,0.2598587021595396,0.2618053697832217,0.0354520420485909,240,1412.121740111111,3.795756833944445,22.83873238662421,0.7206155252744444
0.3772273602824647,0.3482388989847737,0.2698422465775083,0.2971729465697436,0.2956561195301252,0.2332767328264822,0.5564703330519406,0.2598587021595396,0.2618053697832217,0.0354520420485909,300,1212.757232266667,34.646028654111106,18.284543882479127,7.265036599666667
0.3876363787051363,0.3043578215284562,0.2685099446934605,0.3276689075172922,0.2744806113839841,0.3292507278195087,0.6002961385090668,0.2847226928511601,0.2000074201163062,0.038998527532467,280,1289.646463788889,17.781166890999998,20.284977897483547,3.677641486444444
0.3876363787051363,0.3043578215284562,0.2685099446934605,0.3276689075172922,0.2744806113839841,0.3292507278195087,0.6002961385090668,0.2847226928511601,0.2000074201163062,0.038998527532467,260,1351.0926431888888,8.306458972055555,21.766535173607952,1.6695471038777776
0.3876363787051363,0.3043578215284562,0.2685099446934605,0.3276689075172922,0.2744806113839841,0.3292507278195087,0.6002961385090668,0.2847226928511601,0.2000074201163062,0.038998527532467,240,1415.072027422222,3.601411310811111,23.16233726339911,0.6845232550955557
0.3876363787051363,0.3043578215284562,0.2685099446934605,0.3276689075172922,0.2744806113839841,0.3292507278195087,0.6002961385090668,0.2847226928511601,0.2000074201163062,0.038998527532467,320,1133.8349089555556,59.66195650911112,16.50040567159514,12.262396706844443
0.3876363787051363,0.3043578215284562,0.2685099446934605,0.3276689075172922,0.2744806113839841,0.3292507278195087,0.6002961385090668,0.2847226928511601,0.2000074201163062,0.038998527532467,300,1212.7849961222223,32.46478435877778,18.54440843887865,6.822723051033334
0.3937487947709787,0.30772875588422,0.2935530809837501,0.2859429525605701,0.240829262851527,0.1885050055907812,0.48853635889004,0.2979323396137118,0.3189174532012245,0.0222914074389087,280,1285.9768476444444,20.023868418777777,19.81814356299341,4.113580168466666
0.3937487947709787,0.30772875588422,0.2935530809837501,0.2859429525605701,0.240829262851527,0.1885050055907812,0.48853635889004,0.2979323396137118,0.3189174532012245,0.0222914074389087,320,1119.827024388889,68.74639639822223,15.739810771374332,13.811286575544443
0.3937487947709787,0.30772875588422,0.2935530809837501,0.2859429525605701,0.240829262851527,0.1885050055907812,0.48853635889004,0.2979323396137118,0.3189174532012245,0.0222914074389087,260,1352.8794692222225,10.053849911555556,21.3625107627242,1.993691571111111
0.3937487947709787,0.30772875588422,0.2935530809837501,0.2859429525605701,0.240829262851527,0.1885050055907812,0.48853635889004,0.2979323396137118,0.3189174532012245,0.0222914074389087,300,1211.4061270777777,39.50271451333333,17.971754446279334,8.095996739544445
0.3937487947709787,0.30772875588422,0.2935530809837501,0.2859429525605701,0.240829262851527,0.1885050055907812,0.48853635889004,0.2979323396137118,0.3189174532012245,0.0222914074389087,240,1420.7528455444442,4.103313662455554,22.85154858776052,0.7758002340444444
0.3950419231527995,0.3108035897237445,0.3123795829525662,0.3212863704942976,0.1620623128445352,0.5556233547040067,0.1911143607787047,0.2001950945114944,0.2833637368462915,0.0353390542473003,280,1264.0243041222225,12.564564509455556,21.46352361745047,2.660357722566667
0.3950419231527995,0.3108035897237445,0.3123795829525662,0.3212863704942976,0.1620623128445352,0.5556233547040067,0.1911143607787047,0.2001950945114944,0.2833637368462915,0.0353390542473003,320,1136.4253627666667,45.233982855,18.032465673199617,9.687677105477778
0.3950419231527995,0.3108035897237445,0.3123795829525662,0.3212863704942976,0.1620623128445352,0.5556233547040067,0.1911143607787047,0.2001950945114944,0.2833637368462915,0.0353390542473003,300,1201.760913222222,24.11261091755556,19.88972671562782,5.229648161044445
0.3950419231527995,0.3108035897237445,0.3123795829525662,0.3212863704942976,0.1620623128445352,0.5556233547040067,0.1911143607787047,0.2001950945114944,0.2833637368462915,0.0353390542473003,240,1379.7342961333334,2.9204090917888887,24.129842925351124,0.55634825992
0.3950419231527995,0.3108035897237445,0.3123795829525662,0.3212863704942976,0.1620623128445352,0.5556233547040067,0.1911143607787047,0.2001950945114944,0.2833637368462915,0.0353390542473003,260,1324.5504014444443,6.992421387311111,22.84211438480908,1.4065097523055554
0.3114912794948335,0.3893462610991526,0.2861000098833113,0.2630713975771135,0.2818446715845797,0.5760977370745238,0.3391178153646914,0.2494896536232512,0.2178941877550795,0.0509429615731058,240,1393.850465177778,4.288518884655556,22.543646570969837,0.8124310895066665
0.3114912794948335,0.3893462610991526,0.2861000098833113,0.2630713975771135,0.2818446715845797,0.5760977370745238,0.3391178153646914,0.2494896536232512,0.2178941877550795,0.0509429615731058,260,1332.3157187777776,9.895549622933334,21.22966537202321,1.9745185300333328
0.3114912794948335,0.3893462610991526,0.2861000098833113,0.2630713975771135,0.2818446715845797,0.5760977370745238,0.3391178153646914,0.2494896536232512,0.2178941877550795,0.0509429615731058,280,1264.8131187555557,18.984847296,19.692504286595074,3.9269927396666655
0.3114912794948335,0.3893462610991526,0.2861000098833113,0.2630713975771135,0.2818446715845797,0.5760977370745238,0.3391178153646914,0.2494896536232512,0.2178941877550795,0.0509429615731058,300,1192.8238632777775,37.27571707233333,17.93636850334157,7.741608823644445
0.3114912794948335,0.3893462610991526,0.2861000098833113,0.2630713975771135,0.2818446715845797,0.5760977370745238,0.3391178153646914,0.2494896536232512,0.2178941877550795,0.0509429615731058,320,1108.6360543888889,65.19448556988891,15.80836855529296,13.212588460444444
0.319705642252247,0.3857556667499326,0.2792289328607589,0.3068337757330162,0.2872140340642444,0.3464905001573259,0.5829538351796646,0.1750754015169958,0.3310201849812191,0.0336946545151521,320,1095.8683333933332,65.086942338,15.756645050607355,13.166925545944444
0.319705642252247,0.3857556667499326,0.2792289328607589,0.3068337757330162,0.2872140340642444,0.3464905001573259,0.5829538351796646,0.1750754015169958,0.3310201849812191,0.0336946545151521,260,1307.5268955444444,9.149624273644443,21.047929457215584,1.830314223388889
0.319705642252247,0.3857556667499326,0.2792289328607589,0.3068337757330162,0.2872140340642444,0.3464905001573259,0.5829538351796646,0.1750754015169958,0.3310201849812191,0.0336946545151521,300,1175.701229877778,37.94701771155556,17.789891761888256,7.856479519033334
0.319705642252247,0.3857556667499326,0.2792289328607589,0.3068337757330162,0.2872140340642444,0.3464905001573259,0.5829538351796646,0.1750754015169958,0.3310201849812191,0.0336946545151521,240,1368.3526910777775,3.987986986011112,22.354640256920664,0.7559656567277777
0.319705642252247,0.3857556667499326,0.2792289328607589,0.3068337757330162,0.2872140340642444,0.3464905001573259,0.5829538351796646,0.1750754015169958,0.3310201849812191,0.0336946545151521,280,1243.6638784222223,19.67609355244445,19.52547128434256,4.0488236799
0.3266654982798959,0.348777841041016,0.3141641941326973,0.2559352381771582,0.2045409026829018,0.4123094672909869,0.2928021288380735,0.3207414019171362,0.2071856353519446,0.0721377975286792,320,1141.4646210444444,51.099784080333336,17.495923882633374,10.77955371198889
0.3266654982798959,0.348777841041016,0.3141641941326973,0.2559352381771582,0.2045409026829018,0.4123094672909869,0.2928021288380735,0.3207414019171362,0.2071856353519446,0.0721377975286792,260,1350.2118023333333,7.104134212866667,22.736195108591097,1.4305470958500002
0.3266654982798959,0.348777841041016,0.3141641941326973,0.2559352381771582,0.2045409026829018,0.4123094672909869,0.2928021288380735,0.3207414019171362,0.2071856353519446,0.0721377975286792,300,1218.9553517333331,29.077734728,19.48087950989874,6.157316728788889
0.3266654982798959,0.348777841041016,0.3141641941326973,0.2559352381771582,0.2045409026829018,0.4123094672909869,0.2928021288380735,0.3207414019171362,0.2071856353519446,0.0721377975286792,240,1411.4233883555555,3.296930503722222,24.105676804647658,0.6260532414455555
0.3266654982798959,0.348777841041016,0.3141641941326973,0.2559352381771582,0.2045409026829018,0.4123094672909869,0.2928021288380735,0.3207414019171362,0.2071856353519446,0.0721377975286792,280,1287.3822569666668,15.384746705222222,21.20059638440093,3.2136318866111115
0.3283875391623463,0.3692805190954888,0.301958861557224,0.2589395149485435,0.2413076722397659,0.3174924623636629,0.3846884978033854,0.3233713700903214,0.2496304828351536,0.0221081734916188,300,1204.8358093777777,31.508273462222224,18.772250646991203,6.652218543811111
0.3283875391623463,0.3692805190954888,0.301958861557224,0.2589395149485435,0.2413076722397659,0.3174924623636629,0.3846884978033854,0.3233713700903214,0.2496304828351536,0.0221081734916188,320,1127.1321229222222,57.177070372,16.686919978835736,11.81233340591111
0.3283875391623463,0.3692805190954888,0.301958861557224,0.2589395149485435,0.2413076722397659,0.3174924623636629,0.3846884978033854,0.3233713700903214,0.2496304828351536,0.0221081734916188,280,1275.2531082444443,17.615030040777775,20.406080772312787,3.6432901465777774
0.3283875391623463,0.3692805190954888,0.301958861557224,0.2589395149485435,0.2413076722397659,0.3174924623636629,0.3846884978033854,0.3233713700903214,0.2496304828351536,0.0221081734916188,260,1337.9895378555557,8.157899247977777,21.929334939260954,1.6423598841111111
0.3283875391623463,0.3692805190954888,0.301958861557224,0.2589395149485435,0.2413076722397659,0.3174924623636629,0.3846884978033854,0.3233713700903214,0.2496304828351536,0.0221081734916188,240,1399.1537695000002,3.4940860275,23.28247636455877,0.6647329156277778
0.3328368709188341,0.3779397025592545,0.3023966471338451,0.2688783087853647,0.2421506761588854,0.6136892992683808,0.497747241523766,0.1622324649682516,0.1707238360815783,0.0325511017457066,260,1351.5396575444445,8.622865651433331,21.616841794201967,1.725867741111111
0.3328368709188341,0.3779397025592545,0.3023966471338451,0.2688783087853647,0.2421506761588854,0.6136892992683808,0.497747241523766,0.1622324649682516,0.1707238360815783,0.0325511017457066,280,1290.898687633333,18.117460559,20.219493563374705,3.756660067811111
0.3328368709188341,0.3779397025592545,0.3023966471338451,0.2688783087853647,0.2421506761588854,0.6136892992683808,0.497747241523766,0.1622324649682516,0.1707238360815783,0.0325511017457066,300,1217.038313611111,32.48931372999999,18.54301156559653,6.867017721155556
0.3328368709188341,0.3779397025592545,0.3023966471338451,0.2688783087853647,0.2421506761588854,0.6136892992683808,0.497747241523766,0.1622324649682516,0.1707238360815783,0.0325511017457066,240,1414.687401411111,3.900437544444444,23.00499879628692,0.7385024495466667
0.3328368709188341,0.3779397025592545,0.3023966471338451,0.2688783087853647,0.2421506761588854,0.6136892992683808,0.497747241523766,0.1622324649682516,0.1707238360815783,0.0325511017457066,320,1137.1865617333333,57.82369591455556,16.489080626046324,12.00268242648889
0.3334339452795705,0.3920535954099078,0.2727344917178161,0.32157705307208,0.2403020925065943,0.3032987419856679,0.3490554633728396,0.3267507419790275,0.1455666849253844,0.0499415278999501,240,1399.2615892666663,4.208284400611111,22.5650847140906,0.7967061668777778
0.3334339452795705,0.3920535954099078,0.2727344917178161,0.32157705307208,0.2403020925065943,0.3032987419856679,0.3490554633728396,0.3267507419790275,0.1455666849253844,0.0499415278999501,260,1336.1874570222224,9.910213920511111,21.155232545578297,1.971290825388889
0.3334339452795705,0.3920535954099078,0.2727344917178161,0.32157705307208,0.2403020925065943,0.3032987419856679,0.3490554633728396,0.3267507419790275,0.1455666849253844,0.0499415278999501,300,1199.2266413,38.49640584155556,17.86070936110312,7.914581169888888
0.3334339452795705,0.3920535954099078,0.2727344917178161,0.32157705307208,0.2403020925065943,0.3032987419856679,0.3490554633728396,0.3267507419790275,0.1455666849253844,0.0499415278999501,320,1113.9585441444449,65.18613314733334,15.84426604579638,13.212327969877778
0.3334339452795705,0.3920535954099078,0.2727344917178161,0.32157705307208,0.2403020925065943,0.3032987419856679,0.3490554633728396,0.3267507419790275,0.1455666849253844,0.0499415278999501,280,1271.3136511333337,21.185308321444445,19.626701039826468,4.332484472033333
0.338309587691679,0.3040518202642295,0.2802745164440351,0.3449777308096444,0.2516241400208082,0.5514474725053592,0.4950384417321918,0.2349078704977488,0.3046206918268337,0.068781147283844,280,1263.3166590666667,17.054422334222224,20.47925702004169,3.5567844048
0.338309587691679,0.3040518202642295,0.2802745164440351,0.3449777308096444,0.2516241400208082,0.5514474725053592,0.4950384417321918,0.2349078704977488,0.3046206918268337,0.068781147283844,300,1191.150633288889,33.24776319866667,18.65509592160236,6.961913718144445
0.338309587691679,0.3040518202642295,0.2802745164440351,0.3449777308096444,0.2516241400208082,0.5514474725053592,0.4950384417321918,0.2349078704977488,0.3046206918268337,0.068781147283844,260,1326.2449006444444,8.225646168144445,21.987723102113428,1.6517303886444443
0.338309587691679,0.3040518202642295,0.2802745164440351,0.3449777308096444,0.2516241400208082,0.5514474725053592,0.4950384417321918,0.2349078704977488,0.3046206918268337,0.068781147283844,320,1108.3013771222222,60.616426699,16.444980902268966,12.389273067944444
0.338309587691679,0.3040518202642295,0.2802745164440351,0.3449777308096444,0.2516241400208082,0.5514474725053592,0.4950384417321918,0.2349078704977488,0.3046206918268337,0.068781147283844,240,1388.316169411111,3.640784717744444,23.37077483152685,0.6917990529477778
0.3392378578526103,0.3803273010843002,0.2502834907248907,0.3479788492969837,0.2848045986783765,0.2164217895305478,0.5236285738393167,0.2834148027545779,0.2001399885472558,0.0648361881820424,240,1402.219393933333,3.4728116361555554,23.340974879320225,0.6596859659088888
0.3392378578526103,0.3803273010843002,0.2502834907248907,0.3479788492969837,0.2848045986783765,0.2164217895305478,0.5236285738393167,0.2834148027545779,0.2001399885472558,0.0648361881820424,260,1343.9547678666663,7.509521041522221,22.0389535978661,1.5135672322111111
0.3392378578526103,0.3803273010843002,0.2502834907248907,0.3479788492969837,0.2848045986783765,0.2164217895305478,0.5236285738393167,0.2834148027545779,0.2001399885472558,0.0648361881820424,300,1213.002964677778,29.167267137666663,19.004575274417483,6.218589768822222
0.3392378578526103,0.3803273010843002,0.2502834907248907,0.3479788492969837,0.2848045986783765,0.2164217895305478,0.5236285738393167,0.2834148027545779,0.2001399885472558,0.0648361881820424,320,1138.7547495666668,53.167122657,17.016002117123573,11.163269307444445
0.3392378578526103,0.3803273010843002,0.2502834907248907,0.3479788492969837,0.2848045986783765,0.2164217895305478,0.5236285738393167,0.2834148027545779,0.2001399885472558,0.0648361881820424,280,1280.0264791555555,15.554077721888884,20.595365924454494,3.2617243367333333
0.3454044703385047,0.3610193846845592,0.269260245011239,0.3339001238878726,0.2606453389687124,0.3971699151272747,0.205145009696492,0.3254242887003638,0.3193486667292341,0.0503477934187752,280,1267.6735597222223,18.89094064311111,20.149938510882286,3.895623783
0.3454044703385047,0.3610193846845592,0.269260245011239,0.3339001238878726,0.2606453389687124,0.3971699151272747,0.205145009696492,0.3254242887003638,0.3193486667292341,0.0503477934187752,260,1333.2599987666667,8.95447245881111,21.66928756977524,1.7885948787444443
0.3454044703385047,0.3610193846845592,0.269260245011239,0.3339001238878726,0.2606453389687124,0.3971699151272747,0.205145009696492,0.3254242887003638,0.3193486667292341,0.0503477934187752,240,1391.6754294222224,3.8117787829222234,23.030057506948086,0.7241956778977778
0.3454044703385047,0.3610193846845592,0.269260245011239,0.3339001238878726,0.2606453389687124,0.3971699151272747,0.205145009696492,0.3254242887003638,0.3193486667292341,0.0503477934187752,300,1194.0083611555556,34.94438970977778,18.351018189933715,7.284892087699999
0.3454044703385047,0.3610193846845592,0.269260245011239,0.3339001238878726,0.2606453389687124,0.3971699151272747,0.205145009696492,0.3254242887003638,0.3193486667292341,0.0503477934187752,320,1109.8361002444444,61.72895224677778,16.21348290061893,12.650706850655554
0.348324237609241,0.3343773445106475,0.3019272312407566,0.2556116870066411,0.2835549027407311,0.5995798117066462,0.5128287112049014,0.1455401673324674,0.3230171323535321,0.0520243543575679,280,1264.6343651666666,20.05076736111111,19.580675421922205,4.128448908922223
0.348324237609241,0.3343773445106475,0.3019272312407566,0.2556116870066411,0.2835549027407311,0.5995798117066462,0.5128287112049014,0.1455401673324674,0.3230171323535321,0.0520243543575679,260,1335.2329109333334,10.376445075388888,21.160385087433472,2.0568389097222224
0.348324237609241,0.3343773445106475,0.3019272312407566,0.2556116870066411,0.2835549027407311,0.5995798117066462,0.5128287112049014,0.1455401673324674,0.3230171323535321,0.0520243543575679,320,1100.5178317444447,67.56581225566667,15.593603429920488,13.6615879256
0.348324237609241,0.3343773445106475,0.3019272312407566,0.2556116870066411,0.2835549027407311,0.5995798117066462,0.5128287112049014,0.1455401673324674,0.3230171323535321,0.0520243543575679,240,1396.9805208333332,4.545488285733334,22.57052969096426,0.8571152128444444
0.348324237609241,0.3343773445106475,0.3019272312407566,0.2556116870066411,0.2835549027407311,0.5995798117066462,0.5128287112049014,0.1455401673324674,0.3230171323535321,0.0520243543575679,300,1184.1460673555555,36.451405703888895,17.811302253176557,7.577404560133333
0.348455102653383,0.3916197835683823,0.2842093689632073,0.3192350081075871,0.2138645505279579,0.305385832505705,0.4923136044332921,0.2125304822764468,0.2363937893655044,0.0236548420764053,260,1320.1728064222225,8.574258040777778,21.35441108829348,1.714957482988889
0.348455102653383,0.3916197835683823,0.2842093689632073,0.3192350081075871,0.2138645505279579,0.305385832505705,0.4923136044332921,0.2125304822764468,0.2363937893655044,0.0236548420764053,240,1377.9962725888888,4.080219216222222,22.61339665039609,0.7726144244444445
0.348455102653383,0.3916197835683823,0.2842093689632073,0.3192350081075871,0.2138645505279579,0.305385832505705,0.4923136044332921,0.2125304822764468,0.2363937893655044,0.0236548420764053,320,1113.528645211111,56.50847138188889,16.38584149948378,11.766468069133332
0.348455102653383,0.3916197835683823,0.2842093689632073,0.3192350081075871,0.2138645505279579,0.305385832505705,0.4923136044332921,0.2125304822764468,0.2363937893655044,0.0236548420764053,280,1258.936355988889,17.71321181511111,19.934907977113443,3.670652513966667
0.348455102653383,0.3916197835683823,0.2842093689632073,0.3192350081075871,0.2138645505279579,0.305385832505705,0.4923136044332921,0.2125304822764468,0.2363937893655044,0.0236548420764053,300,1192.179642911111,33.62799382633334,18.29206885823346,7.064893961088889
0.3552413967508545,0.3207107606792249,0.3147633488560926,0.2678546462379876,0.2329225023395704,0.5608079462103877,0.2500618092322209,0.2291614745566313,0.2881672646408356,0.0401759376469429,320,1082.6278023477778,72.38716907777778,15.398231417128583,14.189844664455554
0.3552413967508545,0.3207107606792249,0.3147633488560926,0.2678546462379876,0.2329225023395704,0.5608079462103877,0.2500618092322209,0.2291614745566313,0.2881672646408356,0.0401759376469429,300,1168.3195737333333,38.704009455333335,17.73684045006312,7.945090503155555
0.3552413967508545,0.3207107606792249,0.3147633488560926,0.2678546462379876,0.2329225023395704,0.5608079462103877,0.2500618092322209,0.2291614745566313,0.2881672646408356,0.0401759376469429,280,1248.176564988889,21.79914033577777,19.612073576669133,4.421754232933334
0.3552413967508545,0.3207107606792249,0.3147633488560926,0.2678546462379876,0.2329225023395704,0.5608079462103877,0.2500618092322209,0.2291614745566313,0.2881672646408356,0.0401759376469429,240,1376.803283355555,4.020796774177778,22.65868862768476,0.7611851682566667
0.3552413967508545,0.3207107606792249,0.3147633488560926,0.2678546462379876,0.2329225023395704,0.5608079462103877,0.2500618092322209,0.2291614745566313,0.2881672646408356,0.0401759376469429,260,1314.4692555,9.673902418111112,21.265918460424157,1.9229490201444444
0.3618272348107913,0.3388016724701451,0.2934552344047607,0.3430489139985368,0.154021269177524,0.508934639971576,0.2071196975481873,0.2693393683517874,0.1983007717304216,0.0287315461223217,320,1098.9658357111111,65.36513617088889,15.804387789312738,13.10958545202222
0.3618272348107913,0.3388016724701451,0.2934552344047607,0.3430489139985368,0.154021269177524,0.508934639971576,0.2071196975481873,0.2693393683517874,0.1983007717304216,0.0287315461223217,260,1324.4382043666667,9.519086560055555,21.30424080661672,1.8897197816777775
0.3618272348107913,0.3388016724701451,0.2934552344047607,0.3430489139985368,0.154021269177524,0.508934639971576,0.2071196975481873,0.2693393683517874,0.1983007717304216,0.0287315461223217,280,1256.395666088889,19.385686560666667,19.74525230234759,3.982508770755556
0.3618272348107913,0.3388016724701451,0.2934552344047607,0.3430489139985368,0.154021269177524,0.508934639971576,0.2071196975481873,0.2693393683517874,0.1983007717304216,0.0287315461223217,300,1186.9123184888886,38.17054134722223,17.936212021260673,7.827050691166668
0.3618272348107913,0.3388016724701451,0.2934552344047607,0.3430489139985368,0.154021269177524,0.508934639971576,0.2071196975481873,0.2693393683517874,0.1983007717304216,0.0287315461223217,240,1388.9383131777777,3.947080116944444,22.72757821573912,0.7461140727122223
0.3683239846779239,0.3663609887681887,0.2621427653663385,0.3402649898842335,0.2878038978464834,0.3233455179918396,0.5743707695880608,0.1361682134343307,0.2632441680699668,0.0507814271490679,300,1178.669157777778,36.027404840777784,17.774235106781685,7.48478664408889
0.3683239846779239,0.3663609887681887,0.2621427653663385,0.3402649898842335,0.2878038978464834,0.3233455179918396,0.5743707695880608,0.1361682134343307,0.2632441680699668,0.0507814271490679,260,1311.2353053444444,9.912127683522224,20.925530224155203,1.976444578333333
0.3683239846779239,0.3663609887681887,0.2621427653663385,0.3402649898842335,0.2878038978464834,0.3233455179918396,0.5743707695880608,0.1361682134343307,0.2632441680699668,0.0507814271490679,280,1246.7913311999998,19.55636295211111,19.42065791056239,4.0211519141666665
0.3683239846779239,0.3663609887681887,0.2621427653663385,0.3402649898842335,0.2878038978464834,0.3233455179918396,0.5743707695880608,0.1361682134343307,0.2632441680699668,0.0507814271490679,240,1371.7352558888888,4.494323626777778,22.20575059757266,0.848625234798889
0.3683239846779239,0.3663609887681887,0.2621427653663385,0.3402649898842335,0.2878038978464834,0.3233455179918396,0.5743707695880608,0.1361682134343307,0.2632441680699668,0.0507814271490679,320,1101.1828167555557,65.6582466471111,15.723597466705574,13.19861169838889
0.3707729561196776,0.3546134860167373,0.2751053753324921,0.3398749083465768,0.2313767251551134,0.5478486038194859,0.21660796382108,0.1451309950138598,0.304673864943038,0.0749072922170377,320,1106.1881536,68.81725573144443,15.469826411320083,13.784351997277778
0.3707729561196776,0.3546134860167373,0.2751053753324921,0.3398749083465768,0.2313767251551134,0.5478486038194859,0.21660796382108,0.1451309950138598,0.304673864943038,0.0749072922170377,280,1263.1567882000002,20.375272211111117,19.374702240760275,4.184147523522221
0.3707729561196776,0.3546134860167373,0.2751053753324921,0.3398749083465768,0.2313767251551134,0.5478486038194859,0.21660796382108,0.1451309950138598,0.304673864943038,0.0749072922170377,240,1394.582995388889,4.343280079988889,22.28097523095233,0.8215220300733332
0.3707729561196776,0.3546134860167373,0.2751053753324921,0.3398749083465768,0.2313767251551134,0.5478486038194859,0.21660796382108,0.1451309950138598,0.304673864943038,0.0749072922170377,300,1188.949619011111,38.86684412122222,17.64240565942911,8.019050635633334
0.3707729561196776,0.3546134860167373,0.2751053753324921,0.3398749083465768,0.2313767251551134,0.5478486038194859,0.21660796382108,0.1451309950138598,0.304673864943038,0.0749072922170377,260,1334.4514227777777,10.334253412455556,20.94356834930789,2.0532265295666665
0.3745147778484348,0.3754395219500661,0.2981773161945193,0.2606847950246527,0.2237306268535258,0.1723409780520321,0.6037539127529274,0.1923167718030076,0.3324368920092201,0.0212091356865405,280,1274.8506422555554,18.77546039744444,19.74340663509939,3.8676888566666663
0.3745147778484348,0.3754395219500661,0.2981773161945193,0.2606847950246527,0.2237306268535258,0.1723409780520321,0.6037539127529274,0.1923167718030076,0.3324368920092201,0.0212091356865405,260,1339.992790011111,9.318747159955556,21.23926481893549,1.8558744504
0.3745147778484348,0.3754395219500661,0.2981773161945193,0.2606847950246527,0.2237306268535258,0.1723409780520321,0.6037539127529274,0.1923167718030076,0.3324368920092201,0.0212091356865405,300,1206.788825811111,35.09581037633333,18.105107143704224,7.278106304233333
0.3745147778484348,0.3754395219500661,0.2981773161945193,0.2606847950246527,0.2237306268535258,0.1723409780520321,0.6037539127529274,0.1923167718030076,0.3324368920092201,0.0212091356865405,240,1403.1383952444444,3.9391341369777777,22.618174783506984,0.7460730394599999
0.3745147778484348,0.3754395219500661,0.2981773161945193,0.2606847950246527,0.2237306268535258,0.1723409780520321,0.6037539127529274,0.1923167718030076,0.3324368920092201,0.0212091356865405,320,1123.6339732222225,63.56540877344444,15.964337985871667,12.82467227351111
0.3777287636328606,0.3283785315829566,0.263216941757608,0.3086159249112725,0.2986152630762261,0.5256110917665469,0.3408118460364908,0.2189917260475913,0.223034216307754,0.0619261001216323,240,1410.875494388889,3.482168049711111,23.036488862168675,0.6623938137044445
0.3777287636328606,0.3283785315829566,0.263216941757608,0.3086159249112725,0.2986152630762261,0.5256110917665469,0.3408118460364908,0.2189917260475913,0.223034216307754,0.0619261001216323,320,1133.7636151444444,54.27952184355556,16.690389347868127,11.42870538922222
0.3777287636328606,0.3283785315829566,0.263216941757608,0.3086159249112725,0.2986152630762261,0.5256110917665469,0.3408118460364908,0.2189917260475913,0.223034216307754,0.0619261001216323,280,1287.3352101333332,17.796843898555554,20.238315966185827,3.691525197977778
0.3777287636328606,0.3283785315829566,0.263216941757608,0.3086159249112725,0.2986152630762261,0.5256110917665469,0.3408118460364908,0.2189917260475913,0.223034216307754,0.0619261001216323,260,1351.7350056444443,8.311013481211111,21.741614737409133,1.6720610196666668
0.3777287636328606,0.3283785315829566,0.263216941757608,0.3086159249112725,0.2986152630762261,0.5256110917665469,0.3408118460364908,0.2189917260475913,0.223034216307754,0.0619261001216323,300,1215.0235445333335,31.897071776,18.570504128177856,6.745046456255555
0.384486163701604,0.3234162745250112,0.2916092109760335,0.2780264200915465,0.2742386941591206,0.3287857141122248,0.5749943724487633,0.199379072871569,0.1864929580167387,0.0615619658428681,280,1265.2076405,19.45262672255556,19.659874998658804,4.011530912277778
0.384486163701604,0.3234162745250112,0.2916092109760335,0.2780264200915465,0.2742386941591206,0.3287857141122248,0.5749943724487633,0.199379072871569,0.1864929580167387,0.0615619658428681,320,1109.7225569111113,67.00890618333334,15.713570142730482,13.450415585611111
0.384486163701604,0.3234162745250112,0.2916092109760335,0.2780264200915465,0.2742386941591206,0.3287857141122248,0.5749943724487633,0.199379072871569,0.1864929580167387,0.0615619658428681,240,1398.3399565,4.365214195255556,22.617993358761574,0.8245836189566668
0.384486163701604,0.3234162745250112,0.2916092109760335,0.2780264200915465,0.2742386941591206,0.3287857141122248,0.5749943724487633,0.199379072871569,0.1864929580167387,0.0615619658428681,300,1194.9421352444442,37.15619094177778,17.932229612530563,7.70257173038889
0.384486163701604,0.3234162745250112,0.2916092109760335,0.2780264200915465,0.2742386941591206,0.3287857141122248,0.5749943724487633,0.199379072871569,0.1864929580167387,0.0615619658428681,260,1334.3584515111113,9.331373151811112,21.249760519959924,1.8607657141111116
0.3859991998681972,0.3971614570975505,0.2762504894805396,0.3014171223253827,0.2353890103513406,0.419370044163523,0.1796307380506538,0.190028237330116,0.2609716198115936,0.0467737058064593,300,1181.2849727444443,42.98892518877778,17.029937904649653,8.751868423855553
0.3859991998681972,0.3971614570975505,0.2762504894805396,0.3014171223253827,0.2353890103513406,0.419370044163523,0.1796307380506538,0.190028237330116,0.2609716198115936,0.0467737058064593,260,1321.5375166444446,10.913456995355556,20.294064612647876,2.159757933888889
0.3859991998681972,0.3971614570975505,0.2762504894805396,0.3014171223253827,0.2353890103513406,0.419370044163523,0.1796307380506538,0.190028237330116,0.2609716198115936,0.0467737058064593,240,1383.6493646,4.806632292211111,21.62643555720284,0.908255051348889
0.3859991998681972,0.3971614570975505,0.2762504894805396,0.3014171223253827,0.2353890103513406,0.419370044163523,0.1796307380506538,0.190028237330116,0.2609716198115936,0.0467737058064593,320,1095.8700845777778,75.69329020688889,14.888463750216424,14.940518086733332
0.3859991998681972,0.3971614570975505,0.2762504894805396,0.3014171223253827,0.2353890103513406,0.419370044163523,0.1796307380506538,0.190028237330116,0.2609716198115936,0.0467737058064593,280,1256.2922591222225,22.772457409666668,18.787376076764737,4.644859442133334
0.3887790112921881,0.3424553314292666,0.2771955421895325,0.3055459077754272,0.2782636481964102,0.2295948184693341,0.4128010690206599,0.306406018656801,0.2663666353660039,0.0238673442080793,260,1327.1314326111114,10.201533772788888,21.14775217508745,2.0301582385000003
0.3887790112921881,0.3424553314292666,0.2771955421895325,0.3055459077754272,0.2782636481964102,0.2295948184693341,0.4128010690206599,0.306406018656801,0.2663666353660039,0.0238673442080793,300,1188.0676787555556,35.574657783000006,17.965990641946412,7.451904869744444
0.3887790112921881,0.3424553314292666,0.2771955421895325,0.3055459077754272,0.2782636481964102,0.2295948184693341,0.4128010690206599,0.306406018656801,0.2663666353660039,0.0238673442080793,280,1260.9997527,20.011077655,19.663872876282227,4.120660182177777
0.3887790112921881,0.3424553314292666,0.2771955421895325,0.3055459077754272,0.2782636481964102,0.2295948184693341,0.4128010690206599,0.306406018656801,0.2663666353660039,0.0238673442080793,240,1388.0436318999998,4.1467066398,22.55517537212804,0.7870478209411111
0.3887790112921881,0.3424553314292666,0.2771955421895325,0.3055459077754272,0.2782636481964102,0.2295948184693341,0.4128010690206599,0.306406018656801,0.2663666353660039,0.0238673442080793,320,1108.7707612555555,66.91949530666666,15.795486408305704,13.462411064588888
0.3907774457163941,0.3588420870923174,0.3053867407481717,0.2822403342540063,0.1765968737061499,0.3365695722950643,0.3413582420311331,0.1914557268355962,0.3035437583430363,0.0246569532994051,240,1408.2868957888888,3.7699987683444447,23.150216951465094,0.7143793003866667
0.3907774457163941,0.3588420870923174,0.3053867407481717,0.2822403342540063,0.1765968737061499,0.3365695722950643,0.3413582420311331,0.1914557268355962,0.3035437583430363,0.0246569532994051,280,1282.724813588889,15.950612729444446,20.40052149583905,3.332274653211111
0.3907774457163941,0.3588420870923174,0.3053867407481717,0.2822403342540063,0.1765968737061499,0.3365695722950643,0.3413582420311331,0.1914557268355962,0.3035437583430363,0.0246569532994051,260,1349.1555615666666,8.060939458811111,21.88016733466569,1.6185827991444444
0.3907774457163941,0.3588420870923174,0.3053867407481717,0.2822403342540063,0.1765968737061499,0.3365695722950643,0.3413582420311331,0.1914557268355962,0.3035437583430363,0.0246569532994051,320,1136.7894476888891,52.79429616744444,16.84413406221884,11.058896709633334
0.3907774457163941,0.3588420870923174,0.3053867407481717,0.2822403342540063,0.1765968737061499,0.3365695722950643,0.3413582420311331,0.1914557268355962,0.3035437583430363,0.0246569532994051,300,1220.2597615444445,30.853827965222223,18.80385184975714,6.5078183719444445
0.3928294311699423,0.3869022905440539,0.261526349622461,0.3440852464990749,0.2444293863451738,0.3028342680153308,0.6152288941972096,0.132531480471553,0.1271133717277925,0.019544888148453,280,1253.8211793333332,20.607409029333336,18.92327851267892,4.226212757433334
0.3928294311699423,0.3869022905440539,0.261526349622461,0.3440852464990749,0.2444293863451738,0.3028342680153308,0.6152288941972096,0.132531480471553,0.1271133717277925,0.019544888148453,240,1376.9990414555557,4.259605776811111,21.58796416099017,0.8080733550177778
0.3928294311699423,0.3869022905440539,0.261526349622461,0.3440852464990749,0.2444293863451738,0.3028342680153308,0.6152288941972096,0.132531480471553,0.1271133717277925,0.019544888148453,320,1104.7527966777775,67.38557279,15.259207985405046,13.6042339454
0.3928294311699423,0.3869022905440539,0.261526349622461,0.3440852464990749,0.2444293863451738,0.3028342680153308,0.6152288941972096,0.132531480471553,0.1271133717277925,0.019544888148453,260,1319.403032366667,10.846768438222224,20.30340584115352,2.148500170577778
0.3928294311699423,0.3869022905440539,0.261526349622461,0.3440852464990749,0.2444293863451738,0.3028342680153308,0.6152288941972096,0.132531480471553,0.1271133717277925,0.019544888148453,300,1187.6031116,40.40567068544444,17.22098765869151,8.24869937581111
0.3994967751037286,0.3531467068101863,0.28095937307273,0.261238752808142,0.2895698196171511,0.2398484948282608,0.4304703290362077,0.1962222167278151,0.3144674307027919,0.0547276490415147,300,1180.7187518555554,40.6782372091111,17.39442809717346,8.317554523144443
0.3994967751037286,0.3531467068101863,0.28095937307273,0.261238752808142,0.2895698196171511,0.2398484948282608,0.4304703290362077,0.1962222167278151,0.3144674307027919,0.0547276490415147,320,1092.5034028077778,68.25845603355556,15.33852591592473,13.752495011922225
0.3994967751037286,0.3531467068101863,0.28095937307273,0.261238752808142,0.2895698196171511,0.2398484948282608,0.4304703290362077,0.1962222167278151,0.3144674307027919,0.0547276490415147,260,1319.858863377778,10.32761339177778,20.72539390665908,2.053867250577778
0.3994967751037286,0.3531467068101863,0.28095937307273,0.261238752808142,0.2895698196171511,0.2398484948282608,0.4304703290362077,0.1962222167278151,0.3144674307027919,0.0547276490415147,280,1254.8390932555556,22.72739106622222,19.132630785600163,4.615557979088889
0.3994967751037286,0.3531467068101863,0.28095937307273,0.261238752808142,0.2895698196171511,0.2398484948282608,0.4304703290362077,0.1962222167278151,0.3144674307027919,0.0547276490415147,240,1383.4623757444444,5.0785332811,22.04839634987113,0.9555759046344444
0.399553694743554,0.395748672434895,0.2505037509667232,0.2972025115929608,0.2899432593384554,0.2642840488902661,0.2743230103388486,0.2828929726502599,0.1458474893526658,0.0709639709207895,320,1147.8979896333333,56.07447131055556,16.66555908996924,11.6584520555
0.399553694743554,0.395748672434895,0.2505037509667232,0.2972025115929608,0.2899432593384554,0.2642840488902661,0.2743230103388486,0.2828929726502599,0.1458474893526658,0.0709639709207895,280,1286.810882611111,16.65980536444445,20.116883046877096,3.4841492732555555
0.399553694743554,0.395748672434895,0.2505037509667232,0.2972025115929608,0.2899432593384554,0.2642840488902661,0.2743230103388486,0.2828929726502599,0.1458474893526658,0.0709639709207895,300,1220.6152090333337,31.35380479133333,18.528163801839263,6.631867705255555
0.399553694743554,0.395748672434895,0.2505037509667232,0.2972025115929608,0.2899432593384554,0.2642840488902661,0.2743230103388486,0.2828929726502599,0.1458474893526658,0.0709639709207895,260,1348.195103,7.592578071822221,21.538159338938534,1.533465993
0.399553694743554,0.395748672434895,0.2505037509667232,0.2972025115929608,0.2899432593384554,0.2642840488902661,0.2743230103388486,0.2828929726502599,0.1458474893526658,0.0709639709207895,240,1407.4126774777778,3.633257323577778,22.783945402279663,0.6915038467566667
0.3996481679362004,0.3339553422459136,0.2781169682151918,0.3357343570529057,0.2234249998770363,0.2916610260929369,0.2945927658838141,0.228946040963955,0.2871341000347349,0.0628331893017007,320,1094.8741373444443,63.75258037644445,15.796211989397756,12.948586550577778
0.3996481679362004,0.3339553422459136,0.2781169682151918,0.3357343570529057,0.2234249998770363,0.2916610260929369,0.2945927658838141,0.228946040963955,0.2871341000347349,0.0628331893017007,240,1375.5101338111108,3.815328185411111,22.48632915227527,0.7243033841355556
0.3996481679362004,0.3339553422459136,0.2781169682151918,0.3357343570529057,0.2234249998770363,0.2916610260929369,0.2945927658838141,0.228946040963955,0.2871341000347349,0.0628331893017007,260,1315.0035927222225,9.293438890044444,21.11181989605646,1.8533219989666665
0.3996481679362004,0.3339553422459136,0.2781169682151918,0.3357343570529057,0.2234249998770363,0.2916610260929369,0.2945927658838141,0.228946040963955,0.2871341000347349,0.0628331893017007,280,1248.9807898333331,20.73442727577778,19.525937500774173,4.232090396166667
0.3996481679362004,0.3339553422459136,0.2781169682151918,0.3357343570529057,0.2234249998770363,0.2916610260929369,0.2945927658838141,0.228946040963955,0.2871341000347349,0.0628331893017007,300,1176.066117388889,36.56269539377777,17.838179055596196,7.5630882791
