sigma_C1,sigma_H1,epsilon_C1,epsilon_H1,temperature,liq_density,vap_density,Hvap,Pvap
0.3180943930933248,0.2778770467090135,0.5699943455889588,0.0784384256816127,170,294.8939927244444,46.378180655222216,5.000036704308657,26.90631828433333
0.3180943930933248,0.2778770467090135,0.5699943455889588,0.0784384256816127,130,393.04750470444446,6.333928683000001,8.154497303141461,3.9046903215777777
0.3180943930933248,0.2778770467090135,0.5699943455889588,0.0784384256816127,140,373.00413296333335,11.049847666122222,7.578644420759697,6.989541661244444
0.3180943930933248,0.2778770467090135,0.5699943455889588,0.0784384256816127,150,351.50104285777775,18.38539436588889,6.916656466022165,11.648537782788887
0.3180943930933248,0.2778770467090135,0.5699943455889588,0.0784384256816127,160,327.7136811155556,30.277197314,6.08753744095225,18.65382279975556
0.3211627006059266,0.2827354010051262,0.6181165419951199,0.0785634528794274,170,314.10198358111114,31.22031018011111,6.256605272750094,20.034143646144443
0.3211627006059266,0.2827354010051262,0.6181165419951199,0.0785634528794274,150,357.98720353222217,12.3491663766,7.843952736455837,8.225900481788887
0.3211627006059266,0.2827354010051262,0.6181165419951199,0.0785634528794274,140,375.7610178344444,7.239675233188889,8.407915890013719,4.745918772766666
0.3211627006059266,0.2827354010051262,0.6181165419951199,0.0785634528794274,160,337.15003448888893,19.453457762555555,7.136108352955217,12.96276075832222
0.3211627006059266,0.2827354010051262,0.6181165419951199,0.0785634528794274,130,392.4440799466667,3.897747060733333,8.911458703485925,2.4720190725
0.3242987565728236,0.2826155977093167,0.6183252205105378,0.0721540919190115,130,389.1999071955555,4.6261786431,8.610820025960773,2.896964608455556
0.3242987565728236,0.2826155977093167,0.6183252205105378,0.0721540919190115,150,352.6535592255556,13.790843591777778,7.510439515211234,9.0975935939
0.3242987565728236,0.2826155977093167,0.6183252205105378,0.0721540919190115,140,371.1359581388888,8.25799536861111,8.098306621860065,5.3624845247333335
0.3242987565728236,0.2826155977093167,0.6183252205105378,0.0721540919190115,160,331.95360502777777,22.352582701777777,6.789052296918197,14.59331140792222
0.3242987565728236,0.2826155977093167,0.6183252205105378,0.0721540919190115,170,305.28005769333333,34.06791750488889,5.893100830631713,21.48565841734445
0.3326826895122155,0.2783626695778423,0.5292171814167256,0.0825139255189655,160,343.3292525811111,17.357475944888886,7.394193967258807,11.818391196355556
0.3326826895122155,0.2783626695778423,0.5292171814167256,0.0825139255189655,170,321.3893912522222,26.862548259,6.613474625228428,17.952110984788888
0.3326826895122155,0.2783626695778423,0.5292171814167256,0.0825139255189655,140,380.0893017733334,6.143470629666667,8.608017329341042,4.086478643966667
0.3326826895122155,0.2783626695778423,0.5292171814167256,0.0825139255189655,150,362.4312850977777,10.704853127255554,8.047047479645522,7.274564298311111
0.3326826895122155,0.2783626695778423,0.5292171814167256,0.0825139255189655,130,396.7260285766667,3.4424035819333336,9.070876452872309,2.193573036133333
0.3333483997150966,0.2777949413646432,0.5473814144965713,0.0757852014543234,140,379.56438804,7.283473463822222,8.326755809687528,4.779551639977778
0.3333483997150966,0.2777949413646432,0.5473814144965713,0.0757852014543234,170,316.6737984122222,30.21765319933333,6.259280193587383,19.689453200022225
0.3333483997150966,0.2777949413646432,0.5473814144965713,0.0757852014543234,150,360.0105134077778,12.24502768582222,7.747460009100336,8.202543387677778
0.3333483997150966,0.2777949413646432,0.5473814144965713,0.0757852014543234,160,341.7219004088888,20.74884735155556,7.067240637210556,13.6986857326
0.3333483997150966,0.2777949413646432,0.5473814144965713,0.0757852014543234,130,396.5477771844445,4.140180412222223,8.806237346822284,2.6127398370000003
0.3337506699639125,0.2831138890026784,0.5788975887990239,0.0785979487678654,150,360.2853675844445,8.626354835544445,8.444243182197827,5.986977686722222
0.3337506699639125,0.2831138890026784,0.5788975887990239,0.0785979487678654,160,343.7421781366667,15.16436112222222,7.815502687352579,10.462904167944446
0.3337506699639125,0.2831138890026784,0.5788975887990239,0.0785979487678654,140,377.0602756844444,5.258536585322222,8.958268419509242,3.5329769089888887
0.3337506699639125,0.2831138890026784,0.5788975887990239,0.0785979487678654,170,322.68033668000004,21.90307878888889,7.12530847264162,15.246206011666668
0.3337506699639125,0.2831138890026784,0.5788975887990239,0.0785979487678654,130,392.1222522511111,2.936615140655556,9.401798135855572,1.882435587755556
0.3368402097164786,0.2740944346180686,0.5018825230534963,0.0742352427436591,140,376.4747457877778,9.682145029255556,7.795812932098864,6.205465063644445
0.3368402097164786,0.2740944346180686,0.5018825230534963,0.0742352427436591,170,305.9020963588889,40.21958904711112,5.474182893786684,24.45711650246667
0.3368402097164786,0.2740944346180686,0.5018825230534963,0.0742352427436591,160,332.5476467577778,24.741797398666662,6.458125345209096,15.9207878572
0.3368402097164786,0.2740944346180686,0.5018825230534963,0.0742352427436591,150,355.2826301055556,15.390418351,7.1869358355008925,10.039400499444444
0.3368402097164786,0.2740944346180686,0.5018825230534963,0.0742352427436591,130,394.7210001333333,5.332490440611111,8.314682538349984,3.322635125988889
0.338065037500951,0.2764970505014226,0.4941472578818668,0.0816108118330422,150,359.6528615755555,11.430978172866666,7.846622171704246,7.729635608722221
0.338065037500951,0.2764970505014226,0.4941472578818668,0.0816108118330422,170,317.3155331822222,30.45561205555556,6.316802704054312,19.780237753677778
0.338065037500951,0.2764970505014226,0.4941472578818668,0.0816108118330422,130,395.2640402677778,3.974091615855556,8.868850128507846,2.516134263011111
0.338065037500951,0.2764970505014226,0.4941472578818668,0.0816108118330422,140,377.8638619933333,7.075893615566667,8.372905565575474,4.649191310599999
0.338065037500951,0.2764970505014226,0.4941472578818668,0.0816108118330422,160,340.9186768733333,19.67714845144445,7.151360280672599,13.107532301044444
0.3398067755784872,0.2793739384725462,0.5433496876265242,0.0720830125588726,150,356.4315004966667,11.767743372655556,7.828598040934105,7.8860349392
0.3398067755784872,0.2793739384725462,0.5433496876265242,0.0720830125588726,140,373.90979394,7.001465638333333,8.373605684627504,4.616424286211111
0.3398067755784872,0.2793739384725462,0.5433496876265242,0.0720830125588726,130,390.2309317411112,3.8805853792,8.842331647500401,2.454192442688889
0.3398067755784872,0.2793739384725462,0.5433496876265242,0.0720830125588726,170,313.8805632122222,29.27226708688889,6.341529954475148,19.176081831344444
0.3398067755784872,0.2793739384725462,0.5433496876265242,0.0720830125588726,160,336.3763967755556,18.82815986577778,7.15900934720605,12.650385426922222
0.3450689844301085,0.2894111110340306,0.6182872594735829,0.0727450159539031,160,340.8632254811112,9.319114091011112,8.716105677296555,6.823150198344444
0.3450689844301085,0.2894111110340306,0.6182872594735829,0.0727450159539031,150,356.09629824333337,5.764442560366668,9.2422524026767,4.101791110777778
0.3450689844301085,0.2894111110340306,0.6182872594735829,0.0727450159539031,140,369.34900965,3.2158264739999995,9.695517281824548,2.205441582233333
0.3450689844301085,0.2894111110340306,0.6182872594735829,0.0727450159539031,170,325.10221805333333,15.118984139433334,8.087941130931021,11.0179119006
0.3450689844301085,0.2894111110340306,0.6182872594735829,0.0727450159539031,130,383.2800552255556,1.9215512081,10.102501900530966,1.2476664426911113
0.3477410657749257,0.2846254747379185,0.5785799048775757,0.0688044870861093,130,383.8103398544444,2.4274961139222224,9.485611160921056,1.5632197983633334
0.3477410657749257,0.2846254747379185,0.5785799048775757,0.0688044870861093,140,369.1451571933333,4.687998882511112,9.041182166961669,3.1693413189777777
0.3477410657749257,0.2846254747379185,0.5785799048775757,0.0688044870861093,170,319.40141986,19.890605784666665,7.319364921328969,13.973988570688888
0.3477410657749257,0.2846254747379185,0.5785799048775757,0.0688044870861093,160,337.42301085888886,13.22119206872222,7.958569735342331,9.271362584677778
0.3477410657749257,0.2846254747379185,0.5785799048775757,0.0688044870861093,150,353.46109588555555,7.944494031822223,8.546412005677087,5.532577194511111
0.350476502169336,0.2819999182837007,0.5131829021179153,0.0819216598452095,160,344.35793327555564,10.719054280466665,8.444138581519171,7.749521778944445
0.350476502169336,0.2819999182837007,0.5131829021179153,0.0819216598452095,150,359.72128344333333,6.731374268388889,8.969153939699646,4.727590667377778
0.350476502169336,0.2819999182837007,0.5131829021179153,0.0819216598452095,170,326.79964089333333,16.768414873900003,7.801333361053767,12.163450358888888
0.350476502169336,0.2819999182837007,0.5131829021179153,0.0819216598452095,140,374.2699079711112,3.929685441266667,9.436641703967348,2.668276076744444
0.350476502169336,0.2819999182837007,0.5131829021179153,0.0819216598452095,130,388.68166628555554,2.1408428731555555,9.874858748016992,1.3875221257855557
0.3520856833951886,0.2774146618332529,0.488789070010643,0.0741856171544894,150,353.08118213333336,10.293715587011112,7.975743693737797,7.011218894911111
0.3520856833951886,0.2774146618332529,0.488789070010643,0.0741856171544894,170,314.0603600522222,26.266013018,6.593384186297466,17.53402070921111
0.3520856833951886,0.2774146618332529,0.488789070010643,0.0741856171544894,130,385.32946116222223,3.4985376479666668,8.943233557303099,2.224520167166667
0.3520856833951886,0.2774146618332529,0.488789070010643,0.0741856171544894,160,333.63107264444443,15.911763953,7.362846535861495,10.9720538803
0.3520856833951886,0.2774146618332529,0.488789070010643,0.0741856171544894,140,369.9517788344445,6.276551835066666,8.502834906162024,4.156521760422223
0.3533632821868204,0.271999343635024,0.455195059508122,0.0789846646699403,140,378.3132197277777,6.81684310141111,8.464271884715066,4.504428927066666
0.3533632821868204,0.271999343635024,0.455195059508122,0.0789846646699403,150,360.46314695,11.34785075657778,7.908823491804342,7.638784049244445
0.3533632821868204,0.271999343635024,0.455195059508122,0.0789846646699403,170,319.6630584144445,26.756147789111107,6.56482315397201,17.915929224355555
0.3533632821868204,0.271999343635024,0.455195059508122,0.0789846646699403,160,341.1503680111111,17.520060083555553,7.29852325755446,11.9076494574
0.3533632821868204,0.271999343635024,0.455195059508122,0.0789846646699403,130,394.1464695366666,3.558757486866667,8.934936032784945,2.262010190055556
0.3553728951782782,0.2816309818812845,0.5332434692574585,0.0728533435648209,170,323.12324012777776,17.56511499766666,7.599185884189517,12.56791358611111
0.3553728951782782,0.2816309818812845,0.5332434692574585,0.0728533435648209,160,340.4648093711111,11.609932729122225,8.23226885079976,8.292580171700001
0.3553728951782782,0.2816309818812845,0.5332434692574585,0.0728533435648209,140,371.0703849855555,4.277813861366667,9.245267085620243,2.8973583151
0.3553728951782782,0.2816309818812845,0.5332434692574585,0.0728533435648209,130,385.2332352544444,2.3020891422777776,9.669430727182329,1.4852750837533333
0.3553728951782782,0.2816309818812845,0.5332434692574585,0.0728533435648209,150,356.05236121555555,6.895604966166667,8.790912677886599,4.871900782466667
0.3559180790532352,0.2721674892826959,0.5323845159783183,0.0653451993595272,170,325.8130166944445,23.29893896922222,6.888296077821653,16.06039121817778
0.3559180790532352,0.2721674892826959,0.5323845159783183,0.0653451993595272,130,396.7747202911111,3.166015424811111,9.111505071378996,2.0281469704666666
0.3559180790532352,0.2721674892826959,0.5323845159783183,0.0653451993595272,140,381.19332618444446,5.789239213666667,8.66429086703596,3.8539132593777774
0.3559180790532352,0.2721674892826959,0.5323845159783183,0.0653451993595272,160,346.67478094222224,15.151019932333332,7.592069354048944,10.546472751855555
0.3559180790532352,0.2721674892826959,0.5323845159783183,0.0653451993595272,150,365.20207767777777,9.527956542888887,8.18800898435665,6.551307766555556
0.3599523542191666,0.2721992484726251,0.6140627844203767,0.0468997965408485,130,391.25437152000006,3.741837806555556,8.71953122609193,2.3777283794222224
0.3599523542191666,0.2721992484726251,0.6140627844203767,0.0468997965408485,170,317.6621282188889,26.95503022855556,6.418809196897998,18.039518589666667
0.3599523542191666,0.2721992484726251,0.6140627844203767,0.0468997965408485,160,338.83788339333336,17.335776498666668,7.16150434634706,11.823167596611112
0.3599523542191666,0.2721992484726251,0.6140627844203767,0.0468997965408485,140,375.80806836222223,6.874258904611112,8.277001663138261,4.539425467055556
0.3599523542191666,0.2721992484726251,0.6140627844203767,0.0468997965408485,150,358.60307813777774,11.485605103422223,7.751201600387369,7.746717878544445
0.362409702950494,0.2723650165460068,0.5622781036007392,0.0598812879671653,160,346.8000678833333,13.299780037455555,7.886204695121721,9.366062853533332
0.362409702950494,0.2723650165460068,0.5622781036007392,0.0598812879671653,130,393.9628342922222,2.738919148222222,9.33457533752233,1.761198133488889
0.362409702950494,0.2723650165460068,0.5622781036007392,0.0598812879671653,150,363.8391897011111,8.194343695066665,8.460541504093637,5.7054647614
0.362409702950494,0.2723650165460068,0.5622781036007392,0.0598812879671653,140,379.4278850533333,5.016131065800001,8.913423650196172,3.372311587911111
0.362409702950494,0.2723650165460068,0.5622781036007392,0.0598812879671653,170,327.9990119411111,19.978238050999995,7.252674216148526,14.180395736733333
0.3668041235511631,0.2697691946675273,0.4812900318323606,0.0692529411499409,140,372.1024798744445,5.6357739530111095,8.60837664120155,3.758634291077778
0.3668041235511631,0.2697691946675273,0.4812900318323606,0.0692529411499409,130,387.03988827,3.1747543668,9.050716095741494,2.0304333755555555
0.3668041235511631,0.2697691946675273,0.4812900318323606,0.0692529411499409,150,356.4311282788889,9.539848529222224,8.121436969125009,6.524509456844444
0.3668041235511631,0.2697691946675273,0.4812900318323606,0.0692529411499409,170,319.27366423,22.90867561766667,6.863759907581563,15.745583163366666
0.3668041235511631,0.2697691946675273,0.4812900318323606,0.0692529411499409,160,338.29669331,14.71241908438889,7.552756132354602,10.249266530533331
0.3670910809260236,0.2713069634494582,0.4599832522682012,0.0758382509843605,160,339.2760596722223,13.047449819411112,7.826824414788414,9.244323826833332
0.3670910809260236,0.2713069634494582,0.4599832522682012,0.0758382509843605,150,356.0245584788889,8.398389400266668,8.360313579167663,5.821752195977778
0.3670910809260236,0.2713069634494582,0.4599832522682012,0.0758382509843605,130,386.0569508488889,2.690753420822222,9.26219688134838,1.7293833421333331
0.3670910809260236,0.2713069634494582,0.4599832522682012,0.0758382509843605,140,371.7258818933333,4.7399834640666665,8.856459914276755,3.198155361166667
0.3670910809260236,0.2713069634494582,0.4599832522682012,0.0758382509843605,170,321.1953437866667,20.567311924444443,7.154177415058195,14.459063238766666
0.3683586999722902,0.2627937249724424,0.5920973834211571,0.0495572495517417,160,349.4430451622222,14.98385121411111,7.550616597179726,10.449795216499998
0.3683586999722902,0.2627937249724424,0.5920973834211571,0.0495572495517417,130,398.2821443966666,3.2931585482444445,8.973688218157191,2.1025009898888887
0.3683586999722902,0.2627937249724424,0.5920973834211571,0.0495572495517417,150,366.5590636611111,9.738120336488889,8.088091437578042,6.679971190822222
0.3683586999722902,0.2627937249724424,0.5920973834211571,0.0495572495517417,170,328.6817125044444,22.48837440144445,6.872068631321798,15.568751672688888
0.3683586999722902,0.2627937249724424,0.5920973834211571,0.0495572495517417,140,382.4827581055556,5.861954444877777,8.551335784452734,3.919751645455556
0.3861266527104948,0.236409938944993,0.5087198136637991,0.0789445906163653,170,347.88818181777776,15.440771436855556,7.860384753254064,11.415717484400002
0.3861266527104948,0.236409938944993,0.5087198136637991,0.0789445906163653,150,379.1464515111112,6.194333493588889,8.848503644808927,4.4185644112
0.3861266527104948,0.236409938944993,0.5087198136637991,0.0789445906163653,160,363.7174614566667,9.72348065591111,8.413811300281067,7.15110408501111
0.3861266527104948,0.236409938944993,0.5087198136637991,0.0789445906163653,140,393.8499985,3.7316879721222223,9.262806372963787,2.559715345088889
0.3861266527104948,0.236409938944993,0.5087198136637991,0.0789445906163653,130,407.66936063,2.096197188055556,9.629102186666495,1.3604021128266666
0.3874375397928032,0.2518598513113139,0.4809933202325414,0.08272133060623,150,369.45189027888887,4.937908037122222,9.315030698604073,3.5559814923666666
0.3874375397928032,0.2518598513113139,0.4809933202325414,0.08272133060623,140,382.4417510866666,2.9327922014444447,9.706302356388768,2.0260550031222224
0.3874375397928032,0.2518598513113139,0.4809933202325414,0.08272133060623,130,394.9616139744445,1.5203159806000002,10.071041551367236,0.993959332661111
0.3874375397928032,0.2518598513113139,0.4809933202325414,0.08272133060623,170,339.5428094733333,12.193531896466666,8.34622575157559,9.269202669677778
0.3874375397928032,0.2518598513113139,0.4809933202325414,0.08272133060623,160,355.1330673188889,8.371289149244445,8.833649373160506,6.172131443466666
0.3893767400290584,0.2065961008872073,0.6099111288541113,0.082508071141075,150,392.1415344666667,5.318824237,9.111627809004563,3.831510624311111
0.3893767400290584,0.2065961008872073,0.6099111288541113,0.082508071141075,160,377.80320271444447,8.701574262144446,8.68061762084111,6.456890056355555
0.3893767400290584,0.2065961008872073,0.6099111288541113,0.082508071141075,170,362.4356990244444,13.666974180166669,8.177941667635768,10.27579654701111
0.3893767400290584,0.2065961008872073,0.6099111288541113,0.082508071141075,140,406.4394685655556,3.230391087633333,9.475916310675531,2.2284573565333337
0.3893767400290584,0.2065961008872073,0.6099111288541113,0.082508071141075,130,419.3614997244444,1.7206584096433333,9.822318476504536,1.1259089040277777
0.390788102132541,0.2108363915798767,0.6173659791637961,0.0738369446515344,150,382.3317358344444,6.004947228888889,8.873966862582224,4.296275952088889
0.390788102132541,0.2108363915798767,0.6173659791637961,0.0738369446515344,130,408.92476262777774,1.904822356688889,9.58207624544094,1.24016745854
0.390788102132541,0.2108363915798767,0.6173659791637961,0.0738369446515344,160,366.8132512255555,9.261357017233331,8.434838669198873,6.8416749166666655
0.390788102132541,0.2108363915798767,0.6173659791637961,0.0738369446515344,140,395.8306770455556,3.589400865355556,9.2376996545916,2.4588237095555554
0.390788102132541,0.2108363915798767,0.6173659791637961,0.0738369446515344,170,351.2342897122222,14.254540763222222,7.924638033317315,10.664159202122224
0.339140481428682,0.2846891125962321,0.5180986423960495,0.0695427578942631,140,348.95980135444444,10.263443881977778,7.517909471108431,6.514217038866666
0.339140481428682,0.2846891125962321,0.5180986423960495,0.0695427578942631,130,366.55531120666666,5.7205268169888885,8.04852335042904,3.533180802255555
0.339140481428682,0.2846891125962321,0.5180986423960495,0.0695427578942631,150,328.48143972444444,16.576511086,6.879441979917512,10.606882164266668
0.339140481428682,0.2846891125962321,0.5180986423960495,0.0695427578942631,160,305.9686189222222,26.910733722444444,6.079149991871278,16.753564282488885
0.339140481428682,0.2846891125962321,0.5180986423960495,0.0695427578942631,170,279.1168980655555,43.39562594333333,5.037490595747418,25.258468520500003
0.3396299001379255,0.2866516510488548,0.4659600943396156,0.0788575319493343,170,274.43681138,43.54471150111111,5.033594571347879,25.100178671955558
0.3396299001379255,0.2866516510488548,0.4659600943396156,0.0788575319493343,140,341.2910249711111,10.001706048933332,7.523716575151127,6.336785799655556
0.3396299001379255,0.2866516510488548,0.4659600943396156,0.0788575319493343,150,322.2541544666667,16.476350389888893,6.8880374526898525,10.507589753855555
0.3396299001379255,0.2866516510488548,0.4659600943396156,0.0788575319493343,130,359.2142231822222,5.662995289133334,8.080934451747344,3.497660483677778
0.3396299001379255,0.2866516510488548,0.4659600943396156,0.0788575319493343,160,300.4817241511112,27.189040452444445,6.078728833495322,16.762935366522225
0.3397080866637599,0.2763075537918442,0.5963301939189756,0.0559217497215591,140,373.4734501744445,10.011922621033332,7.652886878721547,6.398522661644445
0.3397080866637599,0.2763075537918442,0.5963301939189756,0.0559217497215591,170,302.7922095255555,40.97914308755556,5.3428156334135455,24.715227586722225
0.3397080866637599,0.2763075537918442,0.5963301939189756,0.0559217497215591,150,353.15637117777777,16.554708424555553,7.030012649115195,10.670166372144443
0.3397080866637599,0.2763075537918442,0.5963301939189756,0.0559217497215591,130,392.64470242,5.745886818311111,8.168516607355203,3.562129848433333
0.3397080866637599,0.2763075537918442,0.5963301939189756,0.0559217497215591,160,330.9536694122222,26.962794968,6.285069474330955,16.99407376086667
0.3403661105587071,0.2828945212911815,0.5545646508876081,0.0619601848965066,130,372.72706137333336,6.272694848533333,8.011552896646052,3.855519643744445
0.3403661105587071,0.2828945212911815,0.5545646508876081,0.0619601848965066,170,282.7376979133333,42.97294053122222,5.052119850999579,25.286631615477777
0.3403661105587071,0.2828945212911815,0.5545646508876081,0.0619601848965066,140,353.73062225222225,10.194034648966667,7.488654402580862,6.490137055799999
0.3403661105587071,0.2828945212911815,0.5545646508876081,0.0619601848965066,150,334.36296026444444,17.245397396888887,6.849613232726623,10.97214087988889
0.3403661105587071,0.2828945212911815,0.5545646508876081,0.0619601848965066,160,311.85040601777774,27.891971448222225,6.056737873498686,17.26609235045556
0.3435205961786066,0.2689881013243882,0.5210041702925682,0.0656224905196581,140,385.2379357544444,9.305908874766669,7.855200082635175,6.012256432555556
0.3435205961786066,0.2689881013243882,0.5210041702925682,0.0656224905196581,130,403.8453964933333,5.279909478966666,8.358518865856029,3.296053123
0.3435205961786066,0.2689881013243882,0.5210041702925682,0.0656224905196581,160,342.15240831777777,24.247420388222224,6.549390288652166,15.707421068222224
0.3435205961786066,0.2689881013243882,0.5210041702925682,0.0656224905196581,170,316.49615942333327,37.955661543000005,5.658966993454917,23.601634701566667
0.3435205961786066,0.2689881013243882,0.5210041702925682,0.0656224905196581,150,365.3304260011111,15.424595477222224,7.2531387043935105,10.079626826688887
0.3446683809541082,0.2739022224172527,0.619093739985441,0.0477894409632638,170,305.63460693444443,44.034830682333336,5.213292527896153,25.965006275144443
0.3446683809541082,0.2739022224172527,0.619093739985441,0.0477894409632638,130,393.7098182044445,5.729530429955556,8.053160004107255,3.563427275888889
0.3446683809541082,0.2739022224172527,0.619093739985441,0.0477894409632638,140,375.01924310999993,10.265778731355557,7.553625542759287,6.568348653288889
0.3446683809541082,0.2739022224172527,0.619093739985441,0.0477894409632638,160,331.5451099522222,26.89442011988889,6.203140032304278,17.102607069655555
0.3446683809541082,0.2739022224172527,0.619093739985441,0.0477894409632638,150,354.9793038744445,17.057722623999997,6.940307946702893,10.99938628191111
0.3474068911942625,0.2681504566051799,0.4617580874642138,0.0724134404323219,130,397.67117170333336,5.775220458333333,8.217331081850167,3.579768178677777
0.3474068911942625,0.2681504566051799,0.4617580874642138,0.0724134404323219,140,379.46339221444447,10.313173160666668,7.690286271529801,6.5630860896
0.3474068911942625,0.2681504566051799,0.4617580874642138,0.0724134404323219,170,307.6251149344444,39.55421736655556,5.440603334390506,24.20338069745556
0.3474068911942625,0.2681504566051799,0.4617580874642138,0.0724134404323219,150,358.75778163222225,16.51562080422222,7.097006164566984,10.696126901555555
0.3474068911942625,0.2681504566051799,0.4617580874642138,0.0724134404323219,160,336.06130510666674,25.811027419111117,6.365200881738706,16.521570098044446
0.3522577585188772,0.2628762166350131,0.5136393919400464,0.05692106368007,130,401.4538438522222,6.721924518411111,7.922364786423028,4.134208579011111
0.3522577585188772,0.2628762166350131,0.5136393919400464,0.05692106368007,140,382.0821623477778,11.413622553533331,7.406534588091009,7.218435342144444
0.3522577585188772,0.2628762166350131,0.5136393919400464,0.05692106368007,160,337.8960830766666,29.99121145,6.034142108171906,18.61748004141111
0.3522577585188772,0.2628762166350131,0.5136393919400464,0.05692106368007,150,360.3552545988889,18.562853259888893,6.792274796815249,11.838534979688887
0.3522577585188772,0.2628762166350131,0.5136393919400464,0.05692106368007,170,306.8778931411111,44.972154381,5.075669287367501,26.68396089208889
0.352778128568191,0.2785489700729833,0.5783071638937758,0.0486596315336975,140,356.68608263333334,10.316203029977776,7.410915556431405,6.555319843588888
0.352778128568191,0.2785489700729833,0.5783071638937758,0.0486596315336975,160,313.77908875444444,27.23455323066667,6.031966414715645,17.01410269688889
0.352778128568191,0.2785489700729833,0.5783071638937758,0.0486596315336975,150,336.5761977055556,17.347965700222222,6.800281511042541,11.053094130544444
0.352778128568191,0.2785489700729833,0.5783071638937758,0.0486596315336975,130,375.1014487344445,6.296660574966666,7.91610857568401,3.874742900633333
0.352778128568191,0.2785489700729833,0.5783071638937758,0.0486596315336975,170,286.35631096777774,43.112231542888885,5.041964044562532,25.420066537244445
0.3529962301494095,0.2695179888245853,0.4126326336488613,0.0790810481069587,140,369.15053245666667,10.053637135811112,7.650622442402347,6.417231184633334
0.3529962301494095,0.2695179888245853,0.4126326336488613,0.0790810481069587,130,387.3394129855556,5.631937859911111,8.177647234536218,3.500420493055556
0.3529962301494095,0.2695179888245853,0.4126326336488613,0.0790810481069587,160,326.48217415,25.694418898666665,6.312425459946011,16.35037857453333
0.3529962301494095,0.2695179888245853,0.4126326336488613,0.0790810481069587,170,300.28085051333335,40.86127974733333,5.361964817549064,24.702972346822225
0.3529962301494095,0.2695179888245853,0.4126326336488613,0.0790810481069587,150,350.14953015000003,16.72001748411111,7.055635232529913,10.746509381455557
0.3538573051964629,0.2796676258310312,0.4847532620430034,0.0612241672444623,150,325.4340631077778,18.848005696666668,6.562734750918641,11.813897370033333
0.3538573051964629,0.2796676258310312,0.4847532620430034,0.0612241672444623,130,364.3036805444445,6.800306001188889,7.754783497051683,4.158754016355555
0.3538573051964629,0.2796676258310312,0.4847532620430034,0.0612241672444623,160,301.6741486577778,29.651107536,5.764325518355475,18.16660855441111
0.3538573051964629,0.2796676258310312,0.4847532620430034,0.0612241672444623,170,274.1160050766667,48.546493813888894,4.666163096828313,27.08137918398889
0.3538573051964629,0.2796676258310312,0.4847532620430034,0.0612241672444623,140,345.9090555411111,11.528090681411111,7.218198691206477,7.232867263055555
0.3563625602100823,0.2687674183507448,0.4553172476445481,0.0644743924709832,130,380.95188064666667,6.575353815300001,7.779547127898557,4.0401569523
0.3563625602100823,0.2687674183507448,0.4553172476445481,0.0644743924709832,150,342.13926660333334,19.23144871366667,6.619679511152498,12.089330278577778
0.3563625602100823,0.2687674183507448,0.4553172476445481,0.0644743924709832,160,317.2071315644445,30.144738381666667,5.832051234060925,18.59168249782222
0.3563625602100823,0.2687674183507448,0.4553172476445481,0.0644743924709832,140,362.82470304666674,11.7176706837,7.256582754116234,7.365108752133333
0.3563625602100823,0.2687674183507448,0.4553172476445481,0.0644743924709832,170,289.1754718522222,49.043968288555554,4.769268213372521,27.663880202544444
0.3570029080985987,0.271212052123543,0.6005090435564182,0.0411199628022319,160,320.2064781211111,29.867029906777773,5.8639594708633975,18.454546251144446
0.3570029080985987,0.271212052123543,0.6005090435564182,0.0411199628022319,170,290.00651796666665,44.75456977044444,4.914991313172921,26.392073423777777
0.3570029080985987,0.271212052123543,0.6005090435564182,0.0411199628022319,140,364.00022131,11.562071394855554,7.240753452678268,7.289383322066667
0.3570029080985987,0.271212052123543,0.6005090435564182,0.0411199628022319,130,383.5640705266666,6.791427085511112,7.766006162583052,4.171771167111111
0.3570029080985987,0.271212052123543,0.6005090435564182,0.0411199628022319,150,344.2012801544444,18.646695055222224,6.647832108418932,11.830925159155557
0.3577625688628472,0.2675415025200101,0.5294751577605677,0.0506127892202878,150,345.8429744166667,19.51576903733333,6.604266200224176,12.251589416266668
0.3577625688628472,0.2675415025200101,0.5294751577605677,0.0506127892202878,140,365.9691940722223,11.6608141061,7.226244447501898,7.342232046544444
0.3577625688628472,0.2675415025200101,0.5294751577605677,0.0506127892202878,160,321.0117611877778,29.77034850744445,5.850119077063191,18.39529227871111
0.3577625688628472,0.2675415025200101,0.5294751577605677,0.0506127892202878,170,290.6480819755556,45.84247144955556,4.849669223488402,26.861087028344446
0.3577625688628472,0.2675415025200101,0.5294751577605677,0.0506127892202878,130,385.02725719,6.722217230422222,7.748606165728367,4.126968398444444
0.3594158819309664,0.239093511318123,0.5490205501653775,0.0501513081678063,170,336.47647319444445,40.84372780211111,5.421532977178935,25.525997870666668
0.3594158819309664,0.239093511318123,0.5490205501653775,0.0501513081678063,160,366.6374548366667,27.67141620155556,6.254739365512068,17.7814155973
0.3594158819309664,0.239093511318123,0.5490205501653775,0.0501513081678063,130,431.91887283777777,6.474416861677778,7.976596447557705,4.0096544005777774
0.3594158819309664,0.239093511318123,0.5490205501653775,0.0501513081678063,140,412.2069956055555,11.2233243651,7.494960977074024,7.1719714287444445
0.3594158819309664,0.239093511318123,0.5490205501653775,0.0501513081678063,150,390.2267922766667,17.384625373000006,6.937401800493652,11.328819633211111
0.3597515942892308,0.2627934509812388,0.425020029357007,0.0712826032714851,160,328.2596909644444,26.913037309666667,6.144090405601644,17.07492500793333
0.3597515942892308,0.2627934509812388,0.425020029357007,0.0712826032714851,140,372.7010300966666,10.633355309844443,7.478535507949478,6.758998032833333
0.3597515942892308,0.2627934509812388,0.425020029357007,0.0712826032714851,130,390.8662199366667,6.135700207566667,7.978693022206558,3.795303549911112
0.3597515942892308,0.2627934509812388,0.425020029357007,0.0712826032714851,150,352.0236960777778,17.37168688688889,6.871803668057651,11.152522514211112
0.3597515942892308,0.2627934509812388,0.425020029357007,0.0712826032714851,170,299.5637674077778,41.415127653666666,5.203411793191601,25.21372727094445
0.3608326690880741,0.2554929488424338,0.5734124052335803,0.0425949499790855,140,382.47480354,11.586225617777778,7.2449280337254,7.327261449788888
0.3608326690880741,0.2554929488424338,0.5734124052335803,0.0425949499790855,160,337.2908834155556,30.339326693,5.905832401523341,18.81318527733333
0.3608326690880741,0.2554929488424338,0.5734124052335803,0.0425949499790855,150,361.3679793444445,19.067697165,6.651201586471906,12.09731394101111
0.3608326690880741,0.2554929488424338,0.5734124052335803,0.0425949499790855,130,401.98862148,6.911286702155556,7.747237728800408,4.252459369444444
0.3608326690880741,0.2554929488424338,0.5734124052335803,0.0425949499790855,170,309.07231753444444,47.38024347255556,4.944698974090893,27.594093352266665
0.365816456836484,0.2644196079927698,0.485465272432122,0.0546255394879955,160,315.6715833077777,29.244711179333333,5.818183462472841,18.14947572917778
0.365816456836484,0.2644196079927698,0.485465272432122,0.0546255394879955,150,339.1529263811111,18.464942560222223,6.582017911179723,11.722745584455556
0.365816456836484,0.2644196079927698,0.485465272432122,0.0546255394879955,130,378.41146525777776,6.779257239344444,7.699011775248283,4.159330546966666
0.365816456836484,0.2644196079927698,0.485465272432122,0.0546255394879955,170,286.53536298666666,46.22110567133333,4.809956597583005,26.809199710511116
0.365816456836484,0.2644196079927698,0.485465272432122,0.0546255394879955,140,359.9020603077778,11.22617995417778,7.209798119226994,7.101876277288889
0.3659805035515816,0.2526435815347194,0.5329062536798268,0.0475749036909345,170,303.89815362222225,45.29743122088888,4.974018313872214,26.902467692833334
0.3659805035515816,0.2526435815347194,0.5329062536798268,0.0475749036909345,150,357.15818508555554,18.675795370444444,6.652814651155633,11.921955288633333
0.3659805035515816,0.2526435815347194,0.5329062536798268,0.0475749036909345,160,332.8803178388889,29.443331988,5.9056380747507,18.42028135731111
0.3659805035515816,0.2526435815347194,0.5329062536798268,0.0475749036909345,140,378.0067516966666,11.790734925988888,7.224204109488783,7.439211175444444
0.3659805035515816,0.2526435815347194,0.5329062536798268,0.0475749036909345,130,397.7664549933333,7.046321697733333,7.727050054068528,4.318611152711111
0.3670724411915685,0.2568626882008866,0.6160454017316874,0.0350411374672801,150,351.7065355766667,18.062192739222223,6.661790918061587,11.527598368622222
0.3670724411915685,0.2568626882008866,0.6160454017316874,0.0350411374672801,160,328.6356042977777,28.421724288222222,5.928251799703291,17.749224575855557
0.3670724411915685,0.2568626882008866,0.6160454017316874,0.0350411374672801,140,371.6752771555556,11.189691776822222,7.227874994749566,7.070916797622222
0.3670724411915685,0.2568626882008866,0.6160454017316874,0.0350411374672801,170,301.1554053655555,43.65241296055556,5.025433842178604,26.04689545545555
0.3670724411915685,0.2568626882008866,0.6160454017316874,0.0350411374672801,130,389.7916807522222,6.4931618858222215,7.708699770612783,3.9962157111666663
0.3680403350305331,0.2527468761459781,0.4340256672349455,0.0679824066299415,170,307.98203150555554,41.095708043,5.275027942507687,24.941954581233336
0.3680403350305331,0.2527468761459781,0.4340256672349455,0.0679824066299415,130,395.8956178777778,5.9474355102,7.947034431544841,3.685631989188889
0.3680403350305331,0.2527468761459781,0.4340256672349455,0.0679824066299415,140,379.3032580966666,10.719739480233336,7.473633799022712,6.807590433355555
0.3680403350305331,0.2527468761459781,0.4340256672349455,0.0679824066299415,150,357.8796526855556,17.07848078211111,6.8929223798745785,11.027811639088888
0.3680403350305331,0.2527468761459781,0.4340256672349455,0.0679824066299415,160,334.7779675111112,26.245877614666668,6.188774116126685,16.741043706299997
0.3709676936261015,0.2477128191090341,0.4988636591737066,0.0532544558925217,140,376.4748157677778,11.334743709744444,7.244989501010314,7.183409130844444
0.3709676936261015,0.2477128191090341,0.4988636591737066,0.0532544558925217,130,394.8821196077777,6.689969703622222,7.732136342887895,4.114913570088889
0.3709676936261015,0.2477128191090341,0.4988636591737066,0.0532544558925217,170,304.66128871555554,44.197276231,5.030204650639559,26.204383362222224
0.3709676936261015,0.2477128191090341,0.4988636591737066,0.0532544558925217,150,355.8561027,18.594974387222223,6.654531031377733,11.833005111322224
0.3709676936261015,0.2477128191090341,0.4988636591737066,0.0532544558925217,160,332.86765056,29.43015492488889,5.934430584607651,18.307238847522225
0.3711468477944514,0.2494615054804349,0.3845513165617141,0.0795091343819874,160,334.9131877655556,27.01989022744445,6.158668110630946,17.162598649977777
0.3711468477944514,0.2494615054804349,0.3845513165617141,0.0795091343819874,130,396.70918686444446,5.983835285188889,7.943822629795618,3.707405006766666
0.3711468477944514,0.2494615054804349,0.3845513165617141,0.0795091343819874,140,378.0942218722222,10.48682594631111,7.460382133629722,6.702451935488889
0.3711468477944514,0.2494615054804349,0.3845513165617141,0.0795091343819874,170,307.2849964033333,41.52469181755555,5.247027661594898,25.216053427311117
0.3711468477944514,0.2494615054804349,0.3845513165617141,0.0795091343819874,150,358.04894118666664,17.38106739822222,6.854707894328163,11.193442909388889
0.3737070109037416,0.2423198860942091,0.4612958084165094,0.0619813588616214,130,397.7754749855556,6.516884592466666,7.766511782894218,4.016737869666667
0.3737070109037416,0.2423198860942091,0.4612958084165094,0.0619813588616214,150,358.91093269444445,18.376420521000004,6.708160686355388,11.750774309733332
0.3737070109037416,0.2423198860942091,0.4612958084165094,0.0619813588616214,170,306.11110006777784,42.49739385344444,5.104189607791573,25.76425684722222
0.3737070109037416,0.2423198860942091,0.4612958084165094,0.0619813588616214,140,379.56625272,11.412629421944445,7.273922789723858,7.2287961286
0.3737070109037416,0.2423198860942091,0.4612958084165094,0.0619813588616214,160,335.7283635544444,28.791624355444444,5.980324368300599,18.038186788766662
0.3747319754117247,0.2402826744461393,0.4180945536597787,0.0733192724987864,130,400.9354961177778,6.333965084966667,7.839946860307821,3.9090526796
0.3747319754117247,0.2402826744461393,0.4180945536597787,0.0733192724987864,150,361.7353670511111,17.607162646888888,6.784138548577163,11.342706235055555
0.3747319754117247,0.2402826744461393,0.4180945536597787,0.0733192724987864,170,310.92268235111106,42.32084223099999,5.190329349308523,25.50966086355556
0.3747319754117247,0.2402826744461393,0.4180945536597787,0.0733192724987864,140,382.3365171833333,11.020270057133336,7.3513649896327635,7.002835992744445
0.3747319754117247,0.2402826744461393,0.4180945536597787,0.0733192724987864,160,337.79539942444444,27.46124360822222,6.077514843753599,17.448782956755554
0.3615845117880096,0.2623679409811723,0.4196753756765121,0.0727032997138764,150,352.51528454,16.495001170555557,6.968846028154667,10.6658421625
0.3615845117880096,0.2623679409811723,0.4196753756765121,0.0727032997138764,170,304.3324057544444,42.61398236544444,5.265275523523139,25.226903059666665
0.3615845117880096,0.2623679409811723,0.4196753756765121,0.0727032997138764,140,372.2672673133333,10.108968715422222,7.562588214699189,6.444359160055556
0.3615845117880096,0.2623679409811723,0.4196753756765121,0.0727032997138764,160,329.7284261533333,25.786156512777776,6.255887758071072,16.405781837899998
0.3615845117880096,0.2623679409811723,0.4196753756765121,0.0727032997138764,130,391.00279106333335,5.71835270638889,8.078045077387744,3.558514879888889
0.3630408205430115,0.2035796645137536,0.6081259827044851,0.047295967167168,140,434.3476011488889,12.507656577944443,7.249745703874832,7.965645893844444
0.3630408205430115,0.2035796645137536,0.6081259827044851,0.047295967167168,130,455.1226356577778,7.217059055366667,7.715586603500293,4.471914303233333
0.3630408205430115,0.2035796645137536,0.6081259827044851,0.047295967167168,160,384.8258101277778,30.051326037777777,6.045125261567812,19.267016889222223
0.3630408205430115,0.2035796645137536,0.6081259827044851,0.047295967167168,150,410.9861968211112,19.64455477222222,6.702951712036825,12.679494342433332
0.3630408205430115,0.2035796645137536,0.6081259827044851,0.047295967167168,170,356.5090300655556,47.23059347677778,5.189753548107349,28.81521355466667
0.3644255630405794,0.2578454672914514,0.4459840105551271,0.0674416042897747,130,396.8256176344444,5.694639869033334,8.12885567081994,3.5409279613666667
0.3644255630405794,0.2578454672914514,0.4459840105551271,0.0674416042897747,160,336.20469778666666,24.682717137555557,6.37929777115798,15.957185758644444
0.3644255630405794,0.2578454672914514,0.4459840105551271,0.0674416042897747,140,378.3972899133333,9.462785914866668,7.6486263409700594,6.085391852811111
0.3644255630405794,0.2578454672914514,0.4459840105551271,0.0674416042897747,170,309.6272424422222,37.94547809544444,5.503964006812842,23.606314057766667
0.3644255630405794,0.2578454672914514,0.4459840105551271,0.0674416042897747,150,358.8374966355556,16.03718954611111,7.058791148813601,10.42481105392222
0.3655470902797319,0.2118443511039769,0.580499776314329,0.0488145598610771,150,399.44825012,19.87015926955556,6.6664861958551,12.762359314655557
0.3655470902797319,0.2118443511039769,0.580499776314329,0.0488145598610771,140,422.39924684777776,12.432103841300004,7.222796506119535,7.890523402266667
0.3655470902797319,0.2118443511039769,0.580499776314329,0.0488145598610771,160,374.32735534777777,30.34739055344444,5.993687963896583,19.29854420544444
0.3655470902797319,0.2118443511039769,0.580499776314329,0.0488145598610771,170,342.7970053722222,45.48197874644444,5.142815717065177,27.841213584444443
0.3655470902797319,0.2118443511039769,0.580499776314329,0.0488145598610771,130,441.79234499222224,7.142053611944444,7.682976783737126,4.419667555255555
0.3669137712390748,0.2597012110456113,0.5800854075836452,0.0424418857664291,130,390.54477464111113,5.460583596311111,8.00282117954262,3.4075459913
0.3669137712390748,0.2597012110456113,0.5800854075836452,0.0424418857664291,140,373.2639687844445,9.628455897633332,7.532477687906297,6.175028728822222
0.3669137712390748,0.2597012110456113,0.5800854075836452,0.0424418857664291,160,332.6159080133333,25.03587062422222,6.287695426878773,16.0581290934
0.3669137712390748,0.2597012110456113,0.5800854075836452,0.0424418857664291,150,353.6864317966666,15.543393230555552,6.979439615885664,10.136318891299998
0.3669137712390748,0.2597012110456113,0.5800854075836452,0.0424418857664291,170,306.40832701666665,37.824725199777774,5.4498459401252415,23.4777596345
0.3686750161081295,0.2667905261514736,0.6190533785002885,0.035745714492343,150,340.9536601444444,16.007293553555556,6.8505303011369,10.398054174622224
0.3686750161081295,0.2667905261514736,0.6190533785002885,0.035745714492343,170,294.33835785,39.08738244399999,5.272013042130308,23.77468121081111
0.3686750161081295,0.2667905261514736,0.6190533785002885,0.035745714492343,160,319.41714075666664,25.064829102666668,6.151721857483322,15.977422655511113
0.3686750161081295,0.2667905261514736,0.6190533785002885,0.035745714492343,140,360.53716525444446,10.14985417952222,7.406351217608512,6.472757078
0.3686750161081295,0.2667905261514736,0.6190533785002885,0.035745714492343,130,377.7239268244445,5.772099137266666,7.883172472791609,3.580639821322222
0.3690888017367204,0.2177664211163776,0.6059251223013536,0.0426032093416928,170,333.68274467666663,44.003742261333336,5.191752800862879,27.021068274111112
0.3690888017367204,0.2177664211163776,0.6059251223013536,0.0426032093416928,130,426.1574247955556,6.639613980555556,7.694442169173609,4.122137783722222
0.3690888017367204,0.2177664211163776,0.6059251223013536,0.0426032093416928,140,406.7228414544445,11.615721233277776,7.229665287069478,7.405371328566666
0.3690888017367204,0.2177664211163776,0.6059251223013536,0.0426032093416928,150,385.96617458,19.11916261677778,6.669757740065477,12.275213113733331
0.3690888017367204,0.2177664211163776,0.6059251223013536,0.0426032093416928,160,361.7193569611111,29.262324472666663,6.016648053468805,18.556050258666662
0.3695486469946217,0.268414642537115,0.5491642482552912,0.0451170604696133,170,290.72754846888887,40.80799508588889,5.191954263100446,24.242918112477778
0.3695486469946217,0.268414642537115,0.5491642482552912,0.0451170604696133,130,372.14942183444447,5.737606326011111,7.890216146738623,3.5567267566
0.3695486469946217,0.268414642537115,0.5491642482552912,0.0451170604696133,160,314.8724366566667,25.946780430555552,6.12659878756683,16.429692981466665
0.3695486469946217,0.268414642537115,0.5491642482552912,0.0451170604696133,140,354.7075328066667,9.81877064318889,7.405347457889165,6.269595697222221
0.3695486469946217,0.268414642537115,0.5491642482552912,0.0451170604696133,150,335.73603634555553,16.003236861666668,6.822329667506231,10.3370892231
0.3726699841772199,0.2569446100985295,0.5964054771994417,0.0376773031522239,130,382.2924805644445,5.956587991666666,7.823412833143604,3.6811611198666663
0.3726699841772199,0.2569446100985295,0.5964054771994417,0.0376773031522239,140,365.02589451666665,10.253367715966666,7.359907846909903,6.542597570511112
0.3726699841772199,0.2569446100985295,0.5964054771994417,0.0376773031522239,170,298.84911888777776,39.920770654,5.245307827266854,24.206417548955557
0.3726699841772199,0.2569446100985295,0.5964054771994417,0.0376773031522239,160,324.24811171222217,25.501109923111112,6.126165995948013,16.315742310722218
0.3726699841772199,0.2569446100985295,0.5964054771994417,0.0376773031522239,150,346.04374526333334,16.791066630111107,6.79339001759607,10.777749677655551
0.3727924601227669,0.2601215453237303,0.5226368405291238,0.049536085874353,170,297.2089866855556,37.41169157055556,5.3961034633990375,23.159271652366662
0.3727924601227669,0.2601215453237303,0.5226368405291238,0.049536085874353,130,379.77771711888886,5.626986481044444,7.9586739631698,3.490490063655556
0.3727924601227669,0.2601215453237303,0.5226368405291238,0.049536085874353,150,343.49593756333337,15.562985854666668,6.941059075323792,10.133613749577776
0.3727924601227669,0.2601215453237303,0.5226368405291238,0.049536085874353,140,362.5325319711111,9.564768014566663,7.491045256715097,6.140851173711111
0.3727924601227669,0.2601215453237303,0.5226368405291238,0.049536085874353,160,322.1832392011111,24.372787342777777,6.251924639904471,15.665248780466667
0.3732637888981171,0.2465955261142201,0.4293711684547199,0.0709884254127272,130,398.0822959900001,5.402583263155557,8.054999746627967,3.376420308422222
0.3732637888981171,0.2465955261142201,0.4293711684547199,0.0709884254127272,160,338.71183235666666,24.740264896,6.339783849303517,16.016270709166665
0.3732637888981171,0.2465955261142201,0.4293711684547199,0.0709884254127272,140,380.6926854044444,9.810166389033332,7.574905026261989,6.299010300355556
0.3732637888981171,0.2465955261142201,0.4293711684547199,0.0709884254127272,170,313.5965603311112,38.07392362022222,5.496376714981549,23.598453583888887
0.3732637888981171,0.2465955261142201,0.4293711684547199,0.0709884254127272,150,361.5334122333333,15.763844411444444,7.030608039007951,10.266741522066663
0.3733233995506677,0.2242978133994136,0.534682111771295,0.0530876952001996,140,394.6804018766667,11.238036014233332,7.227656702370711,7.174884696611112
0.3733233995506677,0.2242978133994136,0.534682111771295,0.0530876952001996,170,321.2814853222223,44.61546434155554,5.099975085692977,26.877138101111107
0.3733233995506677,0.2242978133994136,0.534682111771295,0.0530876952001996,130,413.8185118644445,6.796097873666668,7.691874311903807,4.193876182666667
0.3733233995506677,0.2242978133994136,0.534682111771295,0.0530876952001996,160,349.4123481655556,28.45782267322222,5.99048438370138,18.137116115
0.3733233995506677,0.2242978133994136,0.534682111771295,0.0530876952001996,150,372.1109135533334,18.39973246488889,6.648399157259529,11.856500030444444
0.3735716659123508,0.227513903021065,0.5645487406709933,0.0463866358952878,150,368.4563553788889,18.366307238,6.643375212800038,11.780080600066666
0.3735716659123508,0.227513903021065,0.5645487406709933,0.0463866358952878,160,345.1315831722222,28.288620044111116,5.978800752362123,17.969384982677774
0.3735716659123508,0.227513903021065,0.5645487406709933,0.0463866358952878,130,407.9042095422223,6.391395641733333,7.671174145495287,3.958932305033333
0.3735716659123508,0.227513903021065,0.5645487406709933,0.0463866358952878,170,316.2170946855556,42.47793555766666,5.1132463460649324,25.93197792911111
0.3735716659123508,0.227513903021065,0.5645487406709933,0.0463866358952878,140,390.1944130822222,11.924244815277778,7.1914967812237895,7.525270438844445
0.3741533882874581,0.2108181069883183,0.5377167681400543,0.0592329259471007,140,403.39158629,11.6111478981,7.231322941019284,7.3962455209
0.3741533882874581,0.2108181069883183,0.5377167681400543,0.0592329259471007,150,382.08303241,18.164437635888888,6.694837195258101,11.757172279144443
0.3741533882874581,0.2108181069883183,0.5377167681400543,0.0592329259471007,160,357.9200336044444,28.617282163555554,6.021291845148965,18.278145505055555
0.3741533882874581,0.2108181069883183,0.5377167681400543,0.0592329259471007,130,422.85753387777777,6.801438633755556,7.689746739438616,4.2059083601
0.3741533882874581,0.2108181069883183,0.5377167681400543,0.0592329259471007,170,328.6029527022222,42.21766010833333,5.196084959157888,26.103383247222222
0.3747686297435353,0.2519664452459539,0.4997948311556625,0.0548832778789292,150,351.4446196511111,15.357834187888889,7.011134349128746,10.019983516811113
0.3747686297435353,0.2519664452459539,0.4997948311556625,0.0548832778789292,140,370.2785763055556,9.543804726633336,7.540085482129038,6.135748040677777
0.3747686297435353,0.2519664452459539,0.4997948311556625,0.0548832778789292,160,330.2998506588889,24.200826472333336,6.327421137817361,15.631550050855555
0.3747686297435353,0.2519664452459539,0.4997948311556625,0.0548832778789292,130,387.6125107555556,5.51256676238889,8.022083965736128,3.4305548752666666
0.3747686297435353,0.2519664452459539,0.4997948311556625,0.0548832778789292,170,305.57791587,36.219720460888894,5.524414523557728,22.718056416600003
0.3747938817529138,0.2446121003200164,0.5642165790432383,0.0430437407459136,140,373.0464295511112,10.5284569248,7.3040213146909405,6.720856903566667
0.3747938817529138,0.2446121003200164,0.5642165790432383,0.0430437407459136,160,330.78045872555555,26.479366260333336,6.066372403736897,16.89084706101111
0.3747938817529138,0.2446121003200164,0.5642165790432383,0.0430437407459136,150,352.64576155777775,16.933412966333332,6.732744017765802,10.936867783377778
0.3747938817529138,0.2446121003200164,0.5642165790432383,0.0430437407459136,130,391.79044425333336,6.337144688633334,7.765310588213457,3.9065314775888895
0.3747938817529138,0.2446121003200164,0.5642165790432383,0.0430437407459136,170,306.1791466955556,42.16193016655556,5.163425405489007,25.30620724388889
0.3749435983488587,0.240202362013742,0.6104238161806761,0.0385682281121545,140,380.0742445133333,9.571676643211111,7.486339546295002,6.177569412455555
0.3749435983488587,0.240202362013742,0.6104238161806761,0.0385682281121545,150,361.9132549711111,16.01541067311111,6.952443145784081,10.404079868455556
0.3749435983488587,0.240202362013742,0.6104238161806761,0.0385682281121545,170,316.48579992333333,38.39049848399999,5.479672343201404,23.751298281222223
0.3749435983488587,0.240202362013742,0.6104238161806761,0.0385682281121545,160,338.93810909666666,23.72125578611111,6.304280426213092,15.491304994666669
0.3749435983488587,0.240202362013742,0.6104238161806761,0.0385682281121545,130,397.6111125000001,5.751581932800001,7.916668692982207,3.5749721907888894
0.3771033436184459,0.2236935878838043,0.4759625734903564,0.0663778988909183,130,409.0662225711112,6.808351886444445,7.710845590487013,4.200574439666666
0.3771033436184459,0.2236935878838043,0.4759625734903564,0.0663778988909183,160,346.2162545133333,29.024523325,5.990865035869568,18.299676004977776
0.3771033436184459,0.2236935878838043,0.4759625734903564,0.0663778988909183,170,319.0154792633333,43.82915498766666,5.136577202348724,26.545589130777778
0.3771033436184459,0.2236935878838043,0.4759625734903564,0.0663778988909183,140,390.2940017222222,11.57492050268889,7.228326449503481,7.329484995888889
0.3771033436184459,0.2236935878838043,0.4759625734903564,0.0663778988909183,150,369.9406574866667,18.70424515733333,6.675600591423975,11.968958528833332
0.3775035704333327,0.2154327155538776,0.5071540867105017,0.0635135679825203,140,393.1139672455556,11.5075181003,7.206766617330405,7.320260516255556
0.3775035704333327,0.2154327155538776,0.5071540867105017,0.0635135679825203,150,372.65971428222224,18.726844893666662,6.639624637563153,12.007527639944444
0.3775035704333327,0.2154327155538776,0.5071540867105017,0.0635135679825203,130,411.8988869077778,6.632979480955556,7.653807669869545,4.103203161144445
0.3775035704333327,0.2154327155538776,0.5071540867105017,0.0635135679825203,170,322.2533252233334,45.49063413388889,5.078444547235928,27.11548789944445
0.3775035704333327,0.2154327155538776,0.5071540867105017,0.0635135679825203,160,349.5953200544444,29.333015359111112,5.961079789768244,18.490537810555555
0.3776282603452998,0.241810642768197,0.4674893435091231,0.0632151631331079,160,336.83685995444444,25.218617800666667,6.285487902852875,16.185693251866667
0.3776282603452998,0.241810642768197,0.4674893435091231,0.0632151631331079,170,311.1591958922222,37.893065561666674,5.461114916436298,23.489541033077774
0.3776282603452998,0.241810642768197,0.4674893435091231,0.0632151631331079,150,358.3706996533333,16.409327662000003,6.944504853011856,10.6009113464
0.3776282603452998,0.241810642768197,0.4674893435091231,0.0632151631331079,130,394.84770997777775,5.680714152566667,7.973434510763277,3.5327984977777773
0.3776282603452998,0.241810642768197,0.4674893435091231,0.0632151631331079,140,376.60034263666665,9.62712141641111,7.504596636928369,6.204023636433333
0.3783348608109574,0.2444878002830851,0.5269902656582088,0.0505732811106973,170,305.9899298944444,36.74227150411111,5.459040707184647,23.001424759888884
0.3783348608109574,0.2444878002830851,0.5269902656582088,0.0505732811106973,150,351.80837126888895,15.981194947555554,6.911230115971124,10.356753595277777
0.3783348608109574,0.2444878002830851,0.5269902656582088,0.0505732811106973,160,330.8744401244444,24.229528518111117,6.269541974034654,15.647720373077778
0.3783348608109574,0.2444878002830851,0.5269902656582088,0.0505732811106973,140,370.8683677177778,9.70203243321111,7.468859434867843,6.223393503011111
0.3783348608109574,0.2444878002830851,0.5269902656582088,0.0505732811106973,130,388.0256767777778,5.559448694211111,7.921224304228357,3.4623604518444444
0.3789732225717578,0.2112254143825941,0.4510730830228282,0.0831417924710799,160,355.9371455233333,27.391261843555554,6.137914223207615,17.546853447888886
0.3789732225717578,0.2112254143825941,0.4510730830228282,0.0831417924710799,140,400.1627986411111,10.822528979922222,7.353451354278921,6.942954221922222
0.3789732225717578,0.2112254143825941,0.4510730830228282,0.0831417924710799,170,329.2319675933333,41.749640380555554,5.310062334856325,25.860782807111114
0.3789732225717578,0.2112254143825941,0.4510730830228282,0.0831417924710799,150,380.0198363044445,17.74296074688889,6.801992119634573,11.4751547567
0.3789732225717578,0.2112254143825941,0.4510730830228282,0.0831417924710799,130,419.50859869,6.315512787344444,7.806676076628921,3.920372831966666
0.3814379378026291,0.2207207425231013,0.4443817690301873,0.0772681944733035,150,365.4775812222222,17.323924445888892,6.7407117733529285,11.215785424855556
0.3814379378026291,0.2207207425231013,0.4443817690301873,0.0772681944733035,130,405.0776740166667,6.4708474634333335,7.747953960676666,4.000610701766666
0.3814379378026291,0.2207207425231013,0.4443817690301873,0.0772681944733035,170,315.4536196222222,41.80071665911111,5.19390877483534,25.49575051931111
0.3814379378026291,0.2207207425231013,0.4443817690301873,0.0772681944733035,160,342.42392387777784,27.06384848744445,6.053998964679086,17.314035664255556
0.3814379378026291,0.2207207425231013,0.4443817690301873,0.0772681944733035,140,386.2853209677778,10.915281081266668,7.291392252365474,6.970625969322222
0.3825082516628987,0.2166816794030851,0.4821925800888078,0.0726182006013376,160,346.1324556833333,25.200113188777777,6.252759250554489,16.328332589966667
0.3825082516628987,0.2166816794030851,0.4821925800888078,0.0726182006013376,130,405.3147177511111,6.021633661255556,7.865665478494846,3.7442429029
0.3825082516628987,0.2166816794030851,0.4821925800888078,0.0726182006013376,150,367.8217399322222,16.219405657777777,6.894419733783652,10.5755574082
0.3825082516628987,0.2166816794030851,0.4821925800888078,0.0726182006013376,140,387.5806599255555,9.968142025066667,7.42259926158523,6.405848617766667
0.3825082516628987,0.2166816794030851,0.4821925800888078,0.0726182006013376,170,321.93004078888896,38.78187191088889,5.4507139603809565,24.17642840411111
0.3846756276583383,0.2327342808582709,0.4288386065956306,0.0783529284027794,150,358.40347545111115,15.15980573188889,7.07273026666583,9.906077313911112
0.3846756276583383,0.2327342808582709,0.4288386065956306,0.0783529284027794,170,314.0310641677778,35.84679094011111,5.641712758889961,22.49667006505556
0.3846756276583383,0.2327342808582709,0.4288386065956306,0.0783529284027794,130,394.1714987577778,5.407255798377778,8.068553680014338,3.369283001055556
0.3846756276583383,0.2327342808582709,0.4288386065956306,0.0783529284027794,160,337.18656108000005,22.67567482188889,6.464568474692856,14.889580026955556
0.3846756276583383,0.2327342808582709,0.4288386065956306,0.0783529284027794,140,376.7872314422222,9.02044990621111,7.621719255632491,5.836531633522222
