Run,Iter,Min Obj,Param Min,Min Obj Cum.,Param Cum.,jac evals,Termination,Run Time
1,374,3865304.518105608,"[ 2.89631543  4.          1.5         3.1945792   2.23150945  3.07915865
 75.         75.          9.9999988  29.9003147  50.         50.        ]",3865304.3599232137,"[ 2.89631543  4.          1.5         3.1945793   2.23150945  3.07915865
 75.         75.         10.         29.9003147  50.         50.        ]",29,0,221.57936072349548
198,432,3865304.522507889,"[ 2.89631513  3.9999999   1.5         3.1945748   2.23151057  3.07915976
 75.         75.         10.         29.90012712 50.         50.        ]",3865304.359936639,"[ 2.89631523  4.          1.5         3.1945748   2.23151057  3.07915976
 75.         75.         10.         29.90012712 50.         50.        ]",34,0,328.8220965862274
108,444,3865304.3599498193,"[ 2.89631459  4.          1.5         3.19457448  2.23151483  3.07915804
 75.         75.         10.         29.90003878 50.         50.        ]",3865304.3599498193,"[ 2.89631459  4.          1.5         3.19457448  2.23151483  3.07915804
 75.         75.         10.         29.90003878 50.         50.        ]",35,0,265.0009672641754
128,523,3865304.522518588,"[ 2.89631475  3.9999999   1.5         3.19458078  2.23150563  3.07916101
 75.         75.         10.         29.90042681 50.         50.        ]",3865304.3599514803,"[ 2.89631485  4.          1.5         3.19458078  2.23150563  3.07916101
 75.         75.         10.         29.90042681 50.         50.        ]",41,0,313.2608075141907
90,452,3865304.5181304375,"[ 2.89631646  4.          1.5         3.19457437  2.23150331  3.07915789
 75.         75.          9.9999988  29.89996793 50.         50.        ]",3865304.359952127,"[ 2.89631646  4.          1.5         3.19457437  2.23150331  3.07915799
 75.         75.         10.         29.89996793 50.         50.        ]",35,0,282.5992624759674
123,436,3865304.3599535767,"[ 2.89631529  4.          1.5         3.19457871  2.23151675  3.07915782
 75.         75.         10.         29.90033154 50.         50.        ]",3865304.3599535767,"[ 2.89631529  4.          1.5         3.19457871  2.23151675  3.07915782
 75.         75.         10.         29.90033154 50.         50.        ]",34,0,258.25808572769165
79,544,3865304.3599646804,"[ 2.89631618  4.          1.5         3.19457393  2.23151889  3.07915942
 75.         75.         10.         29.89994184 50.         50.        ]",3865304.3599646804,"[ 2.89631618  4.          1.5         3.19457393  2.23151889  3.07915942
 75.         75.         10.         29.89994184 50.         50.        ]",42,0,336.34423184394836
86,454,3865304.406177968,"[ 2.8963166   4.          1.5         3.19457991  2.23150993  3.0791631
 75.         75.         10.         29.90021742 49.9999988  50.        ]",3865304.3599676657,"[ 2.8963166   4.          1.5         3.19457991  2.23150993  3.0791631
 75.         75.         10.         29.90021862 50.         50.        ]",35,0,279.35856318473816
9,441,3865304.4061842994,"[ 2.89631682  4.          1.5         3.19458148  2.23150786  3.07916324
 75.         75.         10.         29.90029619 49.9999988  50.        ]",3865304.3599738134,"[ 2.89631682  4.          1.5         3.19458148  2.23150786  3.07916324
 75.         75.         10.         29.90029739 50.         50.        ]",34,0,290.50230073928833
131,480,3865304.4061861117,"[ 2.89631522  4.          1.5         3.19458052  2.23150707  3.07916356
 75.         75.         10.         29.90031957 49.9999988  50.        ]",3865304.359976064,"[ 2.89631522  4.          1.5         3.19458052  2.23150707  3.07916356
 75.         75.         10.         29.90032077 50.         50.        ]",37,0,282.95965576171875
80,457,3865304.3599812505,"[ 2.89631692  4.          1.5         3.19458231  2.23150606  3.07916368
 75.         75.         10.         29.9004857  50.         50.        ]",3865304.3599789473,"[ 2.89631682  4.          1.5         3.19458231  2.23150606  3.07916368
 75.         75.         10.         29.9004857  50.         50.        ]",36,0,287.85325503349304
117,508,3865304.359986249,"[ 2.89631693  4.          1.5         3.19457932  2.23150668  3.07916448
 75.         75.         10.         29.90029985 50.         50.        ]",3865304.359986249,"[ 2.89631693  4.          1.5         3.19457932  2.23150668  3.07916448
 75.         75.         10.         29.90029985 50.         50.        ]",40,0,303.2648904323578
134,488,3865304.359992971,"[ 2.89631455  4.          1.5         3.19458028  2.23150394  3.07915479
 75.         75.         10.         29.90029789 50.         50.        ]",3865304.359992971,"[ 2.89631455  4.          1.5         3.19458028  2.23150394  3.07915479
 75.         75.         10.         29.90029789 50.         50.        ]",38,0,290.16170740127563
68,458,3865304.5225707768,"[ 2.89631552  3.9999999   1.5         3.1945792   2.23150634  3.07916478
 75.         75.         10.         29.90028131 50.         50.        ]",3865304.3600025233,"[ 2.89631562  4.          1.5         3.1945792   2.23150634  3.07916478
 75.         75.         10.         29.90028131 50.         50.        ]",36,0,288.8197181224823
48,542,3865304.4386268314,"[ 2.89631574  4.          1.5         3.19456159  2.23149857  3.0791595
 75.         74.9999988  10.         29.89911901 50.         50.        ]",3865304.3601138955,"[ 2.89631574  4.          1.5         3.19456159  2.23149867  3.0791595
 75.         75.         10.         29.89911901 50.         50.        ]",42,0,339.41737365722656
94,469,3865304.3601422715,"[ 2.89631562  4.          1.5         3.19459543  2.23150885  3.07916452
 75.         75.         10.         29.90113608 50.         50.        ]",3865304.3601422715,"[ 2.89631562  4.          1.5         3.19459543  2.23150885  3.07916452
 75.         75.         10.         29.90113608 50.         50.        ]",37,0,296.92723321914673
115,412,3865304.4387016646,"[ 2.89631429  4.          1.5         3.19456847  2.23151427  3.07914996
 75.         74.9999988  10.         29.89974981 50.         50.        ]",3865304.360186115,"[ 2.89631429  4.          1.5         3.19456847  2.23151427  3.07915006
 75.         75.         10.         29.89974981 50.         50.        ]",32,0,242.2941026687622
186,565,3865304.3602715963,"[ 2.89631565  4.          1.5         3.19459824  2.23149734  3.07915534
 75.         75.         10.         29.90142199 50.         50.        ]",3865304.3602715963,"[ 2.89631565  4.          1.5         3.19459824  2.23149734  3.07915534
 75.         75.         10.         29.90142199 50.         50.        ]",44,0,333.6957139968872
147,432,3865304.5228861165,"[ 2.89631426  3.9999999   1.5         3.19455439  2.23149974  3.07916167
 75.         75.         10.         29.89930827 50.         50.        ]",3865304.360311221,"[ 2.89631436  4.          1.5         3.19455439  2.23149974  3.07916167
 75.         75.         10.         29.89930827 50.         50.        ]",34,0,257.5308313369751
13,600,3865304.3603629065,"[ 2.89631093  4.          1.5         3.19456313  2.2315039   3.07915783
 75.         75.         10.         29.89966822 50.         50.        ]",3865304.3603629065,"[ 2.89631093  4.          1.5         3.19456313  2.2315039   3.07915783
 75.         75.         10.         29.89966822 50.         50.        ]",47,0,389.3796947002411
89,458,3865304.5231719688,"[ 2.89631431  3.9999999   1.5         3.19455023  2.23149144  3.07916663
 75.         75.         10.         29.8986439  50.         50.        ]",3865304.3605984817,"[ 2.89631441  4.          1.5         3.19455023  2.23149144  3.07916663
 75.         75.         10.         29.8986439  50.         50.        ]",36,0,291.0010724067688
107,466,3865304.3608882283,"[ 2.89631682  4.          1.5         3.19453932  2.23149874  3.07916265
 75.         75.         10.         29.89778892 50.         50.        ]",3865304.3608882283,"[ 2.89631682  4.          1.5         3.19453932  2.23149874  3.07916265
 75.         75.         10.         29.89778892 50.         50.        ]",36,0,272.62187027931213
50,536,3865304.523624612,"[ 2.8963145   3.9999999   1.5         3.1945395   2.23150682  3.07916923
 75.         75.         10.         29.89817276 50.         50.        ]",3865304.361050725,"[ 2.8963146   4.          1.5         3.1945395   2.23150682  3.07916923
 75.         75.         10.         29.89817276 50.         50.        ]",42,0,337.8301601409912
98,435,3865304.362134375,"[ 2.89631506  4.          1.5         3.19453932  2.23157972  3.07916035
 75.         75.         10.         29.89826336 50.         50.        ]",3865304.362126807,"[ 2.89631506  4.          1.5         3.19453942  2.23157962  3.07916035
 75.         75.         10.         29.89826336 50.         50.        ]",34,0,258.1735270023346
116,516,3865304.4418435246,"[ 2.89631921  4.          1.5         3.19457725  2.23150105  3.07913939
 75.         74.9999988  10.         29.90169495 50.         50.        ]",3865304.3633207586,"[ 2.89631921  4.          1.5         3.19457725  2.23150105  3.07913949
 75.         75.         10.         29.90169495 50.         50.        ]",40,0,302.0204358100891
27,419,3865304.525904238,"[ 2.89631198  3.9999999   1.5         3.19453115  2.23159622  3.07914614
 75.         75.         10.         29.8974731  50.         50.        ]",3865304.363336694,"[ 2.89631208  4.          1.5         3.19453115  2.23159622  3.07914614
 75.         75.         10.         29.8974731  50.         50.        ]",33,0,264.7210156917572
37,510,3865304.5267445752,"[ 2.8963102   3.9999999   1.5         3.19465207  2.2314745   3.07916955
 75.         75.         10.         29.90473464 50.         50.        ]",3865304.3641569815,"[ 2.8963103   4.          1.5         3.19465207  2.2314745   3.07916955
 75.         75.         10.         29.90473464 50.         50.        ]",40,0,321.8976490497589
46,457,3865418.6717145424,"[ 2.89967537  4.          1.5         3.18612121  2.22908699  3.08377018
 74.74146139 75.         10.         29.62133368 50.         50.        ]",3865418.6717145424,"[ 2.89967537  4.          1.5         3.18612121  2.22908699  3.08377018
 74.74146139 75.         10.         29.62133368 50.         50.        ]",36,0,289.26542949676514
144,452,3865506.4557508733,"[ 2.90708722  4.          1.5         3.19801783  2.2276159   3.08781749
 74.22474384 75.          9.9999988  30.3966421  50.         50.        ]",3865506.297513864,"[ 2.90708722  4.          1.5         3.19801783  2.2276159   3.08781749
 74.22474505 75.         10.         30.3966421  50.         50.        ]",35,0,265.59054470062256
36,262,3868516.1836802377,"[ 2.89621517  4.          1.5         3.12862715  2.26367436  3.08783553
 74.96416458 75.         10.         25.98866346 50.         50.        ]",3868516.1836802377,"[ 2.89621517  4.          1.5         3.12862715  2.26367436  3.08783553
 74.96416458 75.         10.         25.98866346 50.         50.        ]",21,0,168.931565284729
85,455,4620376.797216324,"[ 3.19979051  4.          1.5         3.07877708  2.78170818  2.
 58.56034413 75.         10.         29.94469737 50.         47.16955509]",4620376.797216324,"[ 3.19979051  4.          1.5         3.07877708  2.78170818  2.
 58.56034413 75.         10.         29.94469737 50.         47.16955509]",35,0,280.0186939239502
151,424,4620376.797233903,"[ 3.19979369  4.          1.5         3.078776    2.7817029   2.
 58.56022671 75.         10.         29.94475295 50.         47.16949016]",4620376.797233903,"[ 3.19979369  4.          1.5         3.078776    2.7817029   2.
 58.56022671 75.         10.         29.94475295 50.         47.16949016]",33,0,251.67838335037231
180,451,4620376.857326986,"[ 3.19978944  4.          1.5         3.07877311  2.78171201  2.
 58.56028913 74.9999988  10.         29.94467655 50.         47.16956637]",4620376.797240728,"[ 3.19978944  4.          1.5         3.07877311  2.78171201  2.
 58.56029034 75.         10.         29.94467655 50.         47.16956637]",35,0,266.17550230026245
165,429,4620376.79724801,"[ 3.19979048  4.          1.5         3.07877201  2.78169892  2.
 58.56035273 75.         10.         29.94453528 50.         47.16953322]",4620376.79724801,"[ 3.19979048  4.          1.5         3.07877201  2.78169892  2.
 58.56035273 75.         10.         29.94453528 50.         47.16953322]",33,0,252.24007487297058
30,398,4620376.7972527435,"[ 3.19979023  4.          1.5         3.07877465  2.78171174  2.
 58.56023379 75.         10.         29.94456499 50.         47.16962513]",4620376.7972527435,"[ 3.19979023  4.          1.5         3.07877465  2.78171174  2.
 58.56023379 75.         10.         29.94456499 50.         47.16962513]",31,0,250.97138667106628
168,413,4620376.985401739,"[ 3.19979222  4.          1.5         3.07878519  2.78171248  2.
 58.56024037 75.          9.9999988  29.94514936 50.         47.16955101]",4620376.797269082,"[ 3.19979222  4.          1.5         3.07878519  2.78171248  2.
 58.56024158 75.         10.         29.94514936 50.         47.16955101]",32,0,243.47110080718994
161,444,4620376.797305016,"[ 3.19978774  4.          1.5         3.07878239  2.7817137   2.
 58.56033985 75.         10.         29.94472283 50.         47.16960933]",4620376.797305016,"[ 3.19978774  4.          1.5         3.07878239  2.7817137   2.
 58.56033985 75.         10.         29.94472283 50.         47.16960933]",35,0,267.56594920158386
162,457,4620376.797310459,"[ 3.19978455  4.          1.5         3.07878176  2.7817028   2.
 58.56048759 75.         10.         29.94491647 50.         47.1696268 ]",4620376.797310459,"[ 3.19978455  4.          1.5         3.07878176  2.7817028   2.
 58.56048759 75.         10.         29.94491647 50.         47.1696268 ]",36,0,274.57550621032715
166,416,4620376.797328382,"[ 3.19979303  4.          1.5         3.07878362  2.78170441  2.
 58.56029087 75.         10.         29.94514607 50.         47.16963633]",4620376.797328382,"[ 3.19979303  4.          1.5         3.07878362  2.78170441  2.
 58.56029087 75.         10.         29.94514607 50.         47.16963633]",32,0,243.40096712112427
12,370,4620376.797337865,"[ 3.19978699  4.          1.5         3.07878194  2.78169674  2.
 58.56048258 75.         10.         29.94486084 50.         47.1696359 ]",4620376.797337865,"[ 3.19978699  4.          1.5         3.07878194  2.78169674  2.
 58.56048258 75.         10.         29.94486084 50.         47.1696359 ]",29,0,248.47681093215942
4,454,4620376.832879616,"[ 3.19978739  4.          1.5         3.07877889  2.78171908  2.
 58.56039439 75.         10.         29.94472373 49.9999988  47.16972053]",4620376.79735805,"[ 3.19978739  4.          1.5         3.07877889  2.78171908  2.
 58.56039439 75.         10.         29.94472493 50.         47.16972053]",35,0,261.6424779891968
17,393,4620376.946523686,"[ 3.19978632  3.9999999   1.5         3.07877854  2.78171845  2.
 58.56038731 75.         10.         29.94442006 50.         47.16965237]",4620376.797360122,"[ 3.19978642  4.          1.5         3.07877854  2.78171845  2.
 58.56038731 75.         10.         29.94442006 50.         47.16965237]",31,0,248.05039429664612
10,358,4620377.008858619,"[ 3.19980066  4.          1.5         3.07877467  2.78170232  2.0000001
 58.56002848 75.         10.         29.94485247 50.         47.16941716]",4620376.797381424,"[ 3.19980066  4.          1.5         3.07877467  2.78170242  2.
 58.56002848 75.         10.         29.94485247 50.         47.16941716]",28,0,237.71655750274658
41,470,4620376.797384999,"[ 3.19978571  4.          1.5         3.07876945  2.78169339  2.
 58.56045558 75.         10.         29.94419565 50.         47.1696595 ]",4620376.797384999,"[ 3.19978571  4.          1.5         3.07876945  2.78169339  2.
 58.56045558 75.         10.         29.94419565 50.         47.1696595 ]",37,0,297.2404065132141
127,383,4620376.797390206,"[ 3.19979031  4.          1.5         3.07878681  2.78168851  2.
 58.56027723 75.         10.         29.94513078 50.         47.16949856]",4620376.797390206,"[ 3.19979031  4.          1.5         3.07878681  2.78168851  2.
 58.56027723 75.         10.         29.94513078 50.         47.16949856]",30,0,227.98684191703796
14,419,4620376.946575664,"[ 3.19978893  3.9999999   1.5         3.07877949  2.78169208  2.
 58.56021887 75.         10.         29.94486435 50.         47.1696844 ]",4620376.797409402,"[ 3.19978903  4.          1.5         3.07877949  2.78169208  2.
 58.56021887 75.         10.         29.94486435 50.         47.1696844 ]",33,0,271.0993559360504
138,445,4620376.946593958,"[ 3.19978365  3.9999999   1.5         3.07877851  2.78171092  2.
 58.56039855 75.         10.         29.94474169 50.         47.16975365]",4620376.797424299,"[ 3.19978375  4.          1.5         3.07877851  2.78171092  2.
 58.56039855 75.         10.         29.94474169 50.         47.16975365]",35,0,267.0350081920624
196,435,4620376.797432005,"[ 3.19978995  4.          1.5         3.07879179  2.78169335  2.
 58.56034926 75.         10.         29.94526549 50.         47.16957984]",4620376.797432005,"[ 3.19978995  4.          1.5         3.07879179  2.78169335  2.
 58.56034926 75.         10.         29.94526549 50.         47.16957984]",34,0,331.32429027557373
20,442,4620376.797436678,"[ 3.19979845  4.          1.5         3.07876753  2.78170882  2.
 58.56007688 75.         10.         29.94412108 50.         47.16945038]",4620376.797436678,"[ 3.19979845  4.          1.5         3.07876753  2.78170882  2.
 58.56007688 75.         10.         29.94412108 50.         47.16945038]",34,0,273.0429949760437
156,457,4620376.797442771,"[ 3.19978683  4.          1.5         3.07877387  2.78169865  2.
 58.56030726 75.         10.         29.94420651 50.         47.16969903]",4620376.797442771,"[ 3.19978683  4.          1.5         3.07877387  2.78169865  2.
 58.56030726 75.         10.         29.94420651 50.         47.16969903]",36,0,273.5266013145447
106,406,4620376.94661607,"[ 3.19979901  3.9999999   1.5         3.07877109  2.78170313  2.
 58.55985147 75.         10.         29.94466951 50.         47.16955208]",4620376.797448163,"[ 3.19979911  4.          1.5         3.07877109  2.78170313  2.
 58.55985147 75.         10.         29.94466951 50.         47.16955208]",32,0,241.24103546142578
47,436,4620377.00893156,"[ 3.19979405  4.          1.5         3.07878218  2.78168855  2.0000001
 58.56039329 75.         10.         29.94489816 50.         47.16943751]",4620376.79745488,"[ 3.19979405  4.          1.5         3.07878218  2.78168865  2.
 58.56039329 75.         10.         29.94489816 50.         47.16943751]",34,0,276.18931436538696
109,315,4620376.946632611,"[ 3.19978033  3.9999999   1.5         3.07877392  2.78171701  2.
 58.560621   75.         10.         29.94437597 50.         47.16972768]",4620376.797468273,"[ 3.19978043  4.          1.5         3.07877392  2.78171701  2.
 58.560621   75.         10.         29.94437597 50.         47.16972768]",25,0,188.47469115257263
179,442,4620376.797468596,"[ 3.19980207  4.          1.5         3.07877436  2.78171362  2.
 58.5600593  75.         10.         29.94462194 50.         47.16945289]",4620376.797468596,"[ 3.19980207  4.          1.5         3.07877436  2.78171362  2.
 58.5600593  75.         10.         29.94462194 50.         47.16945289]",34,0,258.7796196937561
145,507,4620376.7974699475,"[ 3.19979407  4.          1.5         3.07877236  2.78169655  2.
 58.56033052 75.         10.         29.9446611  50.         47.16933214]",4620376.7974699475,"[ 3.19979407  4.          1.5         3.07877236  2.78169655  2.
 58.56033052 75.         10.         29.9446611  50.         47.16933214]",39,0,295.8556025028229
174,445,4620376.946652077,"[ 3.19978632  3.9999999   1.5         3.0787701   2.78173646  2.
 58.56036473 75.         10.         29.94425981 50.         47.16965752]",4620376.79748632,"[ 3.19978642  4.          1.5         3.0787701   2.78173646  2.
 58.56036473 75.         10.         29.94425981 50.         47.16965752]",35,0,265.53934144973755
54,390,4620376.797509254,"[ 3.19978713  4.          1.5         3.07878875  2.78168532  2.
 58.5604597  75.         10.         29.94499014 50.         47.16948436]",4620376.797509254,"[ 3.19978713  4.          1.5         3.07878875  2.78168532  2.
 58.5604597  75.         10.         29.94499014 50.         47.16948436]",30,0,242.8711085319519
57,410,4620377.008986395,"[ 3.19978041  4.          1.5         3.07877428  2.78172159  2.0000001
 58.56075508 75.         10.         29.94432724 50.         47.16962007]",4620376.797512101,"[ 3.19978041  4.          1.5         3.07877438  2.78172159  2.
 58.56075508 75.         10.         29.94432724 50.         47.16962007]",32,0,258.63019704818726
182,392,4620376.797514524,"[ 3.19978242  4.          1.5         3.0787793   2.78173066  2.
 58.56051205 75.         10.         29.94462308 50.         47.16974607]",4620376.797514524,"[ 3.19978242  4.          1.5         3.0787793   2.78173066  2.
 58.56051205 75.         10.         29.94462308 50.         47.16974607]",31,0,236.99607181549072
159,416,4620376.797516362,"[ 3.19979241  4.          1.5         3.07877005  2.78167785  2.
 58.56025374 75.         10.         29.94436009 50.         47.16942021]",4620376.797516362,"[ 3.19979241  4.          1.5         3.07877005  2.78167785  2.
 58.56025374 75.         10.         29.94436009 50.         47.16942021]",32,0,242.68378686904907
21,390,4620376.797542258,"[ 3.19980249  4.          1.5         3.0787746   2.781706    2.
 58.56007913 75.         10.         29.94485125 50.         47.16933287]",4620376.797542258,"[ 3.19980249  4.          1.5         3.0787746   2.781706    2.
 58.56007913 75.         10.         29.94485125 50.         47.16933287]",30,0,241.069726228714
7,429,4620376.797547241,"[ 3.19980258  4.          1.5         3.07877451  2.78170176  2.
 58.55994069 75.         10.         29.94476201 50.         47.1693413 ]",4620376.797547241,"[ 3.19980258  4.          1.5         3.07877451  2.78170176  2.
 58.55994069 75.         10.         29.94476201 50.         47.1693413 ]",33,0,281.09365224838257
146,429,4620376.797549724,"[ 3.19978342  4.          1.5         3.0787777   2.78170695  2.
 58.56068759 75.         10.         29.94454366 50.         47.16939868]",4620376.797549724,"[ 3.19978342  4.          1.5         3.0787777   2.78170695  2.
 58.56068759 75.         10.         29.94454366 50.         47.16939868]",33,0,250.7334291934967
193,379,4620376.79755335,"[ 3.19979889  4.          1.5         3.07877864  2.78168039  2.
 58.55996723 75.         10.         29.94503955 50.         47.16940867]",4620376.79755335,"[ 3.19979889  4.          1.5         3.07877864  2.78168039  2.
 58.55996723 75.         10.         29.94503955 50.         47.16940867]",30,0,292.74491024017334
125,494,4620376.797553513,"[ 3.19980322  4.          1.5         3.0787802   2.78169499  2.
 58.55983582 75.         10.         29.94525612 50.         47.16939443]",4620376.797553513,"[ 3.19980322  4.          1.5         3.0787802   2.78169499  2.
 58.55983582 75.         10.         29.94525612 50.         47.16939443]",38,0,287.480938911438
170,475,4620377.009039112,"[ 3.19980056  4.          1.5         3.07877087  2.78170897  2.0000001
 58.55990286 75.         10.         29.94484703 50.         47.1693475 ]",4620376.797557669,"[ 3.19980056  4.          1.5         3.07877097  2.78170897  2.
 58.55990286 75.         10.         29.94484703 50.         47.1693475 ]",37,0,280.18205070495605
160,432,4620376.9467256265,"[ 3.19977909  3.9999999   1.5         3.07878116  2.78170607  2.
 58.56082526 75.         10.         29.94474311 50.         47.16959201]",4620376.797557924,"[ 3.19977919  4.          1.5         3.07878116  2.78170607  2.
 58.56082526 75.         10.         29.94474311 50.         47.16959201]",34,0,259.1552586555481
171,461,4620376.797563149,"[ 3.19979213  4.          1.5         3.07877236  2.78167935  2.
 58.56044565 75.         10.         29.94424295 50.         47.16944898]",4620376.797563149,"[ 3.19979213  4.          1.5         3.07877236  2.78167935  2.
 58.56044565 75.         10.         29.94424295 50.         47.16944898]",36,0,271.73412108421326
52,513,4620376.797599514,"[ 3.19978654  4.          1.5         3.07876582  2.78172226  2.
 58.56062203 75.         10.         29.94443076 50.         47.16954404]",4620376.797594954,"[ 3.19978654  4.          1.5         3.07876592  2.78172216  2.
 58.56062203 75.         10.         29.94443076 50.         47.16954404]",40,0,326.30033802986145
148,422,4620376.797630176,"[ 3.19979904  4.          1.5         3.07879224  2.78170585  2.
 58.56007365 75.         10.         29.94619557 50.         47.16952111]",4620376.797628969,"[ 3.19979904  4.          1.5         3.07879234  2.78170575  2.
 58.56007365 75.         10.         29.94619557 50.         47.16952111]",33,0,251.53316855430603
126,499,4620376.797641688,"[ 3.19980444  4.          1.5         3.07878123  2.78170173  2.
 58.55989323 75.         10.         29.94571931 50.         47.16939936]",4620376.797641688,"[ 3.19980444  4.          1.5         3.07878123  2.78170173  2.
 58.55989323 75.         10.         29.94571931 50.         47.16939936]",39,0,295.8836681842804
163,492,4620376.797647057,"[ 3.19978157  4.          1.5         3.07877337  2.78170888  2.
 58.56074448 75.         10.         29.94405422 50.         47.16975613]",4620376.797647057,"[ 3.19978157  4.          1.5         3.07877337  2.78170888  2.
 58.56074448 75.         10.         29.94405422 50.         47.16975613]",38,0,290.4864890575409
31,462,4620377.009150726,"[ 3.1998049   4.          1.5         3.07876692  2.78169869  2.0000001
 58.55991031 75.         10.         29.94496123 50.         47.16936436]",4620376.797668209,"[ 3.1998049   4.          1.5         3.07876702  2.78169869  2.
 58.55991031 75.         10.         29.94496123 50.         47.16936436]",36,0,288.8685710430145
111,431,4620376.797680104,"[ 3.1997954   4.          1.5         3.07877593  2.78174492  2.
 58.56001073 75.         10.         29.94495852 50.         47.16965712]",4620376.797680104,"[ 3.1997954   4.          1.5         3.07877593  2.78174492  2.
 58.56001073 75.         10.         29.94495852 50.         47.16965712]",34,0,256.3313751220703
164,388,4620376.797683841,"[ 3.19978545  4.          1.5         3.07876767  2.78172082  2.
 58.56060523 75.         10.         29.94370343 50.         47.16976   ]",4620376.797683841,"[ 3.19978545  4.          1.5         3.07876767  2.78172082  2.
 58.56060523 75.         10.         29.94370343 50.         47.16976   ]",30,0,228.48899102210999
154,390,4620376.797705291,"[ 3.19979928  4.          1.5         3.07878318  2.78170538  2.
 58.55977094 75.         10.         29.94539997 50.         47.16970405]",4620376.797705291,"[ 3.19979928  4.          1.5         3.07878318  2.78170538  2.
 58.55977094 75.         10.         29.94539997 50.         47.16970405]",30,0,229.07201886177063
189,505,4620376.797740922,"[ 3.19977907  4.          1.5         3.07878623  2.78171965  2.
 58.56049851 75.         10.         29.94464683 50.         47.16980908]",4620376.797740922,"[ 3.19977907  4.          1.5         3.07878623  2.78171965  2.
 58.56049851 75.         10.         29.94464683 50.         47.16980908]",39,0,358.06768560409546
104,390,4620376.797749038,"[ 3.1997987   4.          1.5         3.07877187  2.78172321  2.
 58.5601177  75.         10.         29.94475257 50.         47.16926107]",4620376.797749038,"[ 3.1997987   4.          1.5         3.07877187  2.78172321  2.
 58.5601177  75.         10.         29.94475257 50.         47.16926107]",30,0,226.21133375167847
181,449,4620377.00926788,"[ 3.1997819   4.          1.5         3.07875757  2.78169595  2.0000001
 58.56059623 75.         10.         29.94319437 50.         47.1697335 ]",4620376.797790405,"[ 3.1997819   4.          1.5         3.07875757  2.78169605  2.
 58.56059623 75.         10.         29.94319437 50.         47.1697335 ]",35,0,266.7285213470459
70,439,4620376.9859339055,"[ 3.19979324  4.          1.5         3.0787734   2.78169849  2.
 58.56006532 75.          9.9999988  29.94386743 50.         47.16961699]",4620376.797798416,"[ 3.19979324  4.          1.5         3.0787734   2.78169849  2.
 58.56006652 75.         10.         29.94386743 50.         47.16961699]",34,0,272.42578291893005
83,377,4620376.797809626,"[ 3.19979418  4.          1.5         3.07877075  2.78168391  2.
 58.5603377  75.         10.         29.94446009 50.         47.16922318]",4620376.797809626,"[ 3.19979418  4.          1.5         3.07877075  2.78168391  2.
 58.5603377  75.         10.         29.94446009 50.         47.16922318]",29,0,231.47535252571106
191,457,4620376.797824891,"[ 3.19977439  4.          1.5         3.07877082  2.78171448  2.
 58.56092592 75.         10.         29.94418269 50.         47.16974001]",4620376.797824891,"[ 3.19977439  4.          1.5         3.07877082  2.78171448  2.
 58.56092592 75.         10.         29.94418269 50.         47.16974001]",36,0,350.99513936042786
43,475,4620377.009330059,"[ 3.19978748  4.          1.5         3.07876099  2.78168834  2.0000001
 58.56052311 75.         10.         29.94338462 50.         47.1697435 ]",4620376.797848263,"[ 3.19978748  4.          1.5         3.07876099  2.78168844  2.
 58.56052311 75.         10.         29.94338462 50.         47.1697435 ]",37,0,295.8659303188324
29,435,4620376.797882668,"[ 3.19979706  4.          1.5         3.07875709  2.78167367  2.
 58.56023188 75.         10.         29.9436632  50.         47.16960698]",4620376.797882668,"[ 3.19979706  4.          1.5         3.07875709  2.78167367  2.
 58.56023188 75.         10.         29.9436632  50.         47.16960698]",34,0,270.73080706596375
92,422,4620376.797890536,"[ 3.19980244  4.          1.5         3.07874951  2.78171904  2.
 58.56007104 75.         10.         29.94390111 50.         47.16955273]",4620376.797885473,"[ 3.19980244  4.          1.5         3.07874961  2.78171894  2.
 58.56007104 75.         10.         29.94390111 50.         47.16955273]",33,0,267.1343548297882
142,416,4620376.797886603,"[ 3.19980924  4.          1.5         3.07877776  2.78169532  2.
 58.55959735 75.         10.         29.94560903 50.         47.16940448]",4620376.797886603,"[ 3.19980924  4.          1.5         3.07877776  2.78169532  2.
 58.55959735 75.         10.         29.94560903 50.         47.16940448]",32,0,242.23150992393494
112,411,4620376.797889909,"[ 3.19980028  4.          1.5         3.07878186  2.78172797  2.
 58.55972227 75.         10.         29.94534783 50.         47.16974512]",4620376.797889909,"[ 3.19980028  4.          1.5         3.07878186  2.78172797  2.
 58.55972227 75.         10.         29.94534783 50.         47.16974512]",32,0,242.0397868156433
169,546,4620376.797891094,"[ 3.19977863  4.          1.5         3.07877683  2.78169131  2.
 58.56089786 75.         10.         29.94448041 50.         47.16938322]",4620376.797891094,"[ 3.19977863  4.          1.5         3.07877683  2.78169131  2.
 58.56089786 75.         10.         29.94448041 50.         47.16938322]",42,0,318.338933467865
184,481,4620376.797893862,"[ 3.19980122  4.          1.5         3.0787736   2.78172931  2.
 58.56017966 75.         10.         29.94496965 50.         47.16926824]",4620376.797893862,"[ 3.19980122  4.          1.5         3.0787736   2.78172931  2.
 58.56017966 75.         10.         29.94496965 50.         47.16926824]",37,0,280.0244507789612
103,447,4620376.797899732,"[ 3.19979962  4.          1.5         3.07875946  2.7816913   2.
 58.56039546 75.         10.         29.94400464 50.         47.16949624]",4620376.797899732,"[ 3.19979962  4.          1.5         3.07875946  2.7816913   2.
 58.56039546 75.         10.         29.94400464 50.         47.16949624]",35,0,264.3312637805939
122,402,4620376.833427715,"[ 3.19977635  4.          1.5         3.07877804  2.78171013  2.
 58.5608339  75.         10.         29.94401022 49.9999988  47.16983077]",4620376.797905936,"[ 3.19977635  4.          1.5         3.07877804  2.78171013  2.
 58.5608339  75.         10.         29.94401142 50.         47.16983077]",31,0,234.43401646614075
101,442,4620376.797930973,"[ 3.19980885  4.          1.5         3.07877969  2.78169889  2.
 58.55988329 75.         10.         29.94531076 50.         47.16923319]",4620376.797930973,"[ 3.19980885  4.          1.5         3.07877969  2.78169889  2.
 58.55988329 75.         10.         29.94531076 50.         47.16923319]",34,0,257.62509417533875
53,506,4620376.833460935,"[ 3.19977454  4.          1.5         3.0787795   2.7817115   2.
 58.56088062 75.         10.         29.94427387 49.9999988  47.16985523]",4620376.797939493,"[ 3.19977454  4.          1.5         3.0787795   2.7817115   2.
 58.56088062 75.         10.         29.94427507 50.         47.16985523]",39,0,315.79326343536377
102,455,4620376.797943932,"[ 3.19978368  4.          1.5         3.07878029  2.78169453  2.
 58.56072564 75.         10.         29.94479009 50.         47.16925374]",4620376.797943932,"[ 3.19978368  4.          1.5         3.07878029  2.78169453  2.
 58.56072564 75.         10.         29.94479009 50.         47.16925374]",35,0,264.68994212150574
105,377,4620376.797946786,"[ 3.19978015  4.          1.5         3.07877928  2.78174751  2.
 58.56061072 75.         10.         29.94411892 50.         47.16961739]",4620376.797946786,"[ 3.19978015  4.          1.5         3.07877928  2.78174751  2.
 58.56061072 75.         10.         29.94411892 50.         47.16961739]",29,0,219.8860263824463
195,393,4620376.947136126,"[ 3.19978057  3.9999999   1.5         3.07876201  2.7817426   2.
 58.56047768 75.         10.         29.9434215  50.         47.16962338]",4620376.797967832,"[ 3.19978067  4.          1.5         3.07876201  2.7817426   2.
 58.56047768 75.         10.         29.9434215  50.         47.16962338]",31,0,299.9535722732544
167,448,4620376.798017734,"[ 3.19978918  4.          1.5         3.07874722  2.7817184   2.
 58.56056246 75.         10.         29.94357936 50.         47.16963346]",4620376.798011368,"[ 3.19978918  4.          1.5         3.07874732  2.7817183   2.
 58.56056246 75.         10.         29.94357936 50.         47.16963346]",35,0,265.25606060028076
133,423,4620377.009499679,"[ 3.19977735  4.          1.5         3.07876056  2.78169617  2.0000001
 58.56089722 75.         10.         29.94332372 50.         47.16976509]",4620376.7980245175,"[ 3.19977735  4.          1.5         3.07876056  2.78169627  2.
 58.56089722 75.         10.         29.94332372 50.         47.16976509]",33,0,250.32650518417358
143,474,4620376.798061461,"[ 3.19978506  4.          1.5         3.07877358  2.78173765  2.
 58.56053307 75.         10.         29.94451954 50.         47.16993081]",4620376.798059031,"[ 3.19978506  4.          1.5         3.07877368  2.78173755  2.
 58.56053307 75.         10.         29.94451954 50.         47.16993081]",37,0,279.9805738925934
197,418,4620376.798095895,"[ 3.19977177  4.          1.5         3.07879792  2.78170036  2.
 58.56083179 75.         10.         29.94496548 50.         47.16967381]",4620376.798095895,"[ 3.19977177  4.          1.5         3.07879792  2.78170036  2.
 58.56083179 75.         10.         29.94496548 50.         47.16967381]",33,0,318.99837040901184
121,422,4620376.798112145,"[ 3.19980763  4.          1.5         3.07878993  2.78167759  2.
 58.55969781 75.         10.         29.94612649 50.         47.16931447]",4620376.798112145,"[ 3.19980763  4.          1.5         3.07878993  2.78167759  2.
 58.55969781 75.         10.         29.94612649 50.         47.16931447]",33,0,249.53231978416443
130,462,4620377.009657534,"[ 3.19980337  4.          1.5         3.07878893  2.78169235  2.0000001
 58.56001848 75.         10.         29.94645064 50.         47.16928161]",4620376.7981758835,"[ 3.19980337  4.          1.5         3.07878903  2.78169235  2.
 58.56001848 75.         10.         29.94645064 50.         47.16928161]",36,0,275.1734838485718
5,434,4620376.7982745925,"[ 3.19977915  4.          1.5         3.07878169  2.7816785   2.
 58.56089759 75.         10.         29.94518609 50.         47.16934037]",4620376.7982745925,"[ 3.19977915  4.          1.5         3.07878169  2.7816785   2.
 58.56089759 75.         10.         29.94518609 50.         47.16934037]",34,0,277.7734286785126
87,419,4620376.947462437,"[ 3.1997983   3.9999999   1.5         3.07879395  2.78172956  2.
 58.55962807 75.         10.         29.94634046 50.         47.1696378 ]",4620376.7982934145,"[ 3.1997984   4.          1.5         3.07879395  2.78172956  2.
 58.55962807 75.         10.         29.94634046 50.         47.1696378 ]",33,0,264.4035518169403
135,465,4620376.986431276,"[ 3.19981375  4.          1.5         3.07876604  2.78170402  2.
 58.55932812 75.          9.9999988  29.94479588 50.         47.16943355]",4620376.798294542,"[ 3.19981375  4.          1.5         3.07876604  2.78170402  2.
 58.55932932 75.         10.         29.94479588 50.         47.16943355]",36,0,274.37076330184937
63,442,4620376.798310787,"[ 3.19978636  4.          1.5         3.07875971  2.78173579  2.
 58.56060872 75.         10.         29.94404789 50.         47.16927038]",4620376.798310787,"[ 3.19978636  4.          1.5         3.07875971  2.78173579  2.
 58.56060872 75.         10.         29.94404789 50.         47.16927038]",34,0,272.50265312194824
16,499,4620376.798339371,"[ 3.19979151  4.          1.5         3.07876154  2.78174132  2.
 58.56057323 75.         10.         29.94439347 50.         47.1697582 ]",4620376.798339371,"[ 3.19979151  4.          1.5         3.07876154  2.78174132  2.
 58.56057323 75.         10.         29.94439347 50.         47.1697582 ]",39,0,313.5503053665161
185,376,4620376.833901587,"[ 3.19980019  4.          1.5         3.07876319  2.78176053  2.
 58.56005187 75.         10.         29.94370501 49.9999988  47.1696244 ]",4620376.798377881,"[ 3.19980019  4.          1.5         3.07876319  2.78176053  2.
 58.56005187 75.         10.         29.94370621 50.         47.1696244 ]",29,0,219.29519867897034
51,497,4620376.947608167,"[ 3.19976776  3.9999999   1.5         3.07877518  2.78169225  2.
 58.56084683 75.         10.         29.94419328 50.         47.16991807]",4620376.798436302,"[ 3.19976786  4.          1.5         3.07877518  2.78169225  2.
 58.56084683 75.         10.         29.94419328 50.         47.16991807]",39,0,315.71994638442993
175,397,4620377.009958995,"[ 3.19979     4.          1.5         3.07876554  2.78167421  2.0000001
 58.56071955 75.         10.         29.94377449 50.         47.16974441]",4620376.798475155,"[ 3.19979     4.          1.5         3.07876554  2.78167431  2.
 58.56071955 75.         10.         29.94377449 50.         47.16974441]",31,0,235.26386880874634
60,410,4620377.009984878,"[ 3.1997865   4.          1.5         3.07881018  2.78171245  2.0000001
 58.56063445 75.         10.         29.94708645 50.         47.16949201]",4620376.798510176,"[ 3.1997865   4.          1.5         3.07881028  2.78171245  2.
 58.56063445 75.         10.         29.94708645 50.         47.16949201]",32,0,255.22419500350952
61,416,4620376.798540805,"[ 3.19979777  4.          1.5         3.07875614  2.78170754  2.
 58.56030916 75.         10.         29.94390941 50.         47.16907452]",4620376.798540805,"[ 3.19979777  4.          1.5         3.07875614  2.78170754  2.
 58.56030916 75.         10.         29.94390941 50.         47.16907452]",32,0,256.05695366859436
192,471,4620376.947718546,"[ 3.19980422  3.9999999   1.5         3.07877729  2.78171569  2.
 58.55975603 75.         10.         29.94499432 50.         47.16909283]",4620376.798547822,"[ 3.19980432  4.          1.5         3.07877729  2.78171569  2.
 58.55975603 75.         10.         29.94499432 50.         47.16909283]",37,0,356.44340991973877
188,418,4620376.79858206,"[ 3.19976674  4.          1.5         3.07877456  2.78172065  2.
 58.56129042 75.         10.         29.94393039 50.         47.16948703]",4620376.79858206,"[ 3.19976674  4.          1.5         3.07877456  2.78172065  2.
 58.56129042 75.         10.         29.94393039 50.         47.16948703]",33,0,249.74240493774414
71,441,4620376.834142262,"[ 3.19977297  4.          1.5         3.07877777  2.78170891  2.
 58.56125807 75.         10.         29.94351039 49.9999988  47.16966544]",4620376.7986196475,"[ 3.19977297  4.          1.5         3.07877777  2.78170891  2.
 58.56125807 75.         10.         29.9435116  50.         47.16966544]",34,0,272.3766348361969
190,436,4620377.010121692,"[ 3.1998031   4.          1.5         3.07875309  2.78170032  2.0000001
 58.5598373  75.         10.         29.94502246 50.         47.16931635]",4620376.798635262,"[ 3.1998031   4.          1.5         3.07875319  2.78170032  2.
 58.5598373  75.         10.         29.94502246 50.         47.16931635]",34,0,327.0277831554413
141,437,4620376.798656714,"[ 3.19979425  4.          1.5         3.07874748  2.78171938  2.
 58.55999323 75.         10.         29.94238633 50.         47.16973137]",4620376.798656714,"[ 3.19979425  4.          1.5         3.07874748  2.78171938  2.
 58.55999323 75.         10.         29.94238633 50.         47.16973137]",34,0,260.15136981010437
8,421,4620376.79869934,"[ 3.19978697  4.          1.5         3.07872656  2.78169573  2.
 58.56042199 75.         10.         29.94239631 50.         47.16959792]",4620376.79869934,"[ 3.19978697  4.          1.5         3.07872656  2.78169573  2.
 58.56042199 75.         10.         29.94239631 50.         47.16959792]",33,0,281.4779124259949
23,397,4620377.010251798,"[ 3.19979453  4.          1.5         3.07876201  2.78173179  2.0000001
 58.55985375 75.         10.         29.94431966 50.         47.17005313]",4620376.798765741,"[ 3.19979453  4.          1.5         3.07876211  2.78173179  2.
 58.55985375 75.         10.         29.94431966 50.         47.17005313]",31,0,251.08526825904846
38,393,4620376.947935086,"[ 3.19980157  3.9999999   1.5         3.07878493  2.78171754  2.
 58.55933179 75.         10.         29.94586346 50.         47.16967855]",4620376.798767035,"[ 3.19980167  4.          1.5         3.07878493  2.78171754  2.
 58.55933179 75.         10.         29.94586346 50.         47.16967855]",31,0,248.3915684223175
187,439,4620376.986919732,"[ 3.19980419  4.          1.5         3.0787838   2.78172752  2.
 58.55954662 75.          9.9999988  29.94594142 50.         47.1699118 ]",4620376.798783739,"[ 3.19980419  4.          1.5         3.0787838   2.78172752  2.
 58.55954782 75.         10.         29.94594142 50.         47.1699118 ]",34,0,257.8749907016754
157,356,4620376.79885873,"[ 3.19977805  4.          1.5         3.07878689  2.78169628  2.
 58.56052809 75.         10.         29.9453875  50.         47.17009347]",4620376.79885873,"[ 3.19977805  4.          1.5         3.07878689  2.78169628  2.
 58.56052809 75.         10.         29.9453875  50.         47.17009347]",28,0,212.18781638145447
96,442,4620376.798883713,"[ 3.19979545  4.          1.5         3.0788103   2.78168338  2.
 58.56025506 75.         10.         29.9463004  50.         47.16908347]",4620376.798883713,"[ 3.19979545  4.          1.5         3.0788103   2.78168338  2.
 58.56025506 75.         10.         29.9463004  50.         47.16908347]",34,0,266.772926568985
73,425,4620376.85898042,"[ 3.19981589  4.          1.5         3.07879445  2.78168914  2.
 58.55921173 74.9999988  10.         29.94663292 50.         47.16937997]",4620376.798893669,"[ 3.19981589  4.          1.5         3.07879445  2.78168914  2.
 58.55921293 75.         10.         29.94663292 50.         47.16937997]",33,0,264.1562867164612
139,421,4620376.798951025,"[ 3.19979401  4.          1.5         3.07877303  2.78170418  2.
 58.56082159 75.         10.         29.94486457 50.         47.16914042]",4620376.798951025,"[ 3.19979401  4.          1.5         3.07877303  2.78170418  2.
 58.56082159 75.         10.         29.94486457 50.         47.16914042]",33,0,251.1301941871643
200,481,4620376.798967366,"[ 3.19981095  4.          1.5         3.07877689  2.78169385  2.
 58.56001063 75.         10.         29.94569684 50.         47.16901169]",4620376.798967366,"[ 3.19981095  4.          1.5         3.07877689  2.78169385  2.
 58.56001063 75.         10.         29.94569684 50.         47.16901169]",37,0,358.7951982021332
56,396,4620376.799014672,"[ 3.19980559  4.          1.5         3.07875825  2.78173079  2.
 58.55990204 75.         10.         29.94502967 50.         47.16984687]",4620376.799006479,"[ 3.19980559  4.          1.5         3.07875835  2.78173069  2.
 58.55990204 75.         10.         29.94502967 50.         47.16984687]",31,0,251.16142749786377
26,454,4620376.834615061,"[ 3.19976789  4.          1.5         3.07879025  2.78173236  2.
 58.56148988 75.         10.         29.94450569 49.9999988  47.16965308]",4620376.799092763,"[ 3.19976789  4.          1.5         3.07879025  2.78173236  2.
 58.56148988 75.         10.         29.94450689 50.         47.16965308]",35,0,280.45749711990356
42,392,4620376.799199,"[ 3.19978932  4.          1.5         3.07876262  2.78176319  2.
 58.5599554  75.         10.         29.94326584 50.         47.169898  ]",4620376.799199,"[ 3.19978932  4.          1.5         3.07876262  2.78176319  2.
 58.5599554  75.         10.         29.94326584 50.         47.169898  ]",31,0,248.64788436889648
24,439,4620376.987353507,"[ 3.19981537  4.          1.5         3.07878024  2.78171802  2.
 58.55900849 75.          9.9999988  29.94545358 50.         47.16953638]",4620376.799207369,"[ 3.19981537  4.          1.5         3.07878024  2.78171802  2.
 58.55900969 75.         10.         29.94545358 50.         47.16953638]",34,0,272.3857502937317
88,422,4620376.7992396485,"[ 3.1997719   4.          1.5         3.07879209  2.78169218  2.
 58.56113587 75.         10.         29.94621232 50.         47.16956328]",4620376.799233731,"[ 3.1997719   4.          1.5         3.07879219  2.78169208  2.
 58.56113587 75.         10.         29.94621232 50.         47.16956328]",33,0,264.69006299972534
199,416,4620376.799261365,"[ 3.19978516  4.          1.5         3.07881457  2.7816982   2.
 58.56085523 75.         10.         29.94615729 50.         47.16912506]",4620376.799261365,"[ 3.19978516  4.          1.5         3.07881457  2.7816982   2.
 58.56085523 75.         10.         29.94615729 50.         47.16912506]",32,0,311.32460045814514
172,486,4620376.799285706,"[ 3.19978157  4.          1.5         3.07874977  2.78171158  2.
 58.5603963  75.         10.         29.94457438 50.         47.16988733]",4620376.799285706,"[ 3.19978157  4.          1.5         3.07874977  2.78171158  2.
 58.5603963  75.         10.         29.94457438 50.         47.16988733]",38,0,290.72376322746277
81,473,4620376.799319987,"[ 3.19978417  4.          1.5         3.07876152  2.78170055  2.
 58.56048511 75.         10.         29.94379304 50.         47.17019076]",4620376.799319987,"[ 3.19978417  4.          1.5         3.07876152  2.78170055  2.
 58.56048511 75.         10.         29.94379304 50.         47.17019076]",37,0,295.53706216812134
124,403,4620376.799356932,"[ 3.19980977  4.          1.5         3.07880417  2.78173252  2.
 58.55982245 75.         10.         29.94574634 50.         47.16915315]",4620376.799356932,"[ 3.19980977  4.          1.5         3.07880417  2.78173252  2.
 58.55982245 75.         10.         29.94574634 50.         47.16915315]",31,0,235.63122606277466
55,462,4620377.010876066,"[ 3.19982662  4.          1.5         3.07876666  2.78170638  2.0000001
 58.55902034 75.         10.         29.94541654 50.         47.16951697]",4620376.799384136,"[ 3.19982662  4.          1.5         3.07876676  2.78170638  2.
 58.55902034 75.         10.         29.94541654 50.         47.16951697]",36,0,290.6494598388672
110,346,4620376.799611509,"[ 3.19981353  4.          1.5         3.07877866  2.78176278  2.
 58.55916166 75.         10.         29.94581249 50.         47.16941835]",4620376.799611509,"[ 3.19981353  4.          1.5         3.07877866  2.78176278  2.
 58.55916166 75.         10.         29.94581249 50.         47.16941835]",27,0,202.94039797782898
35,447,4620376.799639993,"[ 3.19981147  4.          1.5         3.07875619  2.78174471  2.
 58.55927033 75.         10.         29.9454537  50.         47.16963379]",4620376.799639993,"[ 3.19981147  4.          1.5         3.07875619  2.78174471  2.
 58.55927033 75.         10.         29.9454537  50.         47.16963379]",35,0,281.2002007961273
118,445,4620376.948817711,"[ 3.1997829   3.9999999   1.5         3.07873367  2.78173239  2.
 58.56031416 75.         10.         29.9414467  50.         47.16950506]",4620376.79964326,"[ 3.199783    4.          1.5         3.07873367  2.78173239  2.
 58.56031416 75.         10.         29.9414467  50.         47.16950506]",35,0,264.9277226924896
39,444,4620376.799655123,"[ 3.19977829  4.          1.5         3.07882582  2.78176051  2.
 58.56070634 75.         10.         29.94674589 50.         47.16944151]",4620376.799655123,"[ 3.19977829  4.          1.5         3.07882582  2.78176051  2.
 58.56070634 75.         10.         29.94674589 50.         47.16944151]",35,0,280.8094787597656
100,442,4620376.799660062,"[ 3.19977542  4.          1.5         3.07880469  2.78172008  2.
 58.5610498  75.         10.         29.94572447 50.         47.16908344]",4620376.799660062,"[ 3.19977542  4.          1.5         3.07880469  2.78172008  2.
 58.5610498  75.         10.         29.94572447 50.         47.16908344]",34,0,256.9279463291168
40,409,4620376.79967516,"[ 3.1997646   4.          1.5         3.07879282  2.78174385  2.
 58.56149695 75.         10.         29.94543029 50.         47.16950986]",4620376.799670112,"[ 3.1997646   4.          1.5         3.07879292  2.78174375  2.
 58.56149695 75.         10.         29.94543029 50.         47.16950986]",32,0,256.69070267677307
194,431,4620376.799684402,"[ 3.19975749  4.          1.5         3.07877191  2.78172885  2.
 58.56160986 75.         10.         29.94319904 50.         47.16953828]",4620376.799684402,"[ 3.19975749  4.          1.5         3.07877191  2.78172885  2.
 58.56160986 75.         10.         29.94319904 50.         47.16953828]",34,0,328.21917605400085
69,478,4620376.987879034,"[ 3.19981483  4.          1.5         3.07877132  2.78172176  2.
 58.55890421 75.          9.9999988  29.94525801 50.         47.16973936]",4620376.799732224,"[ 3.19981483  4.          1.5         3.07877132  2.78172176  2.
 58.55890541 75.         10.         29.94525801 50.         47.16973936]",37,0,296.95994091033936
176,392,4620376.799735364,"[ 3.19977397  4.          1.5         3.07878708  2.78178877  2.
 58.56091662 75.         10.         29.94519318 50.         47.16947957]",4620376.799735364,"[ 3.19977397  4.          1.5         3.07878708  2.78178877  2.
 58.56091662 75.         10.         29.94519318 50.         47.16947957]",31,0,236.15588688850403
2,367,4620376.948915165,"[ 3.19979857  3.9999999   1.5         3.07881166  2.78163548  2.
 58.55976334 75.         10.         29.9464784  50.         47.16936851]",4620376.799741454,"[ 3.19979867  4.          1.5         3.07881166  2.78163548  2.
 58.55976334 75.         10.         29.9464784  50.         47.16936851]",29,0,218.00236797332764
120,345,4620377.011243432,"[ 3.19981923  4.          1.5         3.07874064  2.78171724  2.0000001
 58.55943974 75.         10.         29.94415389 50.         47.16907521]",4620376.799758641,"[ 3.19981923  4.          1.5         3.07874074  2.78171724  2.
 58.55943974 75.         10.         29.94415389 50.         47.16907521]",27,0,204.98012328147888
45,408,4620376.799867616,"[ 3.1997836   4.          1.5         3.07879201  2.78174273  2.
 58.56047193 75.         10.         29.94639922 50.         47.17013063]",4620376.799867616,"[ 3.1997836   4.          1.5         3.07879201  2.78174273  2.
 58.56047193 75.         10.         29.94639922 50.         47.17013063]",32,0,257.0155985355377
183,392,4620376.799870026,"[ 3.1997669   4.          1.5         3.07877345  2.78177321  2.
 58.56116176 75.         10.         29.94349102 50.         47.16944035]",4620376.799870026,"[ 3.1997669   4.          1.5         3.07877345  2.78177321  2.
 58.56116176 75.         10.         29.94349102 50.         47.16944035]",31,0,236.0542221069336
114,377,4620376.800009211,"[ 3.19979138  4.          1.5         3.07877291  2.78169872  2.
 58.56072123 75.         10.         29.9447342  50.         47.16883278]",4620376.800009211,"[ 3.19979138  4.          1.5         3.07877291  2.78169872  2.
 58.56072123 75.         10.         29.9447342  50.         47.16883278]",29,0,218.33446407318115
91,318,4620376.800031719,"[ 3.19980367  4.          1.5         3.07879243  2.78161266  2.
 58.55999161 75.         10.         29.94636524 50.         47.16927684]",4620376.800031719,"[ 3.19980367  4.          1.5         3.07879243  2.78161266  2.
 58.55999161 75.         10.         29.94636524 50.         47.16927684]",25,0,202.34586453437805
64,462,4620377.011607189,"[ 3.19976928  4.          1.5         3.0787352   2.78173269  2.0000001
 58.56123625 75.         10.         29.94295404 50.         47.16948096]",4620376.800127931,"[ 3.19976928  4.          1.5         3.0787353   2.78173269  2.
 58.56123625 75.         10.         29.94295404 50.         47.16948096]",36,0,288.2531111240387
95,411,4620376.800184793,"[ 3.1998136   4.          1.5         3.07877677  2.78166613  2.
 58.55915419 75.         10.         29.94501365 50.         47.16989203]",4620376.800184793,"[ 3.1998136   4.          1.5         3.07877677  2.78166613  2.
 58.55915419 75.         10.         29.94501365 50.         47.16989203]",32,0,256.9394919872284
113,403,4620376.800244418,"[ 3.19980655  4.          1.5         3.07877588  2.78170207  2.
 58.56031385 75.         10.         29.94460376 50.         47.16877739]",4620376.800244418,"[ 3.19980655  4.          1.5         3.07877588  2.78170207  2.
 58.56031385 75.         10.         29.94460376 50.         47.16877739]",31,0,233.39275312423706
77,393,4620376.949423221,"[ 3.19978684  3.9999999   1.5         3.07882706  2.78169386  2.
 58.56014889 75.         10.         29.94789334 50.         47.17002442]",4620376.800254641,"[ 3.19978694  4.          1.5         3.07882706  2.78169386  2.
 58.56014889 75.         10.         29.94789334 50.         47.17002442]",31,0,247.91772031784058
97,419,4620376.949712879,"[ 3.19980881  3.9999999   1.5         3.07876506  2.78167266  2.
 58.55897238 75.         10.         29.94554981 50.         47.1698048 ]",4620376.800542771,"[ 3.19980891  4.          1.5         3.07876506  2.78167266  2.
 58.55897238 75.         10.         29.94554981 50.         47.1698048 ]",33,0,250.04253315925598
11,357,4620376.800644736,"[ 3.19978654  4.          1.5         3.07881953  2.78163204  2.
 58.56096672 75.         10.         29.9468082  50.         47.16924416]",4620376.800644736,"[ 3.19978654  4.          1.5         3.07881953  2.78163204  2.
 58.56096672 75.         10.         29.9468082  50.         47.16924416]",28,0,238.79541087150574
59,384,4620377.012150174,"[ 3.19976556  4.          1.5         3.07878371  2.78162232  2.0000001
 58.56145734 75.         10.         29.94429531 50.         47.16948739]",4620376.800681246,"[ 3.19976556  4.          1.5         3.07878371  2.78162242  2.
 58.56145734 75.         10.         29.94429531 50.         47.16948739]",30,0,242.39020895957947
132,483,4620376.800840036,"[ 3.19975132  4.          1.5         3.0787877   2.78172036  2.
 58.56204213 75.         10.         29.9437679  50.         47.16960208]",4620376.800840036,"[ 3.19975132  4.          1.5         3.0787877   2.78172036  2.
 58.56204213 75.         10.         29.9437679  50.         47.16960208]",38,0,288.7700879573822
72,406,4620376.950056935,"[ 3.19979028  3.9999999   1.5         3.07879353  2.78179283  2.
 58.5601885  75.         10.         29.94535393 50.         47.16912908]",4620376.800882425,"[ 3.19979038  4.          1.5         3.07879353  2.78179283  2.
 58.5601885  75.         10.         29.94535393 50.         47.16912908]",32,0,257.41287088394165
18,484,4620376.950162125,"[ 3.19975692  3.9999999   1.5         3.07873864  2.78168617  2.
 58.56158205 75.         10.         29.94104243 50.         47.16962772]",4620376.800989903,"[ 3.19975702  4.          1.5         3.07873864  2.78168617  2.
 58.56158205 75.         10.         29.94104243 50.         47.16962772]",38,0,302.5046043395996
6,428,4620376.836822619,"[ 3.19976278  4.          1.5         3.07875576  2.78179009  2.
 58.56158847 75.         10.         29.94234474 49.9999988  47.16986844]",4620376.801298934,"[ 3.19976278  4.          1.5         3.07875576  2.78179009  2.
 58.56158847 75.         10.         29.94234595 50.         47.16986844]",33,0,279.00164771080017
78,471,4620376.950648431,"[ 3.19981029  3.9999999   1.5         3.07878268  2.78180743  2.
 58.55935377 75.         10.         29.94608888 50.         47.1692944 ]",4620376.801478762,"[ 3.19981039  4.          1.5         3.07878268  2.78180743  2.
 58.55935377 75.         10.         29.94608888 50.         47.1692944 ]",37,0,295.80344414711
155,427,4620376.801502645,"[ 3.19977608  4.          1.5         3.07877034  2.78179982  2.
 58.56142953 75.         10.         29.94346799 50.         47.16980728]",4620376.801502645,"[ 3.19977608  4.          1.5         3.07877034  2.78179982  2.
 58.56142953 75.         10.         29.94346799 50.         47.16980728]",33,0,251.71745443344116
22,434,4620376.801573368,"[ 3.19976641  4.          1.5         3.07871902  2.78165483  2.
 58.56144892 75.         10.         29.94092532 50.         47.1695669 ]",4620376.801573368,"[ 3.19976641  4.          1.5         3.07871902  2.78165483  2.
 58.56144892 75.         10.         29.94092532 50.         47.1695669 ]",34,0,273.23763060569763
150,478,4620376.989740628,"[ 3.1998277   4.          1.5         3.07875454  2.78168012  2.
 58.55847997 75.          9.9999988  29.94469911 50.         47.16972536]",4620376.801595243,"[ 3.1998277   4.          1.5         3.07875454  2.78168012  2.
 58.55848117 75.         10.         29.94469911 50.         47.16972536]",37,0,284.0688018798828
44,409,4620376.801722495,"[ 3.1997904   4.          1.5         3.07878525  2.78157831  2.
 58.56024114 75.         10.         29.94571468 50.         47.16949402]",4620376.801722495,"[ 3.1997904   4.          1.5         3.07878525  2.78157831  2.
 58.56024114 75.         10.         29.94571468 50.         47.16949402]",32,0,256.86447978019714
49,419,4620376.950946293,"[ 3.19975031  3.9999999   1.5         3.07879622  2.78178822  2.
 58.56132275 75.         10.         29.94402525 50.         47.17004632]",4620376.801772962,"[ 3.19975041  4.          1.5         3.07879622  2.78178822  2.
 58.56132275 75.         10.         29.94402525 50.         47.17004632]",33,0,266.5276508331299
136,427,4620376.801798221,"[ 3.19976836  4.          1.5         3.07884918  2.78172522  2.
 58.5614844  75.         10.         29.94748512 50.         47.1697579 ]",4620376.801798221,"[ 3.19976836  4.          1.5         3.07884918  2.78172522  2.
 58.5614844  75.         10.         29.94748512 50.         47.1697579 ]",33,0,253.40355920791626
82,405,4620376.801904237,"[ 3.19980137  4.          1.5         3.07879567  2.78165192  2.
 58.55908607 75.         10.         29.94554021 50.         47.16992055]",4620376.801904237,"[ 3.19980137  4.          1.5         3.07879567  2.78165192  2.
 58.55908607 75.         10.         29.94554021 50.         47.16992055]",32,0,256.04145646095276
137,497,4620376.9511226835,"[ 3.19975232  3.9999999   1.5         3.07877266  2.78169702  2.
 58.56122373 75.         10.         29.94313593 50.         47.16920806]",4620376.801934745,"[ 3.19975242  4.          1.5         3.07877266  2.78169702  2.
 58.56122373 75.         10.         29.94313593 50.         47.16920806]",39,0,297.31812930107117
25,442,4620376.802173003,"[ 3.19976986  4.          1.5         3.07875239  2.78172182  2.
 58.5615846  75.         10.         29.94341861 50.         47.16894252]",4620376.802173003,"[ 3.19976986  4.          1.5         3.07875239  2.78172182  2.
 58.5615846  75.         10.         29.94341861 50.         47.16894252]",34,0,271.35073256492615
67,451,4620376.862289646,"[ 3.19981993  4.          1.5         3.07877628  2.78179432  2.
 58.55877471 74.9999988  10.         29.94517442 50.         47.16982493]",4620376.802199635,"[ 3.19981993  4.          1.5         3.07877628  2.78179432  2.
 58.55877592 75.         10.         29.94517442 50.         47.16982493]",35,0,281.52343106269836
15,393,4620376.951596977,"[ 3.19982255  3.9999999   1.5         3.07875113  2.78168426  2.
 58.55893965 75.         10.         29.94326049 50.         47.16886424]",4620376.802422119,"[ 3.19982265  4.          1.5         3.07875113  2.78168426  2.
 58.55893965 75.         10.         29.94326049 50.         47.16886424]",31,0,248.5340714454651
74,481,4620376.802923389,"[ 3.19982958  4.          1.5         3.07880043  2.78165476  2.
 58.55940214 75.         10.         29.94736368 50.         47.16858258]",4620376.802923389,"[ 3.19982958  4.          1.5         3.07880043  2.78165476  2.
 58.55940214 75.         10.         29.94736368 50.         47.16858258]",37,0,296.4867525100708
177,403,4620376.802962434,"[ 3.19978318  4.          1.5         3.07880995  2.78179948  2.
 58.56124467 75.         10.         29.94525197 50.         47.16914522]",4620376.802962434,"[ 3.19978318  4.          1.5         3.07880995  2.78179948  2.
 58.56124467 75.         10.         29.94525197 50.         47.16914522]",31,0,236.1841230392456
129,435,4620376.803291618,"[ 3.19983167  4.          1.5         3.07879477  2.7815986   2.
 58.55879953 75.         10.         29.94654008 50.         47.16904568]",4620376.803291618,"[ 3.19983167  4.          1.5         3.07879477  2.7815986   2.
 58.55879953 75.         10.         29.94654008 50.         47.16904568]",34,0,258.56461930274963
19,418,4620376.803655344,"[ 3.19979574  4.          1.5         3.07884857  2.7817225   2.
 58.55976636 75.         10.         29.94973561 50.         47.16891771]",4620376.803655344,"[ 3.19979574  4.          1.5         3.07884857  2.7817225   2.
 58.55976636 75.         10.         29.94973561 50.         47.16891771]",33,0,263.48494505882263
28,474,4620376.803680322,"[ 3.19977361  4.          1.5         3.07876289  2.78158215  2.
 58.5613501  75.         10.         29.94362608 50.         47.16983098]",4620376.803680322,"[ 3.19977361  4.          1.5         3.07876289  2.78158215  2.
 58.5613501  75.         10.         29.94362608 50.         47.16983098]",37,0,295.58707904815674
153,364,4620376.803922111,"[ 3.1998116   4.          1.5         3.07875857  2.78181846  2.
 58.55981043 75.         10.         29.94468796 50.         47.16885784]",4620376.803922111,"[ 3.1998116   4.          1.5         3.07875857  2.78181846  2.
 58.55981043 75.         10.         29.94468796 50.         47.16885784]",28,0,213.97873640060425
119,442,4620376.804121437,"[ 3.1997628   4.          1.5         3.07876579  2.78172994  2.
 58.56205012 75.         10.         29.94333004 50.         47.16886486]",4620376.804121437,"[ 3.1997628   4.          1.5         3.07876579  2.78172994  2.
 58.56205012 75.         10.         29.94333004 50.         47.16886486]",34,0,256.98335337638855
75,416,4620376.804383031,"[ 3.19983363  4.          1.5         3.07871518  2.78169635  2.
 58.55822631 75.         10.         29.94297252 50.         47.16911251]",4620376.804383031,"[ 3.19983363  4.          1.5         3.07871518  2.78169635  2.
 58.55822631 75.         10.         29.94297252 50.         47.16911251]",32,0,255.84550261497498
178,418,4620376.804667425,"[ 3.19975256  4.          1.5         3.07883806  2.78163517  2.
 58.56148329 75.         10.         29.94655439 50.         47.16905606]",4620376.804667425,"[ 3.19975256  4.          1.5         3.07883806  2.78163517  2.
 58.56148329 75.         10.         29.94655439 50.         47.16905606]",33,0,251.46155714988708
149,354,4620376.953950106,"[ 3.19979908  3.9999999   1.5         3.07873788  2.78176569  2.
 58.55982618 75.         10.         29.94220688 50.         47.16867917]",4620376.804767006,"[ 3.19979918  4.          1.5         3.07873788  2.78176569  2.
 58.55982618 75.         10.         29.94220688 50.         47.16867917]",28,0,210.82499766349792
32,457,4620376.804926775,"[ 3.19977888  4.          1.5         3.07884699  2.78170577  2.
 58.56028613 75.         10.         29.95065696 50.         47.16936326]",4620376.804926775,"[ 3.19977888  4.          1.5         3.07884699  2.78170577  2.
 58.56028613 75.         10.         29.95065696 50.         47.16936326]",36,0,291.97245144844055
65,409,4620376.805127536,"[ 3.19983239  4.          1.5         3.07877852  2.78169347  2.
 58.55801301 75.         10.         29.9477978  50.         47.16971866]",4620376.805119678,"[ 3.19983239  4.          1.5         3.07877862  2.78169337  2.
 58.55801301 75.         10.         29.9477978  50.         47.16971866]",32,0,256.32089400291443
99,458,4620376.9545981875,"[ 3.1998209   3.9999999   1.5         3.07875563  2.78175722  2.
 58.55808615 75.         10.         29.94585497 50.         47.16992102]",4620376.805426712,"[ 3.199821    4.          1.5         3.07875563  2.78175722  2.
 58.55808615 75.         10.         29.94585497 50.         47.16992102]",36,0,273.4270534515381
84,410,4620377.017209181,"[ 3.19978828  4.          1.5         3.07881731  2.78153865  2.0000001
 58.5606227  75.         10.         29.94709002 50.         47.16945723]",4620376.805727349,"[ 3.19978828  4.          1.5         3.07881731  2.78153875  2.
 58.5606227  75.         10.         29.94709002 50.         47.16945723]",32,0,255.36513209342957
140,384,4620377.018676499,"[ 3.1997688   4.          1.5         3.07881866  2.78152937  2.0000001
 58.56121285 75.         10.         29.94613314 50.         47.16940611]",4620376.807206067,"[ 3.1997688   4.          1.5         3.07881866  2.78152947  2.
 58.56121285 75.         10.         29.94613314 50.         47.16940611]",30,0,229.05220890045166
33,455,4620376.807878022,"[ 3.19974726  4.          1.5         3.07880843  2.78178008  2.
 58.56242705 75.         10.         29.9430542  50.         47.16919696]",4620376.807878022,"[ 3.19974726  4.          1.5         3.07880843  2.78178008  2.
 58.56242705 75.         10.         29.9430542  50.         47.16919696]",35,0,281.9538209438324
3,436,4620377.021728889,"[ 3.19978808  4.          1.5         3.07868567  2.78161505  2.0000001
 58.56125937 75.         10.         29.94115014 50.         47.16859425]",4620376.810248968,"[ 3.19978808  4.          1.5         3.07868577  2.78161505  2.
 58.56125937 75.         10.         29.94115014 50.         47.16859425]",34,0,255.04001450538635
158,386,4620376.873120761,"[ 3.19982434  4.          1.5         3.0787022   2.78187524  2.
 58.55854277 74.9999988  10.         29.94157351 50.         47.17040726]",4620376.813033051,"[ 3.19982434  4.          1.5         3.0787022   2.78187524  2.
 58.55854397 75.         10.         29.94157351 50.         47.17040726]",30,0,228.2166268825531
93,436,4620377.02649852,"[ 3.19976438  4.          1.5         3.07873022  2.78166692  2.0000001
 58.56043047 75.         10.         29.94631834 50.         47.17036833]",4620376.814992212,"[ 3.19976438  4.          1.5         3.07873032  2.78166692  2.
 58.56043047 75.         10.         29.94631834 50.         47.17036833]",34,0,272.5508906841278
34,486,4620376.816045333,"[ 3.19978614  4.          1.5         3.07862412  2.7816659   2.
 58.56126822 75.         10.         29.93639709 50.         47.17028042]",4620376.816045333,"[ 3.19978614  4.          1.5         3.07862412  2.7816659   2.
 58.56126822 75.         10.         29.93639709 50.         47.17028042]",38,0,304.33341121673584
152,328,4620376.9652737295,"[ 3.19971123  3.9999999   1.5         3.07885424  2.78171359  2.
 58.56366059 75.         10.         29.94842391 50.         47.1694679 ]",4620376.816101797,"[ 3.19971133  4.          1.5         3.07885424  2.78171359  2.
 58.56366059 75.         10.         29.94842391 50.         47.1694679 ]",26,0,199.48400139808655
58,479,4620376.816778129,"[ 3.19974899  4.          1.5         3.07879833  2.78174022  2.
 58.56353591 75.         10.         29.94246279 50.         47.17020833]",4620376.816778129,"[ 3.19974899  4.          1.5         3.07879833  2.78174022  2.
 58.56353591 75.         10.         29.94246279 50.         47.17020833]",37,0,298.8834722042084
62,449,4620377.028730927,"[ 3.19983312  4.          1.5         3.07871102  2.78152405  2.0000001
 58.55798216 75.         10.         29.94219047 50.         47.17008955]",4620376.817225184,"[ 3.19983312  4.          1.5         3.07871102  2.78152415  2.
 58.55798216 75.         10.         29.94219047 50.         47.17008955]",35,0,280.8698306083679
66,408,4620376.8196819825,"[ 3.19980005  4.          1.5         3.07875561  2.78194709  2.
 58.55897519 75.         10.         29.94446558 50.         47.17090929]",4620376.8196819825,"[ 3.19980005  4.          1.5         3.07875561  2.78194709  2.
 58.55897519 75.         10.         29.94446558 50.         47.17090929]",32,0,257.1666340827942
173,474,4620376.825988189,"[ 3.19977383  4.          1.5         3.07882655  2.78139643  2.
 58.56127641 75.         10.         29.94750536 50.         47.16967544]",4620376.825988189,"[ 3.19977383  4.          1.5         3.07882655  2.78139643  2.
 58.56127641 75.         10.         29.94750536 50.         47.16967544]",37,0,281.75998878479004
76,514,4620377.03809522,"[ 3.19981861  4.          1.5         3.07891477  2.78158218  2.0000001
 58.5587912  75.         10.         29.95306651 50.         47.17075543]",4620376.826585864,"[ 3.19981861  4.          1.5         3.07891477  2.78158228  2.
 58.5587912  75.         10.         29.95306651 50.         47.17075543]",40,0,320.3431885242462
